item,V1,V2,V3,V4,V5,Title,Artist,Style,Genre,Media,piclink,imglink,ID
1,3.787397658703131,-2.1058849450111112,1.4876851680456782,-0.5481656805341656,-3.352715635477592,Horse Attacked by a Lion,George Stubbs,Romanticism,wildlife painting,"oil, canvas",https://www.wikiart.org/en/george-stubbs/horse-attacked-by-a-lion,https://uploads8.wikiart.org/images/george-stubbs/horse-attacked-by-a-lion.jpg,1
10,6.705814943246406,0.8813219137950279,2.4400228583291748,1.6316709608949804,-1.1373261143909377,The Eildon Hills and the Tweed,James Ward,Romanticism,landscape,"oil, canvas",https://www.wikiart.org/en/james-ward/the-eildon-hills-and-the-tweed-1807,https://uploads8.wikiart.org/images/james-ward/the-eildon-hills-and-the-tweed-1807.jpg,10
100,-5.164538321728895,-0.9906572485128153,2.7402708233663042,-1.0854486379246864,4.622755144415993,Primrose,Anne Truitt,Minimalism,sculpture,sculpture,https://www.wikiart.org/en/anne-truitt/primrose-1962,https://uploads8.wikiart.org/images/anne-truitt/primrose-1962.jpg,100
101,-4.958078726856581,-6.591316771601095,-3.2724492896532555,-1.823010806903882,-1.9984843392498481,Ridiculous Portrait (Statue of Liberty),May Wilson,Pop Art,cityscape,collage,https://www.wikiart.org/en/may-wilson/ridiculous-portrait-statue-of-liberty-1972,https://uploads8.wikiart.org/images/may-wilson/ridiculous-portrait-statue-of-liberty-1972.jpg,101
102,-5.243320742533032,-0.7097293769626974,1.2268687147528374,-5.860957823795927,-2.6965964102917654,Enriched Bread,Corita Kent,Pop Art,figurative,"Screenprint, canvas",https://www.wikiart.org/en/corita-kent/enriched-bread-1965,https://uploads0.wikiart.org/00333/images/corita-kent/enriched-bread-1965.jpg,102
103,1.1045536137946959,-0.5723248389479139,5.015751992583856,-1.6881673268752235,0.9081208482471669,"Pies, Pies, Pies",Wayne Thiebaud,Pop Art,still life,"oil, canvas",https://www.wikiart.org/en/wayne-thiebaud/pies-pies-pies-1961,https://uploads8.wikiart.org/images/wayne-thiebaud/pies-pies-pies-1961.jpg,103
104,-3.919700657559225,0.8495214365967914,-1.6461853078832624,-3.233262333651589,-1.7868528641149988,Self-Portrait,Richard Hamilton,Pop Art,self-portrait,screenprint,https://www.wikiart.org/en/richard-hamilton/self-portrait-1967,https://uploads8.wikiart.org/images/richard-hamilton/self-portrait-1967.jpg,104
105,2.9876561166975883,1.828182881298849,-0.8025259176421505,-2.6043609328525603,-1.2951087272183925,In the car,Roy Lichtenstein,Pop Art,genre painting,"magna, canvas",https://www.wikiart.org/en/roy-lichtenstein/in-the-car-1963,https://uploads5.wikiart.org/images/roy-lichtenstein/in-the-car-1963(1).jpg,105
106,-4.791309203632699,-0.28317468527600037,1.2619332585933305,0.8826386285184086,-0.6203341007339884,Exclamation Point (Chartreuse),Richard Artschwager,Pop Art,installation,fabric,https://www.wikiart.org/en/richard-artschwager/exclamation-point-chartreuse-2008,https://uploads6.wikiart.org/images/richard-artschwager/exclamation-point-chartreuse-2008.jpg!Large.jpg,106
107,0.4574588054176474,-3.3745647678551056,-0.8765754972027756,0.004566917095777027,2.932013266670878,God/Dog,Stanley Pinker,Pop Art,animal painting,"oil, canvas",https://www.wikiart.org/en/stanley-pinker/god-dog,https://uploads8.wikiart.org/images/stanley-pinker/god-dog.jpg,107
108,-3.18904034364464,-1.6502625407642173,4.0183733598466596,0.11935481350696679,1.2357132329718923,Micron salon doloricida,Gianfranco Baruchello,Pop Art,installation,wood,https://www.wikiart.org/en/gianfranco-baruchello/micron-salon-doloricida-1962,https://uploads8.wikiart.org/images/gianfranco-baruchello/micron-salon-doloricida-1962.jpg,108
109,-1.406274694935666,-5.937153063626571,-7.794673284169805,1.023269794938251,-2.8774279953451845,Loose woman 2,Sergei Parajanov,Pop Art,symbolic painting,collage,https://www.wikiart.org/en/sergei-parajanov/loose-woman-2-19888,https://uploads6.wikiart.org/images/sergei-parajanov/loose-woman-2-1988.jpg!Large.jpg,109
11,6.196670341563672,5.65910179086656,3.9673512542022693,2.666379427321064,2.533974109286581,"Impression, sunrise",Claude Monet,Impressionism,cityscape,"oil, canvas",https://www.wikiart.org/en/claude-monet/impression-sunrise,https://uploads8.wikiart.org/images/claude-monet/impression-sunrise.jpg,11
110,-1.8221713134267965,-2.9209521899601785,2.827391347366598,-1.068443703003755,0.3816452542986631,Benz Racing Car,Andy Warhol,Pop Art,still life,collage,https://www.wikiart.org/en/andy-warhol/benz-racing-car,https://uploads7.wikiart.org/images/andy-warhol/benz-racing-car.jpg!Large.jpg,110
111,3.0837318843807062,-2.2670876206649915,-4.334749655075975,-0.42484675007817224,-1.5431231290351937,The Ancient of Days,William Blake,Symbolism,illustration,watercolor,https://www.wikiart.org/en/william-blake/the-ancient-of-days-1794,https://uploads8.wikiart.org/images/william-blake/the-ancient-of-days-1794.jpg,111
112,0.5536933604478392,-2.124425635937485,-3.737342746999008,2.4506026397226477,-1.360963215752801,Marine Terrace with initials,Victor Hugo,Symbolism,figurative,"oil, canvas",https://www.wikiart.org/en/victor-hugo/marine-terrace-with-initials-1855,https://uploads8.wikiart.org/images/victor-hugo/marine-terrace-with-initials-1855.jpg,112
113,2.3555330182856964,-2.2697619716113726,-1.092150744989709,4.470422120631226,1.8399597578626634,The Poor Fisherman,Pierre Puvis de Chavannes,Symbolism,genre painting,"oil, canvas",https://www.wikiart.org/en/pierre-puvis-de-chavannes/the-poor-fisherman,https://uploads8.wikiart.org/images/pierre-puvis-de-chavannes/the-poor-fisherman.jpg,113
114,3.4907645349236223,-4.099185157005592,-1.3204830593692156,1.2733483283852103,-2.0379535089359764,Oedipus and the Sphinx,Gustave Moreau,Symbolism,Mythological painting,"oil, canvas",https://www.wikiart.org/en/gustave-moreau/the-sphinx-1864,https://uploads8.wikiart.org/images/gustave-moreau/the-sphinx-1864.jpg,114
115,3.0752873315332554,-4.623147589952269,2.3909230985497008,-5.014470610818977,-1.8466396288912998,Christ and the two Marys,William Holman Hunt,Symbolism,Religious painting,"oil, canvas",https://www.wikiart.org/en/william-holman-hunt/christ-and-the-two-marys,https://uploads8.wikiart.org/images/william-holman-hunt/christ-and-the-two-marys.jpg,115
116,4.747433647361897,1.6992118459165049,0.31021217783888005,1.956071843420099,1.0839729674586809,The Isle of the Dead,Arnold Bocklin,Symbolism,allegorical painting,"oil, panel",https://www.wikiart.org/en/arnold-bocklin/the-isle-of-the-dead-1883,https://uploads8.wikiart.org/images/arnold-b-cklin/the-isle-of-the-dead-1883.jpg!HD.jpg,116
117,0.49563034009024287,-2.5299744288197235,-4.5229964035547425,1.7554802730888783,-2.4496117363555463,Fallen Angel Looking at a Cloud,Odilon Redon,Symbolism,symbolic painting,"oil, canvas",https://www.wikiart.org/en/odilon-redon/fallen-angel-looking-at-at-cloud,https://uploads8.wikiart.org/images/odilon-redon/fallen-angel-looking-at-at-cloud.jpg,117
118,2.036701882858602,0.6029739561126217,0.6492165180767991,3.8098637496814947,-0.28033159302011085,Pegasus Departing,Albert Pinkham Ryder,Symbolism,Mythological painting,"oil, canvas",https://www.wikiart.org/en/albert-pinkham-ryder/pegasus-departing-1901,https://uploads8.wikiart.org/images/albert-pinkham-ryder/pegasus-departing-1901.jpg,118
119,3.765510362040961,-1.2132709300994693,0.7465628747308141,-0.4826529882390328,-2.9403101150662048,Fame ,Luc-Oliver Merson,Symbolism,allegorical painting,"oil, canvas",https://www.wikiart.org/en/luc-olivier-merson/fame-la-renomme-e-27-x-33-cm-1889,https://uploads8.wikiart.org/images/luc-olivier-merson/fame-la-renomme-e-27-x-33-cm-1889.jpg,119
12,6.3681474083928515,4.18174897227387,1.5940493820799508,1.1943506983209804,2.229849266460819,The Bay of Douarnenez,Eugene Boudin,Impressionism,landscape,"oil, canvas",https://www.wikiart.org/en/eugene-boudin/the-bay-of-douarnenez-1897,https://uploads8.wikiart.org/images/eugene-boudin/the-bay-of-douarnenez-1897.jpg,12
120,-2.3841652804294706,0.5671097519054453,3.0324778291746326,-0.5876167327695948,-2.436565654268595,Overall study of the life of weary,Ferdinand Hodler,Symbolism,sketch and study,"pencil, paper",https://www.wikiart.org/en/ferdinand-hodler/overall-study-of-the-life-of-weary,https://uploads8.wikiart.org/images/ferdinand-hodler/overall-study-of-the-life-of-weary.jpg,120
121,-0.20234923809086836,1.4805485724495544,-1.5990882602135812,-0.09658121634944529,-0.6487707223385182,Spring walk ,Georgy Yakulov,Cubism,genre painting,"gouache, card",https://www.wikiart.org/en/georgy-yakulov/spring-walk-1915,https://uploads8.wikiart.org/images/georgy-yakulov/spring-walk-1915.jpg,121
122,-2.220398382769123,3.855568704835441,-4.770779689219949,1.0210789021387767,-0.1623979846198294,Portrait of an Actor (Félix Barré),Jacques Vilon,Cubism,portrait,drypoint,https://www.wikiart.org/en/jacques-villon/portrait-of-an-actor-f-lix-barr-1913,https://uploads8.wikiart.org/images/jacques-villon/portrait-of-an-actor-f-lix-barr-1913.jpg,122
123,-4.324270893137041,-2.1811412387056754,-3.007034138454795,-1.9171978267012384,0.09523652689594651,Visage criant a la grande main,Julio Gonzalez,Cubism,portrait,"gouache, card",https://www.wikiart.org/en/julio-gonzalez/visage-criant-a-la-grande-main-1941,https://uploads8.wikiart.org/images/julio-gonzalez/visage-criant-a-la-grande-main-1941.jpg,123
124,-1.1060949580760626,-0.18407995336927163,-3.908160267636015,-0.30167591601252636,0.16758865923283625,Bather,Raoul Dufy,Cubism,nude painting,etching,https://www.wikiart.org/en/raoul-dufy/bather-1908,https://uploads8.wikiart.org/images/raoul-dufy/bather-1908.jpg,124
125,-2.1776389761620822,0.9223582469805663,-2.5681090187435918,1.5751881305412982e-4,2.575209123985175,Still-life with Chessboard and Pipe,Bela Kadar,Cubism,still life,"oil, canvas",https://www.wikiart.org/en/bela-kadar/still-life-with-chessboard-and-pipe-1920,https://uploads8.wikiart.org/images/bela-kadar/still-life-with-chessboard-and-pipe-1920.jpg,125
126,-2.24615230049221,1.4694233780351202,-2.4766876143451815,-3.254210823683567,2.2932842067804233,"Violin, Bottle Flowers in a Glass and Eight of Spades",Louis Marcoussis,Cubism,still life,"oil, canvas",https://www.wikiart.org/en/louis-marcoussis/violin-bottle-flowers-in-a-glass-and-eight-of-spades-1919,https://uploads8.wikiart.org/images/louis-marcoussis/violin-bottle-flowers-in-a-glass-and-eight-of-spades-1919.jpg,126
127,-1.4492726867704504,4.8928075670664795,-2.0902233381499,-0.6005522233069285,-3.4092675832922956,L'oiseau,Leopold Survage,Cubism,cityscape,"oil, canvas",https://www.wikiart.org/en/leopold-survage/l-oiseau-19155,https://uploads8.wikiart.org/images/l-opold-survage/l-oiseau-1915.jpg,127
128,-3.6694973726152655,1.7769150866533716,-0.8429783574688593,1.4527177306625916,0.8147910369343855,Le Monogramme,Maria Blanchard,Cubism,figurative,"oil, canvas",https://www.wikiart.org/en/maria-blanchard/le-monogramme-1916,https://uploads1.wikiart.org/00334/images/maria-blanchard/le-monogramme-1916.jpg!HD.jpg,128
129,-2.3337493261509965,2.467400900277693,-0.10805545457187106,-3.024340193288584,-1.156638909809044,Painting,Patrick Henry Bruce,Cubism,still life,"oil, canvas",https://www.wikiart.org/en/patrick-henry-bruce/painting-1930,https://uploads8.wikiart.org/images/patrick-henry-bruce/painting-1930.jpg,129
13,4.200992830371997,2.1850672352123675,3.377494222950464,-2.5864863368048803,0.16593427815161385,"Avenue de l'Opera, Place du Theatre Francais. Misty",Camille Pissarro,Impressionism,cityscape,"oil, canvas",https://www.wikiart.org/en/camille-pissarro/avenue-de-l-opera-place-du-theatre-francais-misty,https://uploads8.wikiart.org/images/camille-pissarro/avenue-de-l-opera-place-du-theatre-francais-misty.jpg,13
130,-1.7906493953115727,1.569979833029717,-5.209582116958361,-0.17550125471452777,-0.05152231562744021,Composition with skull,Pablo Picasso,Cubism,vanitas,"oil, canvas",https://www.wikiart.org/en/pablo-picasso/composition-with-skull-1908,https://uploads8.wikiart.org/images/pablo-picasso/composition-with-skull-1908.jpg,130
131,5.290459674877243,2.206007867379545,2.3020301572673993,-1.4796835647635709,-0.7327581615297866,A Friend in Need,Cassius Marcellus Coolidge,Kitsch,animal painting,"oil, canvas",https://www.wikiart.org/en/cassius-marcellus-coolidge/a-friend-in-need-1903,https://uploads6.wikiart.org/00257/images/cassius-marcellus-coolidge/a-friend-in-need-1903-c-m-coolidge.jpg!Large.jpg,131
132,4.010655340251419,1.7076336938045427,2.928044121703939,-2.513120851357928,-1.5104769297269394,Untitled Harrison Fisher,Harrison Fisher,Kitsch,design,"oil, canvas",https://www.wikiart.org/en/harrison-fisher/untitled-32,https://uploads8.wikiart.org/images/harrison-fisher/untitled-32.jpg,132
133,2.6260463943706487,-0.04219441690973745,-2.3896645753607997,-1.7104314171033401,1.6455167568396667,Mending the Pirate Flag,Frank Xavier Leyendecker,Kitsch,illustration,"oil, canvas",https://www.wikiart.org/en/frank-xavier-leyendecker/mending-the-pirate-flag,https://uploads1.wikiart.org/00137/images/frank-xavier-leyendecker/mending-the-pirate-flag.jpg!HalfHD.jpg,133
134,3.022485361071584,3.022536549177356,2.3821632366383403,-3.5892251214909385,-1.4932766493016219,Ducks,Jessie Arms Botke,Kitsch,wildlife painting,"oil, canvas",https://www.wikiart.org/en/jessie-arms-botke/ducks-1920,https://uploads4.wikiart.org/00307/images/jessie-arms-botke/ducks-1920.jpg!Large.jpg,134
135,3.4620970387938423,-0.8165513621934092,3.1114147071483584,1.5727063817750857,2.626691773578616,Coca Cola Springboard Girl Tin Serving Tray,Haddon Sundblom,Kitsch,advertisement,metal,https://www.wikiart.org/en/haddon-sundbloom/coca-cola-springboard-girl-tin-serving-tray-1939,https://uploads1.wikiart.org/00220/images/haddon-sundbloom/h1097-l86448450.jpg!Large.jpg,135
136,2.7621882146366636,2.5547745375750313,0.9694786866025721,1.6456716526091917,-4.494880055421334,Wind,Konrad Zuse,Kitsch,figurative,"oil, canvas",https://www.wikiart.org/en/konrad-zuse/wind-1963,https://uploads1.wikiart.org/00243/images/konrad-zuse/6332-80x55.jpg!PinterestSmall.jpg,136
137,1.0590716401980027,-0.7712882289724458,-4.676270051976777,-0.9374147749942491,0.10762791190803611,Self Portrait,Vladimir Tretchikoff,Kitsch,self-portrait,"oil, canvas",https://www.wikiart.org/en/vladimir-tretchikoff/self-portrait-1950,https://uploads5.wikiart.org/00231/images/vladimir-tretchikoff/at244945002.jpg!Portrait.jpg,137
138,2.3822916343345995,-4.799834562605709,-3.0617177307777745,6.568773183304455,-0.825627376529815,A Princess of Mars,Frank Frazette,Kitsch,illustration,"oil, canvas",https://www.wikiart.org/en/frank-frazetta/a-princess-of-mars,https://uploads8.wikiart.org/00307/images/frank-frazetta/a-princess-of-mars.jpg,138
139,2.529598232234293,-0.2332804848445133,-1.6799324976394403,0.14665340749837136,1.6552803940672371,Untitled Mahmoud Farshchian,Mahmoud Farshchian,Kitsch,figurative,"oil, canvas",https://www.wikiart.org/en/mahmoud-farshchian/untitled-8,https://uploads1.wikiart.org/00311/images/mahmoud-farshchian/c9150b9cd75fd48238dbdaff6e0f74e8.jpg!Large.jpg,139
14,3.1720512440246518,3.304897096377882,1.0433240823368406,3.716090406668392,2.005637350970386,Effect of Snow at Petit-Montrouge,Edouard Manet,Impressionism,cityscape,"oil, canvas",https://www.wikiart.org/en/edouard-manet/effect-of-snow-at-petit-montrouge-1870,https://uploads8.wikiart.org/images/edouard-manet/effect-of-snow-at-petit-montrouge-1870.jpg,14
140,7.662709048282176,2.645750942059003,3.5163169631793836,0.9177966912619666,0.25657703224407974,"San Francisco, Market Street",Thomas Kinkade,Kitsch,cityscape,"oil, canvas",https://www.wikiart.org/en/thomas-kinkade/san-francisco-market-street-1994,https://uploads8.wikiart.org/images/thomas-kinkade/san-francisco-market-street-1994.jpg,140
141,3.099386388626978,-2.7115952642937975,-0.6656838122900963,0.3238835718792296,-3.4360631549001726,The Apotheosis of St. Ignatius,Giovanni Battista Gaulli,Rococo,Religious painting,"oil, canvas",https://www.wikiart.org/en/giovanni-battista-gaulli/the-apotheosis-of-st-ignatius-1685,https://uploads0.wikiart.org/00276/images/giovanni-battista-gaulli/the-apotheosis-of-st-ignatius.jpg!Blog.jpg,141
142,2.1901920742241354,-3.890369717867379,1.049109264649364,-1.9288301693641425,-0.8102844125078891,A Gentleman in a Gold Patterned Coat and Violet-Brown Cape,Rosalba Carriera,Rococo,portrait,"oil, canvas",https://www.wikiart.org/en/rosalba-carriera/a-gentleman-in-a-gold-patterned-coat-and-violet-brown-cape-1727,https://uploads8.wikiart.org/images/rosalba-carriera/a-gentleman-in-a-gold-patterned-coat-and-violet-brown-cape-1727.jpg,142
143,3.070596600545007,-2.7660672728509157,2.0345130686518553,-0.7665213334591157,2.4134823262165974,Reception of August the Strong in the Berlin City Palaces,Antoine Pesne,Rococo,portrait,"oil, canvas",https://www.wikiart.org/en/antoine-pesne/reception-of-august-the-strong-in-the-berlin-city-palaces-1729,https://uploads8.wikiart.org/images/antoine-pesne/reception-of-august-the-strong-in-the-berlin-city-palaces-1729.jpg,143
144,3.9138002764482587,-2.8691286585775675,-3.7623431000995096,-2.151040153788974,-0.497355098953667,Le Bain De Diane,Jean-Baptiste van Loo,Rococo,Mythological painting,"oil, canvas",https://www.wikiart.org/en/jean-baptiste-van-loo/le-bain-de-diane,https://uploads6.wikiart.org/00308/images/jean-baptiste-van-loo/jean-baptiste-van-loo-le-bain-de-diane.jpg!HD.jpg,144
145,2.4405988830273593,1.0519102891004533,2.79674242108254,-1.191192981395813,-0.729963820698378,Faun,Antoine Watteau,Rococo,illustration,"oil, panel",https://www.wikiart.org/en/antoine-watteau/faun-1708,https://uploads8.wikiart.org/images/antoine-watteau/faun-1708.jpg,145
146,4.066478146274913,-1.0623833613885376,0.2497759392510243,-1.414251956255367,1.0134256127587629,Die Liebenden,Jean-Marc Nattier,Rococo,genre painting,"oil, canvas",https://www.wikiart.org/en/jean-marc-nattier/die-liebenden-1744,https://uploads8.wikiart.org/images/jean-marc-nattier/die-liebenden-1744.jpg,146
147,4.146437023806189,-2.205335455765024,-0.30680137069241664,-3.0366223945066437,0.31212294955295417,Abundance,Jean-Baptiste Oudry,Rococo,allegorical painting,"oil, canvas",https://www.wikiart.org/en/jean-baptiste-oudry/abundance-1719,https://uploads3.wikiart.org/00366/images/jean-baptiste-oudry/jean-baptiste-oudry-abundance-1719-meisterdrucke-51603.jpg!HalfHD.jpg,147
148,4.533425161845082,-2.651893872114726,-0.8602438708257831,-0.7857795542621512,0.05663230790703494,The Apotheosis of Saint Jerome with Saint Peter of Alcántara and an Unidentified Franciscan,Giambattista Pittoni,Rococo,Religious painting,"oil, canvas",https://www.wikiart.org/en/giambattista-pittoni/the-apotheosis-of-saint-jerome-with-saint-peter-of-alcantara-and-an-unidentified-franciscan-1725,https://uploads6.wikiart.org/00250/images/giambattista-pittoni/giovanni-battista-pittoni-the-apotheosis-of-saint-jerome-with-saint-peter-of-alcantara-and-an.jpg!HalfHD.jpg,148
149,5.527730095596541,-1.6616274652409924,0.29235657470292803,1.7810526896882535,-0.7021660532480849,Apotheosis of Hercules,Francois Lemoyne,Rococo,Mythological painting,"oil, canvas",https://www.wikiart.org/en/francois-lemoyne/lapotheose-dhercule,https://uploads2.wikiart.org/00308/images/francois-lemoyne/fran-ois-lemoyne-l-apoth-ose-d-hercule-google-art-project.jpg!HD.jpg,149
15,2.2879926258288035,1.9272441673257015,-0.3230884656197629,3.5722365167612797,-0.9545490305777361,Study for Mouth of the River,James McNeill Whistler,Impressionism,landscape,watercolor,https://www.wikiart.org/en/james-mcneill-whistler/study-for-mouth-of-the-river-1877,https://uploads8.wikiart.org/images/james-mcneill-whistler/study-for-mouth-of-the-river-1877.jpg,15
150,3.787819146571787,-0.5919548300374046,-1.0110887674258477,-1.6764072975612503,0.14199827639346976,"The Force of Eloquence, Bellerophon and Pegasus",Giovanni Battista Tiepolo,Rococo,allegorical painting,fresco,https://www.wikiart.org/en/giovanni-battista-tiepolo/the-force-of-eloquence-bellerophon-and-pegasus,https://uploads8.wikiart.org/images/giovanni-battista-tiepolo/the-force-of-eloquence-bellerophon-and-pegasus.jpg,150
151,-3.301714675369415,0.2125564541509026,-1.674516245010211,0.46851834251865104,-0.9060717465821929,Circle Composition,Henryk Berlewi,Op Art,abstract,ink,https://www.wikiart.org/en/henryk-berlewi/circle-composition,https://uploads8.wikiart.org/images/henryk-berlewi/circle-composition.jpg,151
152,-3.481206067563374,1.2049280433308707,-1.9271369356562407,0.7467243563563603,1.3055080663252236,Hand with Fir Cone,M.C. Escher,Op Art,illustration,ink,https://www.wikiart.org/en/m-c-escher/not_detected_204652,https://uploads8.wikiart.org/images/m-c-escher/not_detected_204652.jpg,152
153,-1.3748897421597825,2.613638417369856,-2.447872848677603,-0.6783788059345105,0.7797341557361556,Studie 406,Hans Hinterreiter,Op Art,tessellation,"oil, canvas",https://www.wikiart.org/en/hans-hinterreiter/studie-406-1937,https://uploads8.wikiart.org/images/hans-hinterreiter/studie-406-1937.jpg,153
154,-1.5795841128051085,-1.9166866683052834,-3.1653141893160184,-1.8968610596856497,-1.6407673257393949,The Chess Board,Victor Vasarely,Op Art,still life,"oil, board",https://www.wikiart.org/en/victor-vasarely/the-chess-board-1935,https://uploads8.wikiart.org/images/victor-vasarely/the-chess-board-1935.jpg,154
155,-1.9086379673499356,0.6587811788379816,0.07134449116774991,6.130463849530537,-1.345233751223962,Untitled Lothar Charoux,Lothar Charoux,Op Art,abstract,"oil, canvas",https://www.wikiart.org/en/lothar-charoux/untitled-1980,https://uploads2.wikiart.org/images/lothar-charoux/untitled-1980(1).jpg!Large.jpg,155
156,-3.9811002261457102,1.3003104034856787,-0.2671570254864308,-0.08339948385223744,-1.9429925074047953,Untitled Gego,Gego,Op Art,abstract,"pencil, paper",https://www.wikiart.org/en/gego/untitled-1966-3,https://uploads8.wikiart.org/images/gego/untitled-1966-3.jpg,156
157,-3.0913867724252837,1.548043046749967,-0.22221911678005635,1.298784370493989,-3.494672023764456,Tensioni formali da instabilità luminosa,Mario Ballocco,Op Art,abstract,"oil, canvas",https://www.wikiart.org/en/mario-ballocco/tensioni-formali-da-instabilit-luminosa-1967,https://uploads8.wikiart.org/images/mario-ballocco/tensioni-formali-da-instabilit-luminosa-1967.jpg,157
158,-4.098734906630828,-0.30066974078644265,2.3711806642917783,-1.7128454456565292,-1.6426979811261437,Atmosphère chromoplastique N° 120,Luis Tomasello,Op Art,sculpture,wood,https://www.wikiart.org/en/luis-tomasello/atmosph-re-chromoplastique-n-120-1964,https://uploads8.wikiart.org/images/luis-tomasello/atmosph-re-chromoplastique-n-120-1964.jpg,158
159,-2.292908968198535,0.4874089478724433,-0.5145360465923517,3.872572625852321,-6.390949208896438,Spazio totale,Mario Nigro,Op Art,abstract,"oil, canvas",https://www.wikiart.org/en/mario-nigro/spazio-totale-1953,https://uploads8.wikiart.org/images/mario-nigro/spazio-totale-1953.jpg,159
16,5.4397575353420455,1.867184248070669,1.8983756050825604,1.3922182947471595,1.0901035582618135,Sailing ships at dawn,Konstantinos Volanakis,Impressionism,marina,"oil, canvas",https://www.wikiart.org/en/konstantinos-volanakis/sailing-ships-at-dawn,https://uploads8.wikiart.org/images/konstantinos-volanakis/sailing-ships-at-dawn.jpg,16
160,-0.8284650377875591,4.626955683154968,-2.464697573935683,-0.9370167793145294,0.3279182645895167,Atom Cloud,Edna Andrade,Op Art,abstract,"oil, canvas",https://www.wikiart.org/en/edna-andrade/atom-cloud-1958,https://uploads8.wikiart.org/images/edna-andrade/atom-cloud-1958.jpg,160
161,-2.2952776145032545,-1.1994208516606522,-3.1308893802885644,-0.3709600162884331,3.271001234831279,Untitled (Blue Man on Red Object),Bill Traylor,Outsider art (Art brut),figurative,"pencil, cardboard",https://www.wikiart.org/en/bill-traylor/untitled-blue-man-on-red-object-1939,https://uploads8.wikiart.org/images/bill-traylor/untitled-blue-man-on-red-object-1939.jpg,161
162,2.852420446573077,4.154247844843649,1.3150765145623655,-1.337803277715152,-1.9374034614396967,Untitled,Louis Wain,Outsider art (Art brut),animal painting,"oil, canvas",https://www.wikiart.org/en/louis-wain/untitled-5,https://uploads8.wikiart.org/images/louis-wain/untitled-5.jpg,162
163,0.7108094784774687,1.2796498368320814,-3.443059213466252,0.021471625775543644,0.6116508267605886,Irren Anstalt Band Hain,Adolf Wolfli,Outsider art (Art brut),figurative,"oil, canvas",https://www.wikiart.org/en/adolf-wolfli/irren-anstalt-band-hain-1919,https://uploads4.wikiart.org/00152/images/adolf-wolfli/irren-anstalt-band-hain-1910.jpg!Large.jpg,163
164,-1.1786074202919388,0.5960997188608536,-0.39916941090318075,-0.6189529609257263,5.008429202721766,Wappen,August Natterer,Outsider art (Art brut),symbolic painting,"oil, canvas",https://www.wikiart.org/en/august-natterer/wappen,https://uploads8.wikiart.org/images/august-natterer/wappen.jpg,164
165,-3.9653664164761753,1.2538082372056714,-1.8535742430558693,1.3757358171499432,5.9208887468301565,Forêt,Louis Soutter,Outsider art (Art brut),figurative,"oil, canvas",https://www.wikiart.org/en/louis-soutter/for-t-1942,https://uploads8.wikiart.org/images/louis-soutter/for-t-1942.jpg,165
166,-2.2082454064256236,-0.26804577883163505,1.7750684561470518,-5.093945718038313,0.06202277964966309,Cotton Mill,Clementine Hunter,Outsider art (Art brut),genre painting,"oil, canvas",https://www.wikiart.org/en/clementine-hunter/cotton-mill,https://uploads7.wikiart.org/00243/images/clementine-hunter/2016-28-9.jpg!Large.jpg,166
167,-2.7312240047060197,-1.4546942975487984,-4.537797122348581,-0.9532207013765618,0.06183324696058075,Human Headed Blengins of Calverine Island Catherine Isles,Henry Darger,Outsider art (Art brut),illustration,"oil, canvas",https://www.wikiart.org/en/henry-darger/human-headed-blengins-of-calverine-island-catherine-isles,https://uploads8.wikiart.org/images/henry-darger/human-headed-blengins-of-calverine-island-catherine-isles.jpg,167
168,-2.517840544142982,-1.0303053630280812,-10.858450233152624,3.005084713411237,0.28433254146748277,The Mass Demon,Friedrich Schroder-Sonnenstern,Outsider art (Art brut),figurative,"oil, canvas",https://www.wikiart.org/en/friedrich-schroder-sonnenstern/the-mass-demon-1954,https://uploads8.wikiart.org/images/friedrich-schroder-sonnenstern/the-mass-demon-1954.jpg,168
169,-3.048910691796774,-2.800489407815628,-1.4990841271420037,-1.186709445182557,-1.6301003796535574,Atlas Building,William Hawkins,Outsider art (Art brut),cityscape,"oil, canvas",https://www.wikiart.org/en/william-hawkins/atlas-building-1979,https://uploads5.wikiart.org/00237/images/william-hawkins/screen-shot-2019-05-22-at-10-18-35-am.png!Large.png,169
17,2.4119147814306925,-3.639774685713098,-2.004821953156958,5.4863757001571605,-1.1792832195254541,Smârdan Attack,Nicolae Grigorescu,Impressionism,battle painting,"oil, canvas",https://www.wikiart.org/en/nicolae-grigorescu/sm-rdan-attack-1878,https://uploads8.wikiart.org/images/nicolae-grigorescu/sm-rdan-attack-1878.jpg,17
170,-3.131879088046343,-0.8663094304359611,-0.2554891859618284,-0.5395093040860829,3.6921411923682648,Subway,Jean Dubuffet,Outsider art (Art brut),figurative,incised ink,https://www.wikiart.org/en/jean-dubuffet/subway,https://uploads8.wikiart.org/images/jean-dubuffet/subway.jpg,170
171,-0.8229794337338014,4.12713588623577,-2.313677537486292,3.1378054545005343,-4.99265977742556,Untitled Shozo Shimamoto,Shozo Shimamoto,Art Informel,abstract,"oil, canvas",https://www.wikiart.org/en/shozo-shimamoto/unknown-title,https://uploads0.wikiart.org/images/shozo-shimamoto/unknown-title.jpg!Large.jpg,171
172,-5.445977093750684,-0.43938287678134647,-0.1849725951669956,0.40905986286641105,-0.07000104845110758,People,Se-Ok Suh,Art Informel,abstract,ink,https://www.wikiart.org/en/se-ok-suh/people,https://uploads8.wikiart.org/images/se-ok-suh/people.jpg,172
173,-6.3636078210200315,-3.1689268275266596,0.43481364395838074,-0.1963719259754503,2.050905874027014,Painting 488,Luis Feito,Art Informel,abstract,"oil, canvas",https://www.wikiart.org/en/luis-feito/painting-488,https://uploads8.wikiart.org/images/luis-feito/painting-488.jpg,173
174,-5.495125500703149,2.221439528883125,2.340059297017026,1.3834324836925858,1.75860611686445,Untitled Samuel Buri,Samuel Buri,Art Informel,abstract,lithograph,https://www.wikiart.org/en/samuel-buri/untitledd,https://uploads0.wikiart.org/images/samuel-buri/untitled.jpg!Large.jpg,174
175,-2.8242827518931266,0.5741407986613453,-2.464382692786881,4.107976327850937,-1.8666226188158455,Dizeres Intimos I,Gil Teixeira Lopes,Art Informel,abstract,"oil, canvas",https://www.wikiart.org/en/gil-teixeira-lopes/dizeres-intimos-i,https://uploads8.wikiart.org/images/gil-teixeira-lopes/dizeres-intimos-i.jpg,175
176,-4.539369018779228,0.8277971292929791,1.1169489631868468,3.5319857907618473,-0.978654064100297,Bird,Matsutani,Art Informel,abstract,"oil, canvas",https://www.wikiart.org/en/matsutani/bird,https://uploads6.wikiart.org/images/matsutani/bird(1).jpg!Large.jpg,176
177,-3.1877385633415423,4.088798215326535,1.6463403047968717,1.0112132132854987,0.2561719049330489,Ardoise,Andre-Pierre Arnal,Art Informel,abstract,"oil, canvas",https://www.wikiart.org/en/andre-pierre-arnal/ardoise,https://uploads8.wikiart.org/images/andre-pierre-arnal/ardoise.jpg,177
178,-2.6431373672135368,2.629415172154477,-4.071919706501431,-0.5180644690413005,-0.08847486819719405,Småting,Asger Jorn,Art Informel,abstract,"oil, canvas",https://www.wikiart.org/en/asger-jorn/sm-ting-1940,https://uploads8.wikiart.org/images/asger-jorn/sm-ting-1940.jpg,178
179,-4.111891011152978,-1.4730657643698732,-1.1219015713120597,5.5457238472372525,2.165911358170321,Untitled Jean Fautrier,Jean Fautrier,Art Informel,abstract,"oil, canvas",https://www.wikiart.org/en/jean-fautrier/untitled-1943,https://uploads8.wikiart.org/images/jean-fautrier/untitled-1943.jpg,179
18,6.4669412094986525,1.8644741890505578,0.33607126377613034,1.6255539863647737,2.303153873195874,"Near the Grand Canal, Venice",Martin Rico y Ortega,Impressionism,cityscape,"oil, canvas",https://www.wikiart.org/en/martin-rico/near-the-grand-canal-venice-1908,https://uploads5.wikiart.org/00290/images/martin-rico/near-the-grand-canal-venice-by-martin-rico-y-ortega-1908-oil-on-canvas-currier-museum-of-art.jpg!HD.jpg,18
180,-1.9118526296847538,2.655708860085025,-1.0719814228615825,3.077351266101386,0.2126974946154543,Sun Figures,Willi Baumeister,Art Informel,abstract,"oil, canvas",https://www.wikiart.org/en/willi-baumeister/sun-figures-1944,https://uploads8.wikiart.org/images/willi-baumeister/sun-figures-1944.jpg,180
181,1.8979220839178772,2.53412135553299,-0.3027227321824534,-0.5898047541007603,-3.5187427498861,Landscape with a Palace,Eugeniusz Zak,Art Deco,landscape,"oil, canvas",https://www.wikiart.org/en/eugeniusz-ak/landscape-with-a-palace-1916,https://uploads8.wikiart.org/images/eugeniusz-ak/landscape-with-a-palace-1916.jpg,181
182,5.175855565499623,0.7998192486092512,1.177197550585307,-1.6797462512885903,-0.309651509206588,An Elegant Young Lady with a Fur Hat by Gerda Wegener,Gerda Wegener,Art Deco,portrait,etching,https://www.wikiart.org/en/gerda-wegener/an-elegant-young-lady-with-a-fur-hat-by-gerda-wegener-1918,https://uploads7.wikiart.org/00333/images/gerda-wegener/an-elegant-young-lady-with-a-fur-hat-by-gerda-wegener-1918.jpg!HalfHD.jpg,182
183,2.622285780335398,-0.6524232555140145,-0.15072288389019875,-2.0610378844933437,-1.9082673211556216,La danseuse et les deux pigeons,Jean Dupas,Art Deco,genre painting,"oil, canvas",https://www.wikiart.org/en/jean-dupas/la-danseuse-et-les-deux-pigeons-1919,https://uploads8.wikiart.org/images/jean-dupas/la-danseuse-et-les-deux-pigeons-1919.jpg,183
184,-0.1923240509247706,-2.238998609222584,0.3269251096044516,-3.723192050718598,2.5966365596333274,Self Portrait,Archibald Motley,Art Deco,portrait,"oil, canvas",https://www.wikiart.org/en/archibald-motley/self-portrait-1920,https://uploads0.wikiart.org/00230/images/archibald-motley/self-portrait.jpg!Large.jpg,184
185,0.35721791282107823,2.945233707160841,-0.7629307724019694,-2.526972021451296,2.396909754910029,Three Women Under an Umbrella,Gerda Wegener,Art Deco,portrait,"oil, canvas",https://www.wikiart.org/en/gerda-wegener/three-women-under-an-umbrella-1920,https://uploads5.wikiart.org/00333/images/gerda-wegener/three-women-under-an-umbrella-c-1920.jpg!Portrait.jpg,185
186,-1.010352131064542,-2.157623252768967,1.7692670074235486,0.952191564736251,3.510694878295899,Au Bucheron,Cassandre,Art Deco,poster,print,https://www.wikiart.org/en/cassandre/au-bucheron-1923,https://uploads8.wikiart.org/images/cassandre/au-bucheron-1923.jpg,186
187,0.8398151134549402,-1.6970282084902553,-2.6840932411109177,-3.041192056709114,0.18061906453216867,The Judgement of Paris,Jean Dupas,Art Deco,Mythological painting,"oil, canvas",https://www.wikiart.org/en/jean-dupas/the-judgement-of-paris-1923,https://uploads1.wikiart.org/00452/images/jean-dupas/42-medium.jpg!Large.jpg,187
188,-3.3335718317577316,-0.493944914079817,-1.8026092285857915,-3.972880917876611,0.7132086324041143,Bather,Rene Magritte,Art Deco,genre painting,"oil, canvas",https://www.wikiart.org/en/rene-magritte/bather-1925,https://uploads8.wikiart.org/images/rene-magritte/bather-1925(1).jpg!Large.jpg,188
189,-2.3144203548562325,-0.7947289962659514,4.280941547014827,-1.5986178854735102,2.6349319064436205,Le Nouvelliste,Cassandre,Art Deco,poster,print,https://www.wikiart.org/en/cassandre/le-nouvelliste-1924,https://uploads8.wikiart.org/images/cassandre/le-nouvelliste-1924.jpg,189
19,1.607324201558376,1.8051226394163213,-0.5659268636035674,2.7923208213724346,1.5072218627390117,Landscape at Valery-sur-Somme,Edgar Degas,Impressionism,landscape,"oil, canvas",https://www.wikiart.org/en/edgar-degas/landscape-at-valery-sur-somme,https://uploads8.wikiart.org/images/edgar-degas/landscape-at-valery-sur-somme.jpg,19
190,0.43703405824173913,3.3648761150459907,0.20522563985383796,-1.5543626044235919,1.9453119717919096,Portrait of Marquis Sommi,Tamara de Lempicka,Art Deco,portrait,"oil, canvas",https://www.wikiart.org/en/tamara-de-lempicka/portrait-of-marquis-sommi-1925,https://uploads8.wikiart.org/images/tamara-de-lempicka/portrait-of-marquis-sommi-1925.jpg,190
191,-7.248254945740281,-0.8304634677713251,2.4381534385958146,1.1555573134589767,-1.3820076800851866,Untitled Enrico Castellani,Enrico Castellani,Spatialism,abstract,textile,https://www.wikiart.org/en/enrico-castellani/untitled,https://uploads8.wikiart.org/images/enrico-castellani/untitled.jpg,191
192,-3.6451525380731207,1.0241000029477756,3.6772599208971766,3.080303050860802,-1.2392880170252984,Verde,Agostino,Spatialism,abstract,textile,https://www.wikiart.org/en/agostino-bonalumi/verde-3000,https://uploads8.wikiart.org/images/agostino-bonalumi/verde-3000.jpg,192
193,-4.990819473822792,0.6223612288768711,1.5745277069085992,2.5155919207997,0.6942098753836302,Deposition,Lucio Fontana,Spatialism,abstract,sculpture,https://www.wikiart.org/en/lucio-fontana/deposition,https://uploads8.wikiart.org/images/lucio-fontana/deposition.jpg,193
194,-5.110591808737541,0.6994865340893015,4.893898739734133,2.992199115285472,2.697600082845923,Achrome,Piero Manzoni,Spatialism,abstract,canvas,https://www.wikiart.org/en/piero-manzoni/achrome-1958-1,https://uploads8.wikiart.org/images/piero-manzoni/achrome-1958-1.jpg,194
195,-5.101479652052265,-0.27581305911902543,3.509475673059772,0.9326537795370637,0.5036860112986425,Volume,Dadmaino,Spatialism,abstract,"oil, canvas",https://www.wikiart.org/en/dadamaino/volume-1958,https://uploads8.wikiart.org/images/dadamaino/volume-1958.jpg,195
196,-4.556290732494624,-2.176260997546894,1.1551925865987644,2.445212608380451,0.34200148927234864,Iron,Alberto Burri,Spatialism,abstract,metal,https://www.wikiart.org/en/alberto-burri/iron-1960,https://uploads8.wikiart.org/images/alberto-burri/iron-1960.jpg,196
197,-5.671439778626851,-2.129818086704744,3.0111134264359434,-0.16388021049346715,-1.7968236445842627,Volumi (blu),Paolo Scheggi,Spatialism,abstract,"oil, canvas",https://www.wikiart.org/en/paolo-scheggi/volumi-blu-1964,https://uploads8.wikiart.org/images/paolo-scheggi/volumi-blu-1964.jpg,197
198,-5.859618644180981,1.2879874081796885,2.7629524680536335,0.6464397866890803,1.4132373614304854,Dittico rosso,Enrico Castellani,Spatialism,abstract,"oil, canvas",https://www.wikiart.org/en/enrico-castellani/dittico-rosso-1966,https://uploads8.wikiart.org/images/enrico-castellani/dittico-rosso-1966.jpg,198
199,-5.5254866741899535,1.0456895253043792,3.0853049844887614,3.7911613172795957,-2.7562286283835027,Bianco,Agostino Bonalumi,Spatialism,abstract,"oil, canvas",https://www.wikiart.org/en/agostino-bonalumi/bianco-1966,https://uploads8.wikiart.org/images/agostino-bonalumi/bianco-1966.jpg,199
2,7.67058718725185,2.1950904413279724,1.5941254681307384,2.065585317695093,0.3778199746263564,Vesuvius from Posillipo,Joseph Wright,Romanticism,landscape,"oil, canvas",https://www.wikiart.org/en/joseph-wright/vesuvius-from-posillipo,https://uploads8.wikiart.org/images/joseph-wright/vesuvius-from-posillipo.jpg,2
20,4.257678433322759,2.1515335132901954,1.9978909890071508,0.8119379517928609,-2.423679010295421,In St Cloud Park,Pierre-Auguste Renoir,Impressionism,landscape,"oil, canvas",https://www.wikiart.org/en/pierre-auguste-renoir/in-st-cloud-park-1866,https://uploads8.wikiart.org/images/pierre-auguste-renoir/in-st-cloud-park-1866.jpg,20
200,-6.206524144315644,-1.4408100336620555,1.5210409478492464,0.4371577585381228,-2.484388641919987,Forme ovali al negativo,Turi Simeti,Spatialism,abstract,"oil, canvas",https://www.wikiart.org/en/turi-simeti/forme-ovali-al-negativo-1966,https://uploads8.wikiart.org/images/turi-simeti/forme-ovali-al-negativo-1966.jpg,200
21,-3.739507260069522,-3.4386763138571017,-1.041959208017249,-0.6226165188395665,1.597707386389974,Two Dancers,Christian Rohlfs,Expressionism,symbolic painting,woodcut,https://www.wikiart.org/en/christian-rohlfs/two-dancers-1913,https://uploads8.wikiart.org/images/christian-rohlfs/two-dancers-1913.jpg,21
22,5.284934606294283,3.397822025570811,2.663679604714947,4.0223909660371815,0.7316758302625708,Sunset Over the Bay of Naples,Tivadar Kosztka Csontvary,Expressionism,landscape,"oil, canvas",https://www.wikiart.org/en/tivadar-kosztka-csontvary/sunset-over-the-bay-of-naples-1901,https://uploads8.wikiart.org/images/tivadar-kosztka-csontvary/sunset-over-the-bay-of-naples-1901.jpg,22
23,3.663601355298914,-0.9347699360979063,-5.902371090184184,2.928396078628343,2.8491115566495355,Cain,Lovis Corinth,Expressionism,Religious painting,"oil, canvas",https://www.wikiart.org/en/lovis-corinth/cain-1917,https://uploads8.wikiart.org/images/lovis-corinth/cain-1917.jpg,23
24,-1.3242824206310975,0.47030943342317755,-4.522441899517816,-4.335872384087829,-1.017457667490132,Masks Mocking Death,James Ensor,Expressionism,symbolic painting,"oil, canvas",https://www.wikiart.org/en/james-ensor/masks-mocking-death-1888,https://uploads8.wikiart.org/images/james-ensor/masks-mocking-death-1888.jpg,24
25,5.359082873145511,1.5914092217157976,2.8225280480350867,1.3792151964480401,0.3694986359791102,The Artist's Wife Sitting at a Window in a Sunlit Room,Carl Holsoe,Expressionism,interior,"oil, canvas",https://www.wikiart.org/en/carl-holsoe/the-artists-wife-sitting-at-a-window-in-a-sunlit-room-1900,https://uploads3.wikiart.org/00116/images/carl-holsoe/carl-vilhelm-hols-e-www-kaifineart-com-4-4.jpg!Blog.jpg,25
26,1.4720645828212702,2.8082180997607016,-2.2298441080627045,3.387933461119553,-1.4669512652385803,Despair,Edvard Munch,Expressionism,genre painting,"oil, canvas",https://www.wikiart.org/en/edvard-munch/despair-1892,https://uploads8.wikiart.org/images/edvard-munch/despair-1892.jpg,26
27,0.04197401231169265,2.4097529831117117,-0.8881852919167464,-0.27302305342496774,-1.178264720532583,The golden sail,Wassily Kandinsky,Expressionism,marina,woodcut,https://www.wikiart.org/en/wassily-kandinsky/the-golden-sail-1903,https://uploads8.wikiart.org/images/wassily-kandinsky/the-golden-sail-1903.jpg,27
28,1.4651114064141457,-3.671847745555045,-2.8562104874975325,2.792220899788616,5.779841013603785,The Carmagnole (Dance Around the Guillotine),Kathe Kollwitz,Expressionism,genre painting,"etching and aquatint, paper",https://www.wikiart.org/en/kathe-kollwitz/not_detected_235968,https://uploads8.wikiart.org/images/kathe-kollwitz/not_detected_235968.jpg,28
29,0.6654884493877977,6.732282572078946,0.3505817166842877,-1.9197667381735384,-3.1250785580645886,Forest Path,Emil Nolde,Expressionism,landscape,"oil, canvas",https://www.wikiart.org/en/emil-nolde/lesnaya-doroga-1909,https://uploads2.wikiart.org/00192/images/emil-nolde/5b4816d6edc2c90a545a2384.jpg!Large.jpg,29
3,5.1880701674105625,-3.8228151712272855,2.8380683907751356,1.1228656958792047,-1.420693988329399,The Siege and Relief of Gibraltar,John Singleton Copley,Romanticism,battle painting,"oil, canvas",https://www.wikiart.org/en/john-singleton-copley/the-siege-and-relief-of-gibraltar-1783,https://uploads8.wikiart.org/images/john-singleton-copley/the-siege-and-relief-of-gibraltar-1783.jpg,3
30,-0.6899891458917427,1.1759423290319377,-1.6576421992179724,1.8414623498595706,4.900987974303536,Winter auf der Oschwand,Cuno Amiet,Expressionism,landscape,"oil, canvas",https://www.wikiart.org/en/cuno-amiet/winter-auf-der-oschwand-1908,https://uploads8.wikiart.org/images/cuno-amiet/winter-auf-der-oschwand-1908.jpg,30
31,-0.6654869889251483,3.1037615401823313,-4.688681086448433,-2.1646784753181842,0.11232054738445797,Plaster head and arm,Pablo Picasso,Surrealism,still life,"oil, canvas",https://www.wikiart.org/en/pablo-picasso/plaster-head-and-arm-1925,https://uploads8.wikiart.org/images/pablo-picasso/plaster-head-and-arm-1925.jpg,31
32,-1.1490236447001352,-1.5250472423042787,0.803210282438273,1.0646805768756646,-7.017333475664926,Fairy Pipe,Pierre Roy,Surrealism,symbolic painting,"oil, canvas",https://www.wikiart.org/en/pierre-roy/fairy-pipe-1928,https://uploads8.wikiart.org/images/pierre-roy/fairy-pipe-1928.jpg,32
33,-0.6968558452970235,1.7590212352336574,-1.620301780881005,-1.6042517214658574,2.4271544649131376,Aroundfish,Paul Klee,Surrealism,still life,"oil, canvas",https://www.wikiart.org/en/paul-klee/aroundfish-1926,https://uploads7.wikiart.org/images/paul-klee/aroundfish-1926(1).jpg,33
34,-1.9555162663819945,1.0813463565481298,-2.2465338357270896,-1.3336616934219812,5.92091820146741,14-Nov-37,Grace Palithorpe,Surrealism,figurative,"oil, canvas",https://www.wikiart.org/en/grace-pailthorpe/november-14-1937-1937,https://uploads4.wikiart.org/00280/images/grace-pailthorpe/november-14-1937-1937.jpg!Large.jpg,34
35,3.6545872300929987,0.03845320326688755,-4.2168498719396545,2.5960065267813004,-2.9518584210053884,Portrait De Paul Eluard,Valentine Hugo,Surrealism,"symbolic painting, portrait",pastel on paper,https://www.wikiart.org/en/valentine-hugo/portrait-de-paul-eluard-1932,https://uploads0.wikiart.org/00281/images/valentine-hugo/portrait-de-paul-eluard-1932.jpg!Large.jpg,35
36,-1.5280467635943946,1.9737877468724458,0.7510633926315908,0.02163316264903179,0.46153669781705314,Event on the Downs,Paul Nash,Surrealism,landscape,"oil, canvas",https://www.wikiart.org/en/paul-nash/event-on-the-downs-1934,https://uploads4.wikiart.org/00269/images/paul-nash/event-on-the-downs-1.jpg!HalfHD.jpg,36
37,-3.8483035422321663,0.7660601577767726,-1.1941273200515172,2.2279183226627666,1.2237504207440866,King and Queen,Marcel Duchamp,Surrealism,figurative,"etching and aquatint, paper",https://www.wikiart.org/en/marcel-duchamp/king-and-queen-1968,https://uploads8.wikiart.org/images/marcel-duchamp/king-and-queen-1968.jpg,37
38,-1.949822698306035,4.278169659749628,-2.0343828702486775,-0.48431346458960584,0.7597832258823977,Juzgue,Xul Solar,Surrealism,figurative,"oil, canvas",https://www.wikiart.org/en/xul-solar/juzgue-1923,https://uploads8.wikiart.org/images/xul-solar/juzgue-1923.jpg,38
39,0.9246835349170576,-1.5622739842156097,1.098288690015293,1.2775646720200777,-3.96875035316287,Faithful Servants (Marine),Edward Wadswortth,Surrealism,marina,"tempera, board",https://www.wikiart.org/en/edward-wadsworth/faithful-servants-marine-1928,https://uploads1.wikiart.org/images/edward-wadsworth/faithful-servants-marine-1928(1).jpg!Blog.jpg,39
4,1.9214075868934906,-1.8610175195991945,0.021320861981880213,3.0822071061065333,-2.4041492549501777,Hagen and the Nymphs of the Danube,Henry Fuseli,Romanticism,Mythological painting,"drawing, pen, ink",https://www.wikiart.org/en/henry-fuseli/hagen-and-the-nymphs-of-the-danube-1802,https://uploads8.wikiart.org/00420/images/henry-fuseli/hagen-and-the-nymphs-of-the-danube-the-metropolitan-museum-of-art.jpg!HD.jpg,4
40,1.7631212546658086,6.176318688529577,-0.5438824516489696,-1.2350819534605448,-2.426873484756519,Jazz,Man Ray,Surrealism,abstract,"oil, canvas",https://www.wikiart.org/en/man-ray/jazz,https://uploads8.wikiart.org/images/man-ray/jazz.jpg,40
41,6.139983890974226,-0.4511257745470435,1.4596944214448124,0.5357272221765179,-0.8791082317279191,Fantastic mountain landscape,Paul Bril,Baroque,landscape,"oil, canvas",https://www.wikiart.org/en/paul-bril/fantastic-mountain-landscape-1598,https://uploads8.wikiart.org/images/paul-bril/fantastic-mountain-landscape-1598.jpg,41
42,3.878137142176016,-3.7167333097583657,-0.7001908074764756,-1.227604320646295,1.2284360111988173,Distribution of Herring and White Bread During the Siege of Leiden 1574,Otto van Veen,Baroque,history painting,"oil, canvas",https://www.wikiart.org/en/otto-van-veen/distribution-of-herring-and-white-bread-during-the-siege-of-leiden-1574,https://uploads0.wikiart.org/00115/images/otto-van-veen/distribution-of-herring-and-white-bread-during-the-siege-of-leiden-1574.jpg!HalfHD.jpg,42
43,-0.05443744355075957,-8.953875054114256,-0.7275386409959469,1.5792982242358409,0.5834772333765919,The Butcher`s Shop,Annibale Carracci,Baroque,genre painting,"oil, canvas",https://www.wikiart.org/en/annibale-carracci/the-butcher-s-shop,https://uploads8.wikiart.org/images/annibale-carracci/the-butcher-s-shop.jpg,43
44,6.490636636148932,-0.14745648443375997,1.8701718429734526,2.821686792441004,-1.779097729151934,"The explosion of the Spanish flagship during the Battle of Gibraltar, 25 April 1607",Hendrick Cornelisz Vroom,Baroque,battle painting,"oil, canvas",https://www.wikiart.org/en/hendrick-cornelisz-vroom/the-explosion-of-the-spanish-flagship-during-the-battle-of-gibraltar-25-april-1607-attributed,https://uploads8.wikiart.org/images/hendrick-cornelisz-vroom/the-explosion-of-the-spanish-flagship-during-the-battle-of-gibraltar-25-april-1607-attributed.jpg,44
45,3.561899764501118,-3.3649070823563925,0.6788939487895808,-1.4493384085987497,1.065897270420283,The Adoration of the Magi,Adam van Noort,Baroque,Religious painting,"oil, canvas",https://www.wikiart.org/en/adam-van-noort/the-adoration-of-the-magi,https://uploads6.wikiart.org/00366/images/adam-van-noort/screenshot-2021-11-08-145114.png,45
46,2.479972489346975,-2.30518308187178,0.03839321673220058,2.697416223979867,3.224309381377748,De droom van Sint-Jozef,Francisco Pacheco,Baroque,Religious painting,"oil, canvas",https://www.wikiart.org/en/francisco-pacheco/de-droom-van-sint-jozef,https://uploads8.wikiart.org/images/francisco-pacheco/de-droom-van-sint-jozef.jpg,46
47,3.80387924801759,-1.3925574542305348,0.12566943590273874,-1.0927426094615948,0.11369012001281681,Allegory of Sight and Smell,Jan Brueghel the Elder,Baroque,allegorical painting,"oil, canvas",https://www.wikiart.org/en/jan-brueghel-the-elder/allegory-of-sight-and-smell-1620,https://uploads2.wikiart.org/00287/images/jan-brueghel-the-elder/allegory-of-sight-and-smell-1620.jpg!Blog.jpg,47
48,4.945308920280462,-1.164885602361433,1.6052868597751238,-2.7367876391562986,-1.2576323552639668,Cardsharps,Caravaggio,Baroque,genre painting,"oil, canvas",https://www.wikiart.org/en/caravaggio/cardsharps-1594-1,https://uploads8.wikiart.org/images/caravaggio/cardsharps-1594-1.jpg,48
49,5.037092026409007,-4.147349970136099,0.51935577517182,0.677869684203971,0.907164308104701,Peace Driving War Away,Giulio Cesare Procaccini,Baroque,allegorical painting,"oil, canvas",https://www.wikiart.org/en/giulio-cesare-procaccini/peace-driving-war-away-1620,https://uploads3.wikiart.org/00316/images/giulio-cesare-procaccini/giulio-cesare-procaccini-la-pace-scaccia-la-guerra-1620-ca.JPG!HD.JPG,49
5,5.34384062279654,-2.327509058746397,0.6211223515810163,4.5764082353215825,0.1641475492353862,The Adoration of the Name of The Lord,Francisco Goya,Romanticism,Religious painting,fresco,https://www.wikiart.org/en/francisco-goya/the-adoration-of-the-name-of-the-lord-1772,https://uploads8.wikiart.org/images/francisco-goya/the-adoration-of-the-name-of-the-lord-1772.jpg,5
50,3.973027033748792,-2.864655330730788,0.5194950750955121,-1.7717997761421331,-0.15367822086688687,Equestrian Portrait of the Duke of Lerma,Peter Paul Rubens,Baroque,portrait,"oil, canvas",https://www.wikiart.org/en/peter-paul-rubens/equestrian-portrait-of-the-duke-of-lerma-1603,https://uploads8.wikiart.org/images/peter-paul-rubens/equestrian-portrait-of-the-duke-of-lerma-1603.jpg,50
51,4.30013423765233,-0.005106992435887733,0.750503278848518,-1.9299962639108175,-1.6686619149705253,Sleeping Herd-Boy,Alexey Venetsianov,Realism,genre painting,"oil, wood",https://www.wikiart.org/en/alexey-venetsianov/sleeping-herd-boy,https://uploads8.wikiart.org/images/alexey-venetsianov/sleeping-herd-boy.jpg,51
52,5.865505995487253,-0.9997759501703242,1.613627827220771,4.307512642071149,2.7881938767478083,Venice Gondola on Grand Canal,Camille Corot,Realism,cityscape,"oil, canvas",https://www.wikiart.org/en/camille-corot/venice-gondola-on-grand-canal,https://uploads8.wikiart.org/images/camille-corot/venice-gondola-on-grand-canal.jpg,52
53,5.9489523468658625,-0.1155559082949175,2.4759842670859675,0.9438058148242852,0.5333022209270686,The Arch of the General Headquarters Building,Vasily Sadovnikov,Realism,cityscape,watercolor,https://www.wikiart.org/en/vasily-sadovnikov/the-arch-of-the-general-headquarters-building,https://uploads8.wikiart.org/images/vasily-sadovnikov/the-arch-of-the-general-headquarters-building.jpg,53
54,6.5007263449367745,-1.4071869736760945,1.6650046287110871,1.262629106982702,2.1432861466098134,The Parthenon,Ippolito,Realism,cityscape,"oil, canvas",https://www.wikiart.org/en/ippolito-caffi/the-parthenon-1863,https://uploads5.wikiart.org/00177/images/ippolito-kaffi/ippolito-caffi-1809-1866-the-partenon.jpg!HD.jpg,54
55,6.104026363324984,2.807850937233784,2.0384007284571792,2.8086129331499965,1.899427648321719,The Windmill,Jules Dupre,Realism,"landscape, cloudscape","oil, canvas",https://www.wikiart.org/en/jules-dupre/the-windmill-1859,https://uploads8.wikiart.org/images/jules-dupre/the-windmill-1859.jpg,55
56,3.6213611226921816,-1.0344267615574407,1.2591284586499194,-0.6394419498090975,1.1944874430267098,Market in Normandy,Theodore Rousseau,Realism,landscape,"oil, canvas",https://www.wikiart.org/en/theodore-rousseau/market-in-the-normandy,https://uploads8.wikiart.org/images/theodore-rousseau/market-in-the-normandy.jpg,56
57,3.839917932272477,-0.49615932446452193,0.7220175090940971,1.838151815554991,2.3578187439567055,Cows,Charles Jacque,Realism,animal painting,etching,https://www.wikiart.org/en/charles-jacque/cows-1865,https://uploads8.wikiart.org/images/charles-jacque/cows-1865.jpg,57
58,2.7726751642841703,-1.2481194759435978,0.03505967281023893,2.8932869873947804,0.653423126162865,The Wood Sawyers,Jean-Francois Millet,Realism,genre painting,"oil, canvas",https://www.wikiart.org/en/jean-francois-millet/the-wood-sawyers-1852,https://uploads8.wikiart.org/images/jean-francois-millet/the-wood-sawyers-1852.jpg,58
59,5.221755119219342,-1.5374859263173122,0.8591837442690061,-2.7258267285725637,0.6176115319579331,The Card Players,Ernest Meissonier,Realism,genre painting,"oil, canvas",https://www.wikiart.org/en/ernest-meissonier/the-card-players-1872,https://uploads8.wikiart.org/images/ernest-meissonier/the-card-players-1872.jpg,59
6,5.062257126616761,-1.8247213595072753,1.098134300171061,-2.3558710371966844,1.2013525110595789,Portrait of the Empress Josephine,Pierre-Paul Prud'hon,Romanticism,portrait,"oil, canvas",https://www.wikiart.org/en/pierre-paul-prud-hon/portrait-of-the-empress-josephine-1805,https://uploads8.wikiart.org/images/pierre-paul-prud-hon/portrait-of-the-empress-josephine-1805.jpg,6
60,4.922058954575331,2.0069428448792026,2.290602675213748,1.4821847110652695,0.9501478779814988,"The Hamlet of Optevoz, in the morning",Charles -Francois Daubigny,Realism,landscape,"oil, canvas",https://www.wikiart.org/en/charles-francois-daubigny/the-hamlet-of-optevoz-in-the-morning-1852-1,https://uploads5.wikiart.org/images/charles-francois-daubigny/the-hamlet-of-optevoz-in-the-morning.jpg!Blog.jpg,60
61,-1.2369466140305188,1.9655485469302159,-1.5925991487462525,-3.291978265087884,2.3186496500460443,They tens mainstay IV,Hilma af Klint,Abstract Art,abstract,"oil, paper, tempera",https://www.wikiart.org/en/hilma-af-klint/they-tens-mainstay-iv-1907,https://uploads8.wikiart.org/images/hilma-af-klint/they-tens-mainstay-iv-1907.jpg,61
62,-0.034846709834125966,5.404211833083589,-2.6266610049714822,-1.2761066931264413,-1.1081579785587212,Composition VI,Wassily Kandinsky,Abstract Art,abstract,"oil, canvas",https://www.wikiart.org/en/wassily-kandinsky/composition-vi-1913,https://uploads8.wikiart.org/images/wassily-kandinsky/composition-vi-1913.jpg,62
63,-5.811583218723651,-0.15794400786905358,1.138387416839149,1.6736266993934374,1.8595209217100348,Autumn Coloring No. 4,John Marin,Abstract Art,abstract,"oil, canvas",https://www.wikiart.org/en/john-marin/autumn-coloring-no-4-1952,https://uploads8.wikiart.org/images/john-marin/autumn-coloring-no-4-1952.jpg,63
64,-1.7082770478677665,-0.16707152714100507,1.4537776706934276,4.389585884057637,-0.11277902159878775,The First Cry,Constantin Brancusi,Abstract Art,sculpture,cement,https://www.wikiart.org/en/constantin-brancusi/the-first-cry-1917,https://uploads8.wikiart.org/images/constantin-brancusi/the-first-cry-1917.jpg,64
65,-2.861318552246326,2.0067083500620106,-2.126012371447304,-2.0254309112333937,1.3948241461891238,Lighthouse,Marsden Hartley,Abstract Art,figurative,"oil, canvas",https://www.wikiart.org/en/marsden-hartley/lighthouse-1915,https://uploads8.wikiart.org/images/marsden-hartley/lighthouse-1915.jpg,65
66,-4.238067406094062,1.1401893742566884,-0.6261657298901105,-1.0358124145889638,2.5489318483153673,Side Panels for 'Anatomy of Aphrodite',Paul Klee,Abstract Art,abstract,"oil, canvas",https://www.wikiart.org/en/paul-klee/side-panels-for-anatomy-of-aphrodite-1915,https://uploads6.wikiart.org/images/paul-klee/side-panels-for-anatomy-of-aphrodite-1915(1).jpg,66
67,-0.3775877533830269,6.048362138961415,-1.3623461605640879,0.09953927236048181,0.40247180307255986,Sails,Arthur Dove,Abstract Art,abstract,"oil, canvas",https://www.wikiart.org/en/arthur-dove/sails-1912,https://uploads8.wikiart.org/images/arthur-dove/sails-1912.jpg,67
68,-1.9579157385281265,6.453070930887609,-0.9911709338017334,-0.029763561247690307,0.4476602333966136,Abstraction,Arthur Beecher Carles,Abstract Art,abstract,"oil, canvas",https://www.wikiart.org/en/arthur-beecher-carles/abstraction-1941,https://uploads8.wikiart.org/images/arthur-beecher-carles/abstraction-1941.jpg,68
69,-2.3225253809336652,5.118918221210571,1.830659455082951,0.2471771805358978,-1.5411255515085136,Abstract Composition,Jean Arp,Abstract Art,abstract,"oil, canvas",https://www.wikiart.org/en/jean-arp/abstract-composition,https://uploads8.wikiart.org/images/jean-arp/abstract-composition.jpg,69
7,3.1706777195304867,-4.660311816950244,0.8361329428338371,-2.014808454284457,1.6672787884378337,Rear-Admiral Sir Horatio Nelson,John Hoppner,Romanticism,portrait,"oil, canvas",https://www.wikiart.org/en/john-hoppner/rear-admiral-sir-horatio-nelson-ca-1800,https://uploads8.wikiart.org/images/john-hoppner/rear-admiral-sir-horatio-nelson-ca-1800.jpg,7
70,-1.3990092537845586,1.9284949682030237,-0.3219684481009681,-0.4353032048619063,0.05137854094338633,Komposition,Otto Freundlich,Abstract Art,abstract,"oil, canvas",https://www.wikiart.org/en/otto-freundlich/komposition-1940,https://uploads8.wikiart.org/images/otto-freundlich/komposition-1940.jpg,70
71,0.7821113373936844,0.5797252550878361,1.0312126131854846,-1.8798607998078656,4.002286834973941,Egyptian no. 2,Owen Jones,Art Nouveau,design,lithography,https://www.wikiart.org/en/owen-jones/egyptian-no-2,https://uploads8.wikiart.org/images/owen-jones/egyptian-no-2.jpg,71
72,-0.956757945190126,-1.8314493159491605,-0.7169134303879184,-0.3260944172874184,4.640880119785604,"Bagnères de Luchon, Fêtes des Fleurs",Jules Cheret,Art Nouveau,poster,print,https://www.wikiart.org/en/jules-cheret/bagn-res-de-luchon-f-tes-des-fleurs-1890,https://uploads8.wikiart.org/images/jules-cheret/bagn-res-de-luchon-f-tes-des-fleurs-1890.jpg,72
73,1.2979317315677787,-3.0934899994150973,-0.031446235904864984,-5.652194176279147,0.08165715072753844,The Belles of the Ball,Francesc Masriera,Art Nouveau,genre painting,"oil, canvas",https://www.wikiart.org/en/francesc-masriera/the-belles-of-the-ball,https://uploads8.wikiart.org/00284/images/francesc-masriera/masriera-belles.jpg!Large.jpg,73
74,1.7496403536165328,3.1015929360198764,-0.792682256540157,-2.3129261000240047,-2.5666227776420474,The Art of Drawing,Eugene Grasset,Art Nouveau,genre painting,lithography,https://www.wikiart.org/en/eug-ne-grasset/the-art-of-drawing-1894,https://uploads8.wikiart.org/images/eug-ne-grasset/the-art-of-drawing-1894.jpg,74
75,-1.0119948666626835,3.741816688837318,-0.7698560872222664,-0.46251914770379554,14.446671719526389,Transom,Louis Comfort Tiffany,Art Nouveau,design,stained glass,https://www.wikiart.org/en/louis-comfort-tiffany/transom-1881,https://uploads8.wikiart.org/images/louis-comfort-tiffany/transom-1881.jpg,75
76,5.709049672426671,-0.5428836549182986,2.998857109148559,1.084717185406079,0.5306149945831328,Afternoon Silence,Wilhelm Kotarbinski,Art Nouveau,portrait,"oil, canvas",https://www.wikiart.org/en/wilhelm-kotarbinski/afternoon-silence,https://uploads8.wikiart.org/images/wilhelm-kotarbinski/afternoon-silence.jpg,76
77,3.3663452798298055,-0.9910761503677855,0.11926289291972163,-2.2995421592507364,-1.8718846231506738,Gulliver Mezi Sk_ítky,Maximilian Pirner,Art Nouveau,illustration,"oil, canvas",https://www.wikiart.org/en/maximilian-pirner/gulliver-mezi-skritky-1910,https://uploads3.wikiart.org/00214/images/maximilian-pirner/maxmilian-pirner-gulliver-mezi-sk-tky-1910-1.jpg!Large.jpg,77
78,3.8822016811416855,3.034462070425452,-0.9998122181706615,-1.4905695168601092,-3.248265231705145,At the foot of the Petit Saleve,Ferdinand Hodler,Art Nouveau,landscape,"oil, canvas",https://www.wikiart.org/en/ferdinand-hodler/at-the-foot-of-the-petit-saleve-1893,https://uploads8.wikiart.org/images/ferdinand-hodler/at-the-foot-of-the-petit-saleve-1893.jpg,78
79,2.8550676783704265,-1.129516124814331,1.7119282830763871,-3.922643300604593,-1.0193447449075366,Ulf and Pontus,Carl Larsson,Art Nouveau,portrait,watercolor,https://www.wikiart.org/en/carl-larsson/ulf-and-pontus-1894,https://uploads3.wikiart.org/images/carl-larsson/ulf-and-pontus-1894(1).jpg!HD.jpg,79
8,2.844930033387584,-2.183451859314755,1.3887440670741922,-2.4200116072364577,0.5097747562417453,Tradition of bringing new wine to town,Saverio della Gatta,Romanticism,genre painting,"tempera, paper",https://www.wikiart.org/en/saverio-della-gatta/custom-of-bringing-new-wine-to-town-1823,https://uploads8.wikiart.org/00360/images/saverio-della-gatta/174142.jpg!Large.jpg,8
80,4.117762092818728,0.6708170239723747,-0.4670197010010305,-3.632327418997796,-1.0275348646433609,"Angel, I will follow you",Jacek Malczewski,Art Nouveau,Religious painting,"oil, panel",https://www.wikiart.org/en/jacek-malczewski/angel-i-will-follow-you-1901,https://uploads8.wikiart.org/images/jacek-malczewski/angel-i-will-follow-you-1901.jpg,80
81,-2.071689058144825,-0.7723333580512297,-1.6024277379078022,0.2786277704811547,3.279083890432809,"Don Juan, and death. Sheet of from the album ""Theater Set""",Aleksandra Ekster,Constructivism,design,"oil, canvas",https://www.wikiart.org/en/aleksandra-ekster/don-juan-and-death-sheet-of-from-the-album-theater-set-1930,https://uploads8.wikiart.org/images/aleksandra-ekster/don-juan-and-death-sheet-of-from-the-album-theater-set-1930.jpg,81
82,-2.71552449544546,3.4325368819049786,-1.4124325577123273,-1.9437790066242582,0.1539544677863039,Blue Figure,Janos Mattis-Teutsch,Constructivism,figurative,"oil, canvas",https://www.wikiart.org/en/janos-mattis-teutsch/blue-figure-1927,https://uploads8.wikiart.org/images/janos-mattis-teutsch/blue-figure-1927.jpg,82
83,-3.1536041709205787,-0.8004905732317111,0.3986261289354142,3.454861470229215,2.8577193398959215,Monument to the Third International,Vladimir Tatlin,Constructivism,design,lithography,https://www.wikiart.org/en/vladimir-tatlin/monument-to-the-third-international-1920,https://uploads8.wikiart.org/images/vladimir-tatlin/monument-to-the-third-international-1920.jpg,83
84,-3.8978900175418003,-2.236010202144155,-1.3766511099599388,-0.5541946001183394,1.8864930294816382,Draft for the tearoom on the ground floor of the Cafe Aubette,Sophie Taeuber-Arp,Constructivism,sketch and study,NA,https://www.wikiart.org/en/sophie-taeuber-arp/draft-for-the-tearoom-on-the-ground-floor-of-the-cafe-aubette-1926,https://uploads8.wikiart.org/images/sophie-taeuber-arp/draft-for-the-tearoom-on-the-ground-floor-of-the-cafe-aubette-1926.jpg,84
85,-4.578163114531965,2.38328639751173,2.4531017555903887,0.4263231729582474,0.8519274600332656,Pictorial Architecture,Lajos Kassak,Constructivism,abstract,"oil, canvas",https://www.wikiart.org/en/lajos-kassak/pictorial-architecture-1923,https://uploads8.wikiart.org/images/lajos-kassak/pictorial-architecture-1923.jpg,85
86,-2.3799799215871396,-1.475459591535866,-0.3635847861514845,-2.9132742799935514,0.2553305745843501,Production Clothing for Actor no.5' in Fernand Crommelynck's play 'The magnanimous Cuckold',Lyubov Popova,Constructivism,design,collage,https://www.wikiart.org/en/lyubov-popova/production-clothing-for-actor-no-5-in-fernand-crommelynck-s-play-the-magnanimous-cuckold,https://uploads8.wikiart.org/images/lyubov-popova/production-clothing-for-actor-no-5-in-fernand-crommelynck-s-play-the-magnanimous-cuckold.jpg,86
87,-3.7006627955088964,0.8825055872712558,2.0596501767938036,-2.407077870307784,3.3467772345495157,Room (Space Construction),Peter Laszlo Peri,Constructivism,abstract,"oil, canvas",https://www.wikiart.org/en/peter-laszlo-peri/room-space-construction-1921,https://uploads8.wikiart.org/images/peter-laszlo-peri/room-space-construction-1921.jpg,87
88,-5.265665180802314,-0.9438489225407698,2.207913705408077,-2.8655783115119853,1.070210977917,Model for 'Column',Naum Gabo,Constructivism,installation,"plastic, wood, metal",https://www.wikiart.org/en/naum-gabo/model-for-column-1921,https://uploads8.wikiart.org/images/naum-gabo/model-for-column-1921.jpg,88
89,-5.415971215274836,1.3912373508650164,2.7441930056786132,2.0348911802958867,0.009306868476912193,Dreiformvariation,Carl Buchheister,Constructivism,abstract,"oil, paper",https://www.wikiart.org/en/carl-buchheister/dreiformvariation-1928,https://uploads8.wikiart.org/images/carl-buchheister/dreiformvariation-1928.jpg,89
9,1.4048638735559849,-4.1845652779234666,1.552023369470583,-1.265438355809384,2.013804059324241,John Philip Kemble,Thomas Lawrence,Romanticism,portrait,"oil, canvas",https://www.wikiart.org/en/thomas-lawrence/john-philip-kemble-1812,https://uploads8.wikiart.org/images/thomas-lawrence/john-philip-kemble-1812.jpg,9
90,-5.310577206495386,-1.0370925839193263,0.5270142038098838,-0.9910867672118546,0.05754606090201584,Composition,Erich Buchholz,Constructivism,abstract,"oil, canvas",https://www.wikiart.org/en/erich-buchholz/composition-1920-1,https://uploads8.wikiart.org/images/erich-buchholz/composition-1920-1.jpg,90
91,-7.286468289367062,-2.5547588853343726,4.287994048633202,-0.31011417200019514,-1.6416647092995085,Number 6,John McLaughlin,Minimalism,abstract,"oil, canvas",https://www.wikiart.org/en/john-mclaughlin/number-6-1963,https://uploads8.wikiart.org/images/john-mclaughlin/number-6-1963.jpg,91
92,-5.924589454545806,-2.0344585529394537,3.195682368924081,0.19726228584461608,-2.570505528761967,Spazio Luce,Antonio Calderara,Minimalism,abstract,"oil, canvas",https://www.wikiart.org/en/antonio-calderara/spazio-luce-1961,https://uploads8.wikiart.org/images/antonio-calderara/spazio-luce-1961.jpg,92
93,-6.489653956393066,-1.2227288847611126,2.575116644800637,0.28073137289679595,-1.192629498511561,Untitled Myron Stout,Myron Stout,Minimalism,abstract,"pencil, paper",https://www.wikiart.org/en/myron-stout/untitled-1979,https://uploads7.wikiart.org/images/myron-stout/untitled-1979(1).jpg,93
94,-6.666815472728167,-2.926542822375327,2.4030639026075153,0.03697364852543765,0.26319575501703185,Desert Rain,Agnes Martin,Minimalism,abstract,"oil, canvas",https://www.wikiart.org/en/agnes-martin/desert-rain-1957,https://uploads8.wikiart.org/images/agnes-martin/desert-rain-1957.jpg,94
95,-6.099421086996614,-0.6471360585970183,1.484015521572998,0.23423163738867073,-0.2951775188748563,Untitled Gego,Gego,Minimalism,abstract,"oil, canvas",https://www.wikiart.org/en/gego/untitled-1966,https://uploads8.wikiart.org/images/gego/untitled-1966.jpg,95
96,-5.045902878034955,-0.1371647188421521,4.262727605249877,-1.4229659087270492,0.2380898797690138,Die,Tony Smith,Minimalism,sculpture,sculpture,https://www.wikiart.org/en/tony-smith/die-1968,https://uploads8.wikiart.org/images/tony-smith/die-1968.jpg,96
97,-5.328055663934183,-2.0909706435417976,3.226654604471816,2.613345391581281,-4.360620517812455,R60-27,Johnanes Jan Schoonhoven,Minimalism,abstract,"oil, canvas",https://www.wikiart.org/en/johannes-jan-schoonhoven/r60-27-1960,https://uploads8.wikiart.org/images/johannes-jan-schoonhoven/r60-27-1960.jpg,97
98,-4.2685028657047335,1.0663535972622933,2.373198886005808,-0.33122162785634457,0.1763798253210428,Untitled Mathias Goeritz,Mathias Goeritz,Minimalism,sculpture,sculpture,https://www.wikiart.org/en/mathias-goeritz/untitled-1983,https://uploads8.wikiart.org/images/mathias-goeritz/untitled-1983.jpg,98
99,-5.205266426730553,-2.327790543233197,4.419474459985757,-0.6577413972848284,-1.551899416393166,Untitled (from Splints),Mira Schendel,Minimalism,abstract,wood,https://www.wikiart.org/en/mira-schendel/untitled-from-splints-1987,https://uploads4.wikiart.org/images/mira-schendel/untitled-from-splints-1987(1).jpg!PinterestSmall.jpg,99
