Title,Artist,Style,Genre,Media,Link to Picture,link to image,Artwork_ID,,,,
Horse Attacked by a Lion,George Stubbs,Romanticism,wildlife painting,"oil, canvas",https://www.wikiart.org/en/george-stubbs/horse-attacked-by-a-lion,https://uploads8.wikiart.org/images/george-stubbs/horse-attacked-by-a-lion.jpg,1,,,,
Vesuvius from Posillipo,Joseph Wright,Romanticism,landscape,"oil, canvas",https://www.wikiart.org/en/joseph-wright/vesuvius-from-posillipo,https://uploads8.wikiart.org/images/joseph-wright/vesuvius-from-posillipo.jpg,2,,,,
The Siege and Relief of Gibraltar,John Singleton Copley,Romanticism,battle painting,"oil, canvas",https://www.wikiart.org/en/john-singleton-copley/the-siege-and-relief-of-gibraltar-1783,https://uploads8.wikiart.org/images/john-singleton-copley/the-siege-and-relief-of-gibraltar-1783.jpg,3,,,,
Hagen and the Nymphs of the Danube,Henry Fuseli,Romanticism,Mythological painting,"drawing, pen, ink",https://www.wikiart.org/en/henry-fuseli/hagen-and-the-nymphs-of-the-danube-1802,https://uploads8.wikiart.org/00420/images/henry-fuseli/hagen-and-the-nymphs-of-the-danube-the-metropolitan-museum-of-art.jpg!HD.jpg,4,,,,
The Adoration of the Name of The Lord,Francisco Goya,Romanticism,Religious painting,fresco,https://www.wikiart.org/en/francisco-goya/the-adoration-of-the-name-of-the-lord-1772,https://uploads8.wikiart.org/images/francisco-goya/the-adoration-of-the-name-of-the-lord-1772.jpg,5,,,,
Portrait of the Empress Josephine,Pierre-Paul Prud'hon,Romanticism,portrait,"oil, canvas",https://www.wikiart.org/en/pierre-paul-prud-hon/portrait-of-the-empress-josephine-1805,https://uploads8.wikiart.org/images/pierre-paul-prud-hon/portrait-of-the-empress-josephine-1805.jpg,6,,,,
Rear-Admiral Sir Horatio Nelson,John Hoppner,Romanticism,portrait,"oil, canvas",https://www.wikiart.org/en/john-hoppner/rear-admiral-sir-horatio-nelson-ca-1800,https://uploads8.wikiart.org/images/john-hoppner/rear-admiral-sir-horatio-nelson-ca-1800.jpg,7,,,,
Tradition of bringing new wine to town,Saverio della Gatta,Romanticism,genre painting,"tempera, paper",https://www.wikiart.org/en/saverio-della-gatta/custom-of-bringing-new-wine-to-town-1823,https://uploads8.wikiart.org/00360/images/saverio-della-gatta/174142.jpg!Large.jpg,8,,,,
John Philip Kemble,Thomas Lawrence,Romanticism,portrait,"oil, canvas",https://www.wikiart.org/en/thomas-lawrence/john-philip-kemble-1812,https://uploads8.wikiart.org/images/thomas-lawrence/john-philip-kemble-1812.jpg,9,,,,
The Eildon Hills and the Tweed,James Ward,Romanticism,landscape,"oil, canvas",https://www.wikiart.org/en/james-ward/the-eildon-hills-and-the-tweed-1807,https://uploads8.wikiart.org/images/james-ward/the-eildon-hills-and-the-tweed-1807.jpg,10,,,,
"Impression, sunrise",Claude Monet,Impressionism,cityscape,"oil, canvas",https://www.wikiart.org/en/claude-monet/impression-sunrise,https://uploads8.wikiart.org/images/claude-monet/impression-sunrise.jpg,11,,,,
The Bay of Douarnenez,Eugene Boudin,Impressionism,landscape,"oil, canvas",https://www.wikiart.org/en/eugene-boudin/the-bay-of-douarnenez-1897,https://uploads8.wikiart.org/images/eugene-boudin/the-bay-of-douarnenez-1897.jpg,12,,,,
"Avenue de l'Opera, Place du Theatre Francais. Misty",Camille Pissarro,Impressionism,cityscape,"oil, canvas",https://www.wikiart.org/en/camille-pissarro/avenue-de-l-opera-place-du-theatre-francais-misty,https://uploads8.wikiart.org/images/camille-pissarro/avenue-de-l-opera-place-du-theatre-francais-misty.jpg,13,,,,
Effect of Snow at Petit-Montrouge,Edouard Manet,Impressionism,cityscape,"oil, canvas",https://www.wikiart.org/en/edouard-manet/effect-of-snow-at-petit-montrouge-1870,https://uploads8.wikiart.org/images/edouard-manet/effect-of-snow-at-petit-montrouge-1870.jpg,14,,,,
Study for Mouth of the River,James McNeill Whistler,Impressionism,landscape,watercolor,https://www.wikiart.org/en/james-mcneill-whistler/study-for-mouth-of-the-river-1877,https://uploads8.wikiart.org/images/james-mcneill-whistler/study-for-mouth-of-the-river-1877.jpg,15,,,,
Sailing ships at dawn,Konstantinos Volanakis,Impressionism,marina,"oil, canvas",https://www.wikiart.org/en/konstantinos-volanakis/sailing-ships-at-dawn,https://uploads8.wikiart.org/images/konstantinos-volanakis/sailing-ships-at-dawn.jpg,16,,,,
Smârdan Attack,Nicolae Grigorescu,Impressionism,battle painting,"oil, canvas",https://www.wikiart.org/en/nicolae-grigorescu/sm-rdan-attack-1878,https://uploads8.wikiart.org/images/nicolae-grigorescu/sm-rdan-attack-1878.jpg,17,,,,
"Near the Grand Canal, Venice",Martin Rico y Ortega,Impressionism,cityscape,"oil, canvas",https://www.wikiart.org/en/martin-rico/near-the-grand-canal-venice-1908,https://uploads5.wikiart.org/00290/images/martin-rico/near-the-grand-canal-venice-by-martin-rico-y-ortega-1908-oil-on-canvas-currier-museum-of-art.jpg!HD.jpg,18,,,,
Landscape at Valery-sur-Somme,Edgar Degas,Impressionism,landscape,"oil, canvas",https://www.wikiart.org/en/edgar-degas/landscape-at-valery-sur-somme,https://uploads8.wikiart.org/images/edgar-degas/landscape-at-valery-sur-somme.jpg,19,,,,
In St Cloud Park,Pierre-Auguste Renoir,Impressionism,landscape,"oil, canvas",https://www.wikiart.org/en/pierre-auguste-renoir/in-st-cloud-park-1866,https://uploads8.wikiart.org/images/pierre-auguste-renoir/in-st-cloud-park-1866.jpg,20,,,,
Two Dancers,Christian Rohlfs,Expressionism,symbolic painting,woodcut,https://www.wikiart.org/en/christian-rohlfs/two-dancers-1913,https://uploads8.wikiart.org/images/christian-rohlfs/two-dancers-1913.jpg,21,,,,
Sunset Over the Bay of Naples,Tivadar Kosztka Csontvary,Expressionism,landscape,"oil, canvas",https://www.wikiart.org/en/tivadar-kosztka-csontvary/sunset-over-the-bay-of-naples-1901,https://uploads8.wikiart.org/images/tivadar-kosztka-csontvary/sunset-over-the-bay-of-naples-1901.jpg,22,,,,
Cain,Lovis Corinth,Expressionism,Religious painting,"oil, canvas",https://www.wikiart.org/en/lovis-corinth/cain-1917,https://uploads8.wikiart.org/images/lovis-corinth/cain-1917.jpg,23,,,,
Masks Mocking Death,James Ensor,Expressionism,symbolic painting,"oil, canvas",https://www.wikiart.org/en/james-ensor/masks-mocking-death-1888,https://uploads8.wikiart.org/images/james-ensor/masks-mocking-death-1888.jpg,24,,,,
The Artist's Wife Sitting at a Window in a Sunlit Room,Carl Holsoe,Expressionism,interior,"oil, canvas",https://www.wikiart.org/en/carl-holsoe/the-artists-wife-sitting-at-a-window-in-a-sunlit-room-1900,https://uploads3.wikiart.org/00116/images/carl-holsoe/carl-vilhelm-hols-e-www-kaifineart-com-4-4.jpg!Blog.jpg,25,,,,
Despair,Edvard Munch,Expressionism,genre painting,"oil, canvas",https://www.wikiart.org/en/edvard-munch/despair-1892,https://uploads8.wikiart.org/images/edvard-munch/despair-1892.jpg,26,,,,
The golden sail,Wassily Kandinsky,Expressionism,marina,woodcut,https://www.wikiart.org/en/wassily-kandinsky/the-golden-sail-1903,https://uploads8.wikiart.org/images/wassily-kandinsky/the-golden-sail-1903.jpg,27,,,,
The Carmagnole (Dance Around the Guillotine),Kathe Kollwitz,Expressionism,genre painting,"etching and aquatint, paper",https://www.wikiart.org/en/kathe-kollwitz/not_detected_235968,https://uploads8.wikiart.org/images/kathe-kollwitz/not_detected_235968.jpg,28,,,,
Forest Path,Emil Nolde,Expressionism,landscape,"oil, canvas",https://www.wikiart.org/en/emil-nolde/lesnaya-doroga-1909,https://uploads2.wikiart.org/00192/images/emil-nolde/5b4816d6edc2c90a545a2384.jpg!Large.jpg,29,,,,
Winter auf der Oschwand,Cuno Amiet,Expressionism,landscape,"oil, canvas",https://www.wikiart.org/en/cuno-amiet/winter-auf-der-oschwand-1908,https://uploads8.wikiart.org/images/cuno-amiet/winter-auf-der-oschwand-1908.jpg,30,,,,
Plaster head and arm,Pablo Picasso,Surrealism,still life,"oil, canvas",https://www.wikiart.org/en/pablo-picasso/plaster-head-and-arm-1925,https://uploads8.wikiart.org/images/pablo-picasso/plaster-head-and-arm-1925.jpg,31,,,,
Fairy Pipe,Pierre Roy,Surrealism,symbolic painting,"oil, canvas",https://www.wikiart.org/en/pierre-roy/fairy-pipe-1928,https://uploads8.wikiart.org/images/pierre-roy/fairy-pipe-1928.jpg,32,,,,
Aroundfish,Paul Klee,Surrealism,still life,"oil, canvas",https://www.wikiart.org/en/paul-klee/aroundfish-1926,https://uploads7.wikiart.org/images/paul-klee/aroundfish-1926(1).jpg,33,,,,
"November 14, 1937",Grace Palithorpe,Surrealism,figurative,"oil, canvas",https://www.wikiart.org/en/grace-pailthorpe/november-14-1937-1937,https://uploads4.wikiart.org/00280/images/grace-pailthorpe/november-14-1937-1937.jpg!Large.jpg,34,,,,
Portrait De Paul Eluard,Valentine Hugo,Surrealism,"symbolic painting, portrait",pastel on paper ,https://www.wikiart.org/en/valentine-hugo/portrait-de-paul-eluard-1932,https://uploads0.wikiart.org/00281/images/valentine-hugo/portrait-de-paul-eluard-1932.jpg!Large.jpg,35,,,,
Event on the Downs,Paul Nash,Surrealism,landscape,"oil, canvas",https://www.wikiart.org/en/paul-nash/event-on-the-downs-1934,https://uploads4.wikiart.org/00269/images/paul-nash/event-on-the-downs-1.jpg!HalfHD.jpg,36,,,,
King and Queen,Marcel Duchamp,Surrealism,figurative,"etching and aquatint, paper",https://www.wikiart.org/en/marcel-duchamp/king-and-queen-1968,https://uploads8.wikiart.org/images/marcel-duchamp/king-and-queen-1968.jpg,37,,,,
Juzgue,Xul Solar,Surrealism,figurative,"oil, canvas",https://www.wikiart.org/en/xul-solar/juzgue-1923,https://uploads8.wikiart.org/images/xul-solar/juzgue-1923.jpg,38,,,,
Faithful Servants (Marine),Edward Wadswortth,Surrealism,marina,"tempera, board",https://www.wikiart.org/en/edward-wadsworth/faithful-servants-marine-1928,https://uploads1.wikiart.org/images/edward-wadsworth/faithful-servants-marine-1928(1).jpg!Blog.jpg,39,,,,
Jazz,Man Ray,Surrealism,abstract,"oil, canvas",https://www.wikiart.org/en/man-ray/jazz,https://uploads8.wikiart.org/images/man-ray/jazz.jpg,40,,,,
Fantastic mountain landscape,Paul Bril,Baroque,landscape,"oil, canvas",https://www.wikiart.org/en/paul-bril/fantastic-mountain-landscape-1598,https://uploads8.wikiart.org/images/paul-bril/fantastic-mountain-landscape-1598.jpg,41,,,,
Distribution of Herring and White Bread During the Siege of Leiden 1574,Otto van Veen,Baroque,history painting,"oil, canvas",https://www.wikiart.org/en/otto-van-veen/distribution-of-herring-and-white-bread-during-the-siege-of-leiden-1574,https://uploads0.wikiart.org/00115/images/otto-van-veen/distribution-of-herring-and-white-bread-during-the-siege-of-leiden-1574.jpg!HalfHD.jpg,42,,,,
The Butcher`s Shop,Annibale Carracci,Baroque,genre painting,"oil, canvas",https://www.wikiart.org/en/annibale-carracci/the-butcher-s-shop,https://uploads8.wikiart.org/images/annibale-carracci/the-butcher-s-shop.jpg,43,,,,
"The explosion of the Spanish flagship during the Battle of Gibraltar, 25 April 1607",Hendrick Cornelisz Vroom,Baroque,battle painting,"oil, canvas",https://www.wikiart.org/en/hendrick-cornelisz-vroom/the-explosion-of-the-spanish-flagship-during-the-battle-of-gibraltar-25-april-1607-attributed,https://uploads8.wikiart.org/images/hendrick-cornelisz-vroom/the-explosion-of-the-spanish-flagship-during-the-battle-of-gibraltar-25-april-1607-attributed.jpg,44,,,,
The Adoration of the Magi,Adam van Noort,Baroque,Religious painting,"oil, canvas",https://www.wikiart.org/en/adam-van-noort/the-adoration-of-the-magi,https://uploads6.wikiart.org/00366/images/adam-van-noort/screenshot-2021-11-08-145114.png,45,,,,
De droom van Sint-Jozef,Francisco Pacheco,Baroque,Religious painting,"oil, canvas",https://www.wikiart.org/en/francisco-pacheco/de-droom-van-sint-jozef,https://uploads8.wikiart.org/images/francisco-pacheco/de-droom-van-sint-jozef.jpg,46,,,,
Allegory of Sight and Smell,Jan Brueghel the Elder,Baroque,allegorical painting,"oil, canvas",https://www.wikiart.org/en/jan-brueghel-the-elder/allegory-of-sight-and-smell-1620,https://uploads2.wikiart.org/00287/images/jan-brueghel-the-elder/allegory-of-sight-and-smell-1620.jpg!Blog.jpg,47,,,,
Cardsharps,Caravaggio,Baroque,genre painting,"oil, canvas",https://www.wikiart.org/en/caravaggio/cardsharps-1594-1,https://uploads8.wikiart.org/images/caravaggio/cardsharps-1594-1.jpg,48,,,,
Peace Driving War Away,Giulio Cesare Procaccini,Baroque,allegorical painting,"oil, canvas",https://www.wikiart.org/en/giulio-cesare-procaccini/peace-driving-war-away-1620,https://uploads3.wikiart.org/00316/images/giulio-cesare-procaccini/giulio-cesare-procaccini-la-pace-scaccia-la-guerra-1620-ca.JPG!HD.JPG,49,,,,
Equestrian Portrait of the Duke of Lerma,Peter Paul Rubens,Baroque,portrait,"oil, canvas",https://www.wikiart.org/en/peter-paul-rubens/equestrian-portrait-of-the-duke-of-lerma-1603,https://uploads8.wikiart.org/images/peter-paul-rubens/equestrian-portrait-of-the-duke-of-lerma-1603.jpg,50,,,,
Sleeping Herd-Boy,Alexey Venetsianov,Realism,genre painting,"oil, wood",https://www.wikiart.org/en/alexey-venetsianov/sleeping-herd-boy,https://uploads8.wikiart.org/images/alexey-venetsianov/sleeping-herd-boy.jpg,51,,,,
Venice Gondola on Grand Canal,Camille Corot,Realism,cityscape,"oil, canvas",https://www.wikiart.org/en/camille-corot/venice-gondola-on-grand-canal,https://uploads8.wikiart.org/images/camille-corot/venice-gondola-on-grand-canal.jpg,52,,,,
The Arch of the General Headquarters Building,Vasily Sadovnikov,Realism,cityscape,watercolor,https://www.wikiart.org/en/vasily-sadovnikov/the-arch-of-the-general-headquarters-building,https://uploads8.wikiart.org/images/vasily-sadovnikov/the-arch-of-the-general-headquarters-building.jpg,53,,,,
The Parthenon,Ippolito,Realism,cityscape,"oil, canvas",https://www.wikiart.org/en/ippolito-caffi/the-parthenon-1863,https://uploads5.wikiart.org/00177/images/ippolito-kaffi/ippolito-caffi-1809-1866-the-partenon.jpg!HD.jpg,54,,,,
The Windmill,Jules Dupre,Realism,"landscape, cloudscape","oil, canvas",https://www.wikiart.org/en/jules-dupre/the-windmill-1859,https://uploads8.wikiart.org/images/jules-dupre/the-windmill-1859.jpg,55,,,,
Market in Normandy,Theodore Rousseau,Realism,landscape,"oil, canvas",https://www.wikiart.org/en/theodore-rousseau/market-in-the-normandy,https://uploads8.wikiart.org/images/theodore-rousseau/market-in-the-normandy.jpg,56,,,,
Cows,Charles Jacque,Realism,animal painting,etching ,https://www.wikiart.org/en/charles-jacque/cows-1865,https://uploads8.wikiart.org/images/charles-jacque/cows-1865.jpg,57,,,,
The Wood Sawyers,Jean-Francois Millet,Realism,genre painting,"oil, canvas",https://www.wikiart.org/en/jean-francois-millet/the-wood-sawyers-1852,https://uploads8.wikiart.org/images/jean-francois-millet/the-wood-sawyers-1852.jpg,58,,,,
The Card Players,Ernest Meissonier,Realism,genre painting,"oil, canvas",https://www.wikiart.org/en/ernest-meissonier/the-card-players-1872,https://uploads8.wikiart.org/images/ernest-meissonier/the-card-players-1872.jpg,59,,,,
"The Hamlet of Optevoz, in the morning",Charles -Francois Daubigny,Realism,landscape,"oil, canvas",https://www.wikiart.org/en/charles-francois-daubigny/the-hamlet-of-optevoz-in-the-morning-1852-1,https://uploads5.wikiart.org/images/charles-francois-daubigny/the-hamlet-of-optevoz-in-the-morning.jpg!Blog.jpg,60,,,,
They tens mainstay IV,Hilma af Klint,Abstract Art,abstract,"oil, paper, tempera",https://www.wikiart.org/en/hilma-af-klint/they-tens-mainstay-iv-1907,https://uploads8.wikiart.org/images/hilma-af-klint/they-tens-mainstay-iv-1907.jpg,61,,,,
Composition VI,Wassily Kandinsky,Abstract Art,abstract,"oil, canvas",https://www.wikiart.org/en/wassily-kandinsky/composition-vi-1913,https://uploads8.wikiart.org/images/wassily-kandinsky/composition-vi-1913.jpg,62,,,,
Autumn Coloring No. 4,John Marin,Abstract Art,abstract,"oil, canvas",https://www.wikiart.org/en/john-marin/autumn-coloring-no-4-1952,https://uploads8.wikiart.org/images/john-marin/autumn-coloring-no-4-1952.jpg,63,,,,
The First Cry,Constantin Brancusi,Abstract Art,sculpture,cement,https://www.wikiart.org/en/constantin-brancusi/the-first-cry-1917,https://uploads8.wikiart.org/images/constantin-brancusi/the-first-cry-1917.jpg,64,,,,
Lighthouse,Marsden Hartley,Abstract Art,figurative,"oil, canvas",https://www.wikiart.org/en/marsden-hartley/lighthouse-1915,https://uploads8.wikiart.org/images/marsden-hartley/lighthouse-1915.jpg,65,,,,
Side Panels for 'Anatomy of Aphrodite',Paul Klee,Abstract Art,abstract,"oil, canvas",https://www.wikiart.org/en/paul-klee/side-panels-for-anatomy-of-aphrodite-1915,https://uploads6.wikiart.org/images/paul-klee/side-panels-for-anatomy-of-aphrodite-1915(1).jpg,66,,,,
Sails,Arthur Dove,Abstract Art,abstract,"oil, canvas",https://www.wikiart.org/en/arthur-dove/sails-1912,https://uploads8.wikiart.org/images/arthur-dove/sails-1912.jpg,67,,,,
Abstraction,Arthur Beecher Carles,Abstract Art,abstract,"oil, canvas",https://www.wikiart.org/en/arthur-beecher-carles/abstraction-1941,https://uploads8.wikiart.org/images/arthur-beecher-carles/abstraction-1941.jpg,68,,,,
Abstract Composition,Jean Arp,Abstract Art,abstract,"oil, canvas",https://www.wikiart.org/en/jean-arp/abstract-composition,https://uploads8.wikiart.org/images/jean-arp/abstract-composition.jpg,69,,,,
Komposition,Otto Freundlich,Abstract Art,abstract,"oil, canvas",https://www.wikiart.org/en/otto-freundlich/komposition-1940,https://uploads8.wikiart.org/images/otto-freundlich/komposition-1940.jpg,70,,,,
Egyptian no. 2,Owen Jones,Art Nouveau,design,lithography,https://www.wikiart.org/en/owen-jones/egyptian-no-2,https://uploads8.wikiart.org/images/owen-jones/egyptian-no-2.jpg,71,,,,
"Bagnères de Luchon, Fêtes des Fleurs",Jules Cheret,Art Nouveau,poster,print,https://www.wikiart.org/en/jules-cheret/bagn-res-de-luchon-f-tes-des-fleurs-1890,https://uploads8.wikiart.org/images/jules-cheret/bagn-res-de-luchon-f-tes-des-fleurs-1890.jpg,72,,,,
The Belles of the Ball,Francesc Masriera,Art Nouveau,genre painting,"oil, canvas",https://www.wikiart.org/en/francesc-masriera/the-belles-of-the-ball,https://uploads8.wikiart.org/00284/images/francesc-masriera/masriera-belles.jpg!Large.jpg,73,,,,
The Art of Drawing,Eugene Grasset,Art Nouveau,genre painting,lithography,https://www.wikiart.org/en/eug-ne-grasset/the-art-of-drawing-1894,https://uploads8.wikiart.org/images/eug-ne-grasset/the-art-of-drawing-1894.jpg,74,,,,
Transom,Louis Comfort Tiffany,Art Nouveau,design,stained glass,https://www.wikiart.org/en/louis-comfort-tiffany/transom-1881,https://uploads8.wikiart.org/images/louis-comfort-tiffany/transom-1881.jpg,75,,,,
Afternoon Silence,Wilhelm Kotarbinski,Art Nouveau,portrait,"oil, canvas",https://www.wikiart.org/en/wilhelm-kotarbinski/afternoon-silence,https://uploads8.wikiart.org/images/wilhelm-kotarbinski/afternoon-silence.jpg,76,,,,
Gulliver Mezi Skřítky,Maximilian Pirner,Art Nouveau,illustration,"oil, canvas",https://www.wikiart.org/en/maximilian-pirner/gulliver-mezi-skritky-1910,https://uploads3.wikiart.org/00214/images/maximilian-pirner/maxmilian-pirner-gulliver-mezi-sk-tky-1910-1.jpg!Large.jpg,77,,,,
At the foot of the Petit Saleve,Ferdinand Hodler,Art Nouveau,landscape,"oil, canvas",https://www.wikiart.org/en/ferdinand-hodler/at-the-foot-of-the-petit-saleve-1893,https://uploads8.wikiart.org/images/ferdinand-hodler/at-the-foot-of-the-petit-saleve-1893.jpg,78,,,,
Ulf and Pontus,Carl Larsson,Art Nouveau,portrait,watercolor,https://www.wikiart.org/en/carl-larsson/ulf-and-pontus-1894,https://uploads3.wikiart.org/images/carl-larsson/ulf-and-pontus-1894(1).jpg!HD.jpg,79,,,,
"Angel, I will follow you",Jacek Malczewski,Art Nouveau,Religious painting,"oil, panel",https://www.wikiart.org/en/jacek-malczewski/angel-i-will-follow-you-1901,https://uploads8.wikiart.org/images/jacek-malczewski/angel-i-will-follow-you-1901.jpg,80,,,,
"Don Juan, and death. Sheet of from the album ""Theater Set""",Aleksandra Ekster,Constructivism,design,"oil, canvas",https://www.wikiart.org/en/aleksandra-ekster/don-juan-and-death-sheet-of-from-the-album-theater-set-1930,https://uploads8.wikiart.org/images/aleksandra-ekster/don-juan-and-death-sheet-of-from-the-album-theater-set-1930.jpg,81,,,,
Blue Figure,Janos Mattis-Teutsch,Constructivism,figurative,"oil, canvas",https://www.wikiart.org/en/janos-mattis-teutsch/blue-figure-1927,https://uploads8.wikiart.org/images/janos-mattis-teutsch/blue-figure-1927.jpg,82,,,,
Monument to the Third International,Vladimir Tatlin,Constructivism,design,lithography,https://www.wikiart.org/en/vladimir-tatlin/monument-to-the-third-international-1920,https://uploads8.wikiart.org/images/vladimir-tatlin/monument-to-the-third-international-1920.jpg,83,,,,
Draft for the tearoom on the ground floor of the Cafe Aubette,Sophie Taeuber-Arp,Constructivism,sketch and study,,https://www.wikiart.org/en/sophie-taeuber-arp/draft-for-the-tearoom-on-the-ground-floor-of-the-cafe-aubette-1926,https://uploads8.wikiart.org/images/sophie-taeuber-arp/draft-for-the-tearoom-on-the-ground-floor-of-the-cafe-aubette-1926.jpg,84,,,,
Pictorial Architecture,Lajos Kassak,Constructivism,abstract,"oil, canvas",https://www.wikiart.org/en/lajos-kassak/pictorial-architecture-1923,https://uploads8.wikiart.org/images/lajos-kassak/pictorial-architecture-1923.jpg,85,,,,
Production Clothing for Actor no.5' in Fernand Crommelynck's play 'The magnanimous Cuckold',Lyubov Popova,Constructivism,design,collage,https://www.wikiart.org/en/lyubov-popova/production-clothing-for-actor-no-5-in-fernand-crommelynck-s-play-the-magnanimous-cuckold,https://uploads8.wikiart.org/images/lyubov-popova/production-clothing-for-actor-no-5-in-fernand-crommelynck-s-play-the-magnanimous-cuckold.jpg,86,,,,
Room (Space Construction),Peter Laszlo Peri,Constructivism,abstract,"oil, canvas",https://www.wikiart.org/en/peter-laszlo-peri/room-space-construction-1921,https://uploads8.wikiart.org/images/peter-laszlo-peri/room-space-construction-1921.jpg,87,,,,
Model for 'Column',Naum Gabo,Constructivism,installation,"plastic, wood, metal",https://www.wikiart.org/en/naum-gabo/model-for-column-1921,https://uploads8.wikiart.org/images/naum-gabo/model-for-column-1921.jpg,88,,,,
Dreiformvariation,Carl Buchheister,Constructivism,abstract,"oil, paper",https://www.wikiart.org/en/carl-buchheister/dreiformvariation-1928,https://uploads8.wikiart.org/images/carl-buchheister/dreiformvariation-1928.jpg,89,,,,
Composition,Erich Buchholz,Constructivism,abstract,"oil, canvas",https://www.wikiart.org/en/erich-buchholz/composition-1920-1,https://uploads8.wikiart.org/images/erich-buchholz/composition-1920-1.jpg,90,,,,
Number 6,John McLaughlin,Minimalism,abstract,"oil, canvas",https://www.wikiart.org/en/john-mclaughlin/number-6-1963,https://uploads8.wikiart.org/images/john-mclaughlin/number-6-1963.jpg,91,,,,
Spazio Luce,Antonio Calderara,Minimalism,abstract,"oil, canvas",https://www.wikiart.org/en/antonio-calderara/spazio-luce-1961,https://uploads8.wikiart.org/images/antonio-calderara/spazio-luce-1961.jpg,92,,,,
Untitled,Myron Stout,Minimalism,abstract,"pencil, paper",https://www.wikiart.org/en/myron-stout/untitled-1979,https://uploads7.wikiart.org/images/myron-stout/untitled-1979(1).jpg,93,,,,https://uploads8.wikiart.org/images/lajos-kassak/pictorial-architecture-1923.jpg
Desert Rain,Agnes Martin,Minimalism,abstract,"oil, canvas",https://www.wikiart.org/en/agnes-martin/desert-rain-1957,https://uploads8.wikiart.org/images/agnes-martin/desert-rain-1957.jpg,94,,,,https://uploads8.wikiart.org/images/lyubov-popova/production-clothing-for-actor-no-5-in-fernand-crommelynck-s-play-the-magnanimous-cuckold.jpg
Untitled,Gego,Minimalism,abstract,"oil, canvas",https://www.wikiart.org/en/gego/untitled-1966,https://uploads8.wikiart.org/images/gego/untitled-1966.jpg,95,,,,https://uploads8.wikiart.org/images/peter-laszlo-peri/room-space-construction-1921.jpg
Die,Tony Smith,Minimalism,sculpture,sculpture,https://www.wikiart.org/en/tony-smith/die-1968,https://uploads8.wikiart.org/images/tony-smith/die-1968.jpg,96,,,,https://uploads8.wikiart.org/images/naum-gabo/model-for-column-1921.jpg
R60-27,Johnanes Jan Schoonhoven,Minimalism,abstract,"oil, canvas",https://www.wikiart.org/en/johannes-jan-schoonhoven/r60-27-1960,https://uploads8.wikiart.org/images/johannes-jan-schoonhoven/r60-27-1960.jpg,97,,,,https://uploads8.wikiart.org/images/carl-buchheister/dreiformvariation-1928.jpg
Untitled,Mathias Goeritz,Minimalism,sculpture,sculpture,https://www.wikiart.org/en/mathias-goeritz/untitled-1983,https://uploads8.wikiart.org/images/mathias-goeritz/untitled-1983.jpg,98,,,,https://uploads8.wikiart.org/images/erich-buchholz/composition-1920-1.jpg
Untitled (from Splints),Mira Schendel,Minimalism,abstract,wood,https://www.wikiart.org/en/mira-schendel/untitled-from-splints-1987,https://uploads4.wikiart.org/images/mira-schendel/untitled-from-splints-1987(1).jpg!PinterestSmall.jpg,99,,,,https://uploads8.wikiart.org/images/john-mclaughlin/number-6-1963.jpg
Primrose,Anne Truitt,Minimalism,sculpture,sculpture,https://www.wikiart.org/en/anne-truitt/primrose-1962,https://uploads8.wikiart.org/images/anne-truitt/primrose-1962.jpg,100,,,,https://uploads8.wikiart.org/images/antonio-calderara/spazio-luce-1961.jpg
Ridiculous Portrait (Statue of Liberty),May Wilson,Pop Art,cityscape,collage,https://www.wikiart.org/en/may-wilson/ridiculous-portrait-statue-of-liberty-1972,https://uploads8.wikiart.org/images/may-wilson/ridiculous-portrait-statue-of-liberty-1972.jpg,101,,,,https://uploads8.wikiart.org/images/myron-stout/untitled-1979.jpg
Enriched Bread,Corita Kent,Pop Art,figurative,"Screenprint, canvas",https://www.wikiart.org/en/corita-kent/enriched-bread-1965,https://uploads0.wikiart.org/00333/images/corita-kent/enriched-bread-1965.jpg,102,,,,https://uploads8.wikiart.org/images/agnes-martin/desert-rain-1957.jpg
"Pies, Pies, Pies",Wayne Thiebaud,Pop Art,still life,"oil, canvas",https://www.wikiart.org/en/wayne-thiebaud/pies-pies-pies-1961,https://uploads8.wikiart.org/images/wayne-thiebaud/pies-pies-pies-1961.jpg,103,,,,https://uploads8.wikiart.org/images/gego/untitled-1966.jpg
Self-Portrait,Richard Hamilton,Pop Art,self-portrait,screenprint,https://www.wikiart.org/en/richard-hamilton/self-portrait-1967,https://uploads8.wikiart.org/images/richard-hamilton/self-portrait-1967.jpg,104,,,,https://uploads8.wikiart.org/images/tony-smith/die-1968.jpg
In the car,Roy Lichtenstein,Pop Art,genre painting,"magna, canvas",https://www.wikiart.org/en/roy-lichtenstein/in-the-car-1963,https://uploads5.wikiart.org/images/roy-lichtenstein/in-the-car-1963(1).jpg,105,,,,https://uploads8.wikiart.org/images/johannes-jan-schoonhoven/r60-27-1960.jpg
Exclamation Point (Chartreuse),Richard Artschwager,Pop Art,installation,fabric,https://www.wikiart.org/en/richard-artschwager/exclamation-point-chartreuse-2008,https://uploads6.wikiart.org/images/richard-artschwager/exclamation-point-chartreuse-2008.jpg!Large.jpg,106,,,,https://uploads8.wikiart.org/images/mathias-goeritz/untitled-1983.jpg
God/Dog,Stanley Pinker,Pop Art,animal painting,"oil, canvas",https://www.wikiart.org/en/stanley-pinker/god-dog,https://uploads8.wikiart.org/images/stanley-pinker/god-dog.jpg,107,,,,https://uploads8.wikiart.org/images/mira-schendel/untitled-from-splints-1987.jpg
Micron salon doloricida,Gianfranco Baruchello,Pop Art,installation,wood,https://www.wikiart.org/en/gianfranco-baruchello/micron-salon-doloricida-1962,https://uploads8.wikiart.org/images/gianfranco-baruchello/micron-salon-doloricida-1962.jpg,108,,,,
Loose woman 2,Sergei Parajanov,Pop Art,symbolic painting,collage,https://www.wikiart.org/en/sergei-parajanov/loose-woman-2-19888,https://uploads6.wikiart.org/images/sergei-parajanov/loose-woman-2-1988.jpg!Large.jpg,109,,,,
Benz Racing Car,Andy Warhol,Pop Art,still life,collage,https://www.wikiart.org/en/andy-warhol/benz-racing-car,https://uploads7.wikiart.org/images/andy-warhol/benz-racing-car.jpg!Large.jpg,110,,,,
The Ancient of Days,William Blake,Symbolism,illustration,watercolor,https://www.wikiart.org/en/william-blake/the-ancient-of-days-1794,https://uploads8.wikiart.org/images/william-blake/the-ancient-of-days-1794.jpg,111,,,,
Marine Terrace with initials,Victor Hugo,Symbolism,figurative,"oil, canvas",https://www.wikiart.org/en/victor-hugo/marine-terrace-with-initials-1855,https://uploads8.wikiart.org/images/victor-hugo/marine-terrace-with-initials-1855.jpg,112,,,,
The Poor Fisherman,Pierre Puvis de Chavannes,Symbolism,genre painting,"oil, canvas",https://www.wikiart.org/en/pierre-puvis-de-chavannes/the-poor-fisherman,https://uploads8.wikiart.org/images/pierre-puvis-de-chavannes/the-poor-fisherman.jpg,113,,,,
Oedipus and the Sphinx,Gustave Moreau,Symbolism,Mythological painting,"oil, canvas",https://www.wikiart.org/en/gustave-moreau/the-sphinx-1864,https://uploads8.wikiart.org/images/gustave-moreau/the-sphinx-1864.jpg,114,,,,
Christ and the two Marys,William Holman Hunt,Symbolism,Religious painting,"oil, canvas",https://www.wikiart.org/en/william-holman-hunt/christ-and-the-two-marys,https://uploads8.wikiart.org/images/william-holman-hunt/christ-and-the-two-marys.jpg,115,,,,
The Isle of the Dead,Arnold Bocklin,Symbolism,allegorical painting,"oil, panel",https://www.wikiart.org/en/arnold-bocklin/the-isle-of-the-dead-1883,https://uploads8.wikiart.org/images/arnold-b-cklin/the-isle-of-the-dead-1883.jpg!HD.jpg,116,,,,
Fallen Angel Looking at a Cloud,Odilon Redon,Symbolism,symbolic painting,"oil, canvas",https://www.wikiart.org/en/odilon-redon/fallen-angel-looking-at-at-cloud,https://uploads8.wikiart.org/images/odilon-redon/fallen-angel-looking-at-at-cloud.jpg,117,,,,
Pegasus Departing,Albert Pinkham Ryder,Symbolism,Mythological painting,"oil, canvas",https://www.wikiart.org/en/albert-pinkham-ryder/pegasus-departing-1901,https://uploads8.wikiart.org/images/albert-pinkham-ryder/pegasus-departing-1901.jpg,118,,,,
Fame ,Luc-Oliver Merson,Symbolism,allegorical painting,"oil, canvas",https://www.wikiart.org/en/luc-olivier-merson/fame-la-renomme-e-27-x-33-cm-1889,https://uploads8.wikiart.org/images/luc-olivier-merson/fame-la-renomme-e-27-x-33-cm-1889.jpg,119,,,,
Overall study of the life of weary,Ferdinand Hodler,Symbolism,sketch and study,"pencil, paper",https://www.wikiart.org/en/ferdinand-hodler/overall-study-of-the-life-of-weary,https://uploads8.wikiart.org/images/ferdinand-hodler/overall-study-of-the-life-of-weary.jpg,120,,,,
Spring walk ,Georgy Yakulov,Cubism,genre painting,"gouache, card",https://www.wikiart.org/en/georgy-yakulov/spring-walk-1915,https://uploads8.wikiart.org/images/georgy-yakulov/spring-walk-1915.jpg,121,,,,
Portrait of an Actor (Félix Barré),Jacques Vilon,Cubism,portrait,drypoint,https://www.wikiart.org/en/jacques-villon/portrait-of-an-actor-f-lix-barr-1913,https://uploads8.wikiart.org/images/jacques-villon/portrait-of-an-actor-f-lix-barr-1913.jpg,122,,,,
Visage criant a la grande main,Julio Gonzalez,Cubism,portrait,"gouache, card",https://www.wikiart.org/en/julio-gonzalez/visage-criant-a-la-grande-main-1941,https://uploads8.wikiart.org/images/julio-gonzalez/visage-criant-a-la-grande-main-1941.jpg,123,,,,
Bather,Raoul Dufy,Cubism,nude painting,etching,https://www.wikiart.org/en/raoul-dufy/bather-1908,https://uploads8.wikiart.org/images/raoul-dufy/bather-1908.jpg,124,,,,
Still-life with Chessboard and Pipe,Bela Kadar,Cubism,still life,"oil, canvas",https://www.wikiart.org/en/bela-kadar/still-life-with-chessboard-and-pipe-1920,https://uploads8.wikiart.org/images/bela-kadar/still-life-with-chessboard-and-pipe-1920.jpg,125,,,,
"Violin, Bottle Flowers in a Glass and Eight of Spades",Louis Marcoussis,Cubism,still life,"oil, canvas",https://www.wikiart.org/en/louis-marcoussis/violin-bottle-flowers-in-a-glass-and-eight-of-spades-1919,https://uploads8.wikiart.org/images/louis-marcoussis/violin-bottle-flowers-in-a-glass-and-eight-of-spades-1919.jpg,126,,,,
L'oiseau,Leopold Survage,Cubism,cityscape,"oil, canvas",https://www.wikiart.org/en/leopold-survage/l-oiseau-19155,https://uploads8.wikiart.org/images/l-opold-survage/l-oiseau-1915.jpg,127,,,,
Le Monogramme,Maria Blanchard,Cubism,figurative,"oil, canvas",https://www.wikiart.org/en/maria-blanchard/le-monogramme-1916,https://uploads1.wikiart.org/00334/images/maria-blanchard/le-monogramme-1916.jpg!HD.jpg,128,,,,
Painting,Patrick Henry Bruce,Cubism,still life,"oil, canvas",https://www.wikiart.org/en/patrick-henry-bruce/painting-1930,https://uploads8.wikiart.org/images/patrick-henry-bruce/painting-1930.jpg,129,,,,
Composition with skull,Pablo Picasso,Cubism,vanitas,"oil, canvas",https://www.wikiart.org/en/pablo-picasso/composition-with-skull-1908,https://uploads8.wikiart.org/images/pablo-picasso/composition-with-skull-1908.jpg,130,,,,
A Friend in Need,Cassius Marcellus Coolidge,Kitsch,animal painting,"oil, canvas",https://www.wikiart.org/en/cassius-marcellus-coolidge/a-friend-in-need-1903,https://uploads6.wikiart.org/00257/images/cassius-marcellus-coolidge/a-friend-in-need-1903-c-m-coolidge.jpg!Large.jpg,131,,,,
Untitled,Harrison Fisher,Kitsch,design,"oil, canvas",https://www.wikiart.org/en/harrison-fisher/untitled-32,https://uploads8.wikiart.org/images/harrison-fisher/untitled-32.jpg,132,,,,
Mending the Pirate Flag,Frank Xavier Leyendecker,Kitsch,illustration,"oil, canvas",https://www.wikiart.org/en/frank-xavier-leyendecker/mending-the-pirate-flag,https://uploads1.wikiart.org/00137/images/frank-xavier-leyendecker/mending-the-pirate-flag.jpg!HalfHD.jpg,133,,,,
Ducks,Jessie Arms Botke,Kitsch,wildlife painting,"oil, canvas",https://www.wikiart.org/en/jessie-arms-botke/ducks-1920,https://uploads4.wikiart.org/00307/images/jessie-arms-botke/ducks-1920.jpg!Large.jpg,134,,,,
Coca Cola Springboard Girl Tin Serving Tray,Haddon Sundblom,Kitsch,advertisement,metal,https://www.wikiart.org/en/haddon-sundbloom/coca-cola-springboard-girl-tin-serving-tray-1939,https://uploads1.wikiart.org/00220/images/haddon-sundbloom/h1097-l86448450.jpg!Large.jpg,135,,,,
Wind,Konrad Zuse,Kitsch,figurative,"oil, canvas",https://www.wikiart.org/en/konrad-zuse/wind-1963,https://uploads1.wikiart.org/00243/images/konrad-zuse/6332-80x55.jpg!PinterestSmall.jpg,136,,,,
Self Portrait,Vladimir Tretchikoff,Kitsch,self-portrait,"oil, canvas",https://www.wikiart.org/en/vladimir-tretchikoff/self-portrait-1950,https://uploads5.wikiart.org/00231/images/vladimir-tretchikoff/at244945002.jpg!Portrait.jpg,137,,,,
A Princess of Mars,Frank Frazette,Kitsch,illustration,"oil, canvas",https://www.wikiart.org/en/frank-frazetta/a-princess-of-mars,https://uploads8.wikiart.org/00307/images/frank-frazetta/a-princess-of-mars.jpg,138,,,,
Untitled,Mahmoud Farshchian,Kitsch,figurative,"oil, canvas",https://www.wikiart.org/en/mahmoud-farshchian/untitled-8,https://uploads1.wikiart.org/00311/images/mahmoud-farshchian/c9150b9cd75fd48238dbdaff6e0f74e8.jpg!Large.jpg,139,,,,
"San Francisco, Market Street",Thomas Kinkade,Kitsch,cityscape,"oil, canvas",https://www.wikiart.org/en/thomas-kinkade/san-francisco-market-street-1994,https://uploads8.wikiart.org/images/thomas-kinkade/san-francisco-market-street-1994.jpg,140,,,,
The Apotheosis of St. Ignatius,Giovanni Battista Gaulli,Rococo,Religious painting,"oil, canvas",https://www.wikiart.org/en/giovanni-battista-gaulli/the-apotheosis-of-st-ignatius-1685,https://uploads0.wikiart.org/00276/images/giovanni-battista-gaulli/the-apotheosis-of-st-ignatius.jpg!Blog.jpg,141,,,,
A Gentleman in a Gold Patterned Coat and Violet-Brown Cape,Rosalba Carriera,Rococo,portrait,"oil, canvas",https://www.wikiart.org/en/rosalba-carriera/a-gentleman-in-a-gold-patterned-coat-and-violet-brown-cape-1727,https://uploads8.wikiart.org/images/rosalba-carriera/a-gentleman-in-a-gold-patterned-coat-and-violet-brown-cape-1727.jpg,142,,,,
Reception of August the Strong in the Berlin City Palaces,Antoine Pesne,Rococo,portrait,"oil, canvas",https://www.wikiart.org/en/antoine-pesne/reception-of-august-the-strong-in-the-berlin-city-palaces-1729,https://uploads8.wikiart.org/images/antoine-pesne/reception-of-august-the-strong-in-the-berlin-city-palaces-1729.jpg,143,,,,
Le Bain De Diane,Jean-Baptiste van Loo,Rococo,Mythological painting,"oil, canvas",https://www.wikiart.org/en/jean-baptiste-van-loo/le-bain-de-diane,https://uploads6.wikiart.org/00308/images/jean-baptiste-van-loo/jean-baptiste-van-loo-le-bain-de-diane.jpg!HD.jpg,144,,,,
Faun,Antoine Watteau,Rococo,illustration,"oil, panel",https://www.wikiart.org/en/antoine-watteau/faun-1708,https://uploads8.wikiart.org/images/antoine-watteau/faun-1708.jpg,145,,,,
Die Liebenden,Jean-Marc Nattier,Rococo,genre painting,"oil, canvas",https://www.wikiart.org/en/jean-marc-nattier/die-liebenden-1744,https://uploads8.wikiart.org/images/jean-marc-nattier/die-liebenden-1744.jpg,146,,,,
Abundance,Jean-Baptiste Oudry,Rococo,allegorical painting,"oil, canvas",https://www.wikiart.org/en/jean-baptiste-oudry/abundance-1719,https://uploads3.wikiart.org/00366/images/jean-baptiste-oudry/jean-baptiste-oudry-abundance-1719-meisterdrucke-51603.jpg!HalfHD.jpg,147,,,,
The Apotheosis of Saint Jerome with Saint Peter of Alcántara and an Unidentified Franciscan,Giambattista Pittoni,Rococo,Religious painting,"oil, canvas",https://www.wikiart.org/en/giambattista-pittoni/the-apotheosis-of-saint-jerome-with-saint-peter-of-alcantara-and-an-unidentified-franciscan-1725,https://uploads6.wikiart.org/00250/images/giambattista-pittoni/giovanni-battista-pittoni-the-apotheosis-of-saint-jerome-with-saint-peter-of-alcantara-and-an.jpg!HalfHD.jpg,148,,,,
Apotheosis of Hercules,Francois Lemoyne,Rococo,Mythological painting,"oil, canvas",https://www.wikiart.org/en/francois-lemoyne/lapotheose-dhercule,https://uploads2.wikiart.org/00308/images/francois-lemoyne/fran-ois-lemoyne-l-apoth-ose-d-hercule-google-art-project.jpg!HD.jpg,149,,,,
"The Force of Eloquence, Bellerophon and Pegasus",Giovanni Battista Tiepolo,Rococo,allegorical painting,fresco,https://www.wikiart.org/en/giovanni-battista-tiepolo/the-force-of-eloquence-bellerophon-and-pegasus,https://uploads8.wikiart.org/images/giovanni-battista-tiepolo/the-force-of-eloquence-bellerophon-and-pegasus.jpg,150,,,,
Circle Composition,Henryk Berlewi,Op Art,abstract,ink,https://www.wikiart.org/en/henryk-berlewi/circle-composition,https://uploads8.wikiart.org/images/henryk-berlewi/circle-composition.jpg,151,,,,
Hand with Fir Cone,M.C. Escher,Op Art,illustration,ink,https://www.wikiart.org/en/m-c-escher/not_detected_204652,https://uploads8.wikiart.org/images/m-c-escher/not_detected_204652.jpg,152,,,,
Studie 406,Hans Hinterreiter,Op Art,tessellation,"oil, canvas",https://www.wikiart.org/en/hans-hinterreiter/studie-406-1937,https://uploads8.wikiart.org/images/hans-hinterreiter/studie-406-1937.jpg,153,,,,
The Chess Board,Victor Vasarely,Op Art,still life,"oil, board",https://www.wikiart.org/en/victor-vasarely/the-chess-board-1935,https://uploads8.wikiart.org/images/victor-vasarely/the-chess-board-1935.jpg,154,,,,
Untitled,Lothar Charoux,Op Art,abstract,"oil, canvas",https://www.wikiart.org/en/lothar-charoux/untitled-1980,https://uploads2.wikiart.org/images/lothar-charoux/untitled-1980(1).jpg!Large.jpg,155,,,,
Untitled,Gego,Op Art,abstract,"pencil, paper",https://www.wikiart.org/en/gego/untitled-1966-3,https://uploads8.wikiart.org/images/gego/untitled-1966-3.jpg,156,,,,
Tensioni formali da instabilità luminosa,Mario Ballocco,Op Art,abstract,"oil, canvas",https://www.wikiart.org/en/mario-ballocco/tensioni-formali-da-instabilit-luminosa-1967,https://uploads8.wikiart.org/images/mario-ballocco/tensioni-formali-da-instabilit-luminosa-1967.jpg,157,,,,
Atmosphère chromoplastique N° 120,Luis Tomasello,Op Art,sculpture,wood,https://www.wikiart.org/en/luis-tomasello/atmosph-re-chromoplastique-n-120-1964,https://uploads8.wikiart.org/images/luis-tomasello/atmosph-re-chromoplastique-n-120-1964.jpg,158,,,,
Spazio totale,Mario Nigro,Op Art,abstract,"oil, canvas",https://www.wikiart.org/en/mario-nigro/spazio-totale-1953,https://uploads8.wikiart.org/images/mario-nigro/spazio-totale-1953.jpg,159,,,,
Atom Cloud,Edna Andrade,Op Art,abstract,"oil, canvas",https://www.wikiart.org/en/edna-andrade/atom-cloud-1958,https://uploads8.wikiart.org/images/edna-andrade/atom-cloud-1958.jpg,160,,,,
Untitled (Blue Man on Red Object),Bill Traylor,Outsider art (Art brut),figurative,"pencil, cardboard",https://www.wikiart.org/en/bill-traylor/untitled-blue-man-on-red-object-1939,https://uploads8.wikiart.org/images/bill-traylor/untitled-blue-man-on-red-object-1939.jpg,161,,,,
Untitled,Louis Wain,Outsider art (Art brut),animal painting,"oil, canvas",https://www.wikiart.org/en/louis-wain/untitled-5,https://uploads8.wikiart.org/images/louis-wain/untitled-5.jpg,162,,,,
Irren Anstalt Band Hain,Adolf Wolfli,Outsider art (Art brut),figurative,"oil, canvas",https://www.wikiart.org/en/adolf-wolfli/irren-anstalt-band-hain-1919,https://uploads4.wikiart.org/00152/images/adolf-wolfli/irren-anstalt-band-hain-1910.jpg!Large.jpg,163,,,,
Wappen,August Natterer,Outsider art (Art brut),symbolic painting,"oil, canvas",https://www.wikiart.org/en/august-natterer/wappen,https://uploads8.wikiart.org/images/august-natterer/wappen.jpg,164,,,,
Forêt,Louis Soutter,Outsider art (Art brut),figurative,"oil, canvas",https://www.wikiart.org/en/louis-soutter/for-t-1942,https://uploads8.wikiart.org/images/louis-soutter/for-t-1942.jpg,165,,,,
Cotton Mill,Clementine Hunter,Outsider art (Art brut),genre painting,"oil, canvas",https://www.wikiart.org/en/clementine-hunter/cotton-mill,https://uploads7.wikiart.org/00243/images/clementine-hunter/2016-28-9.jpg!Large.jpg,166,,,,
Human Headed Blengins of Calverine Island Catherine Isles,Henry Darger,Outsider art (Art brut),illustration,"oil, canvas",https://www.wikiart.org/en/henry-darger/human-headed-blengins-of-calverine-island-catherine-isles,https://uploads8.wikiart.org/images/henry-darger/human-headed-blengins-of-calverine-island-catherine-isles.jpg,167,,,,
The Mass Demon,Friedrich Schroder-Sonnenstern,Outsider art (Art brut),figurative,"oil, canvas",https://www.wikiart.org/en/friedrich-schroder-sonnenstern/the-mass-demon-1954,https://uploads8.wikiart.org/images/friedrich-schroder-sonnenstern/the-mass-demon-1954.jpg,168,,,,
Atlas Building,William Hawkins,Outsider art (Art brut),cityscape,"oil, canvas",https://www.wikiart.org/en/william-hawkins/atlas-building-1979,https://uploads5.wikiart.org/00237/images/william-hawkins/screen-shot-2019-05-22-at-10-18-35-am.png!Large.png,169,,,,
Subway,Jean Dubuffet,Outsider art (Art brut),figurative,incised ink,https://www.wikiart.org/en/jean-dubuffet/subway,https://uploads8.wikiart.org/images/jean-dubuffet/subway.jpg,170,,,,
Untitled,Shozo Shimamoto,Art Informel,abstract,"oil, canvas",https://www.wikiart.org/en/shozo-shimamoto/unknown-title,https://uploads0.wikiart.org/images/shozo-shimamoto/unknown-title.jpg!Large.jpg,171,,,,
People,Se-Ok Suh,Art Informel,abstract,ink,https://www.wikiart.org/en/se-ok-suh/people,https://uploads8.wikiart.org/images/se-ok-suh/people.jpg,172,,,,
Painting 488,Luis Feito,Art Informel,abstract,"oil, canvas",https://www.wikiart.org/en/luis-feito/painting-488,https://uploads8.wikiart.org/images/luis-feito/painting-488.jpg,173,,,,
Untitled,Samuel Buri,Art Informel,abstract,lithograph,https://www.wikiart.org/en/samuel-buri/untitledd,https://uploads0.wikiart.org/images/samuel-buri/untitled.jpg!Large.jpg,174,,,,
Dizeres Intimos I,Gil Teixeira Lopes,Art Informel,abstract,"oil, canvas",https://www.wikiart.org/en/gil-teixeira-lopes/dizeres-intimos-i,https://uploads8.wikiart.org/images/gil-teixeira-lopes/dizeres-intimos-i.jpg,175,,,,
Bird,Matsutani,Art Informel,abstract,"oil, canvas",https://www.wikiart.org/en/matsutani/bird,https://uploads6.wikiart.org/images/matsutani/bird(1).jpg!Large.jpg,176,,,,
Ardoise,Andre-Pierre Arnal,Art Informel,abstract,"oil, canvas",https://www.wikiart.org/en/andre-pierre-arnal/ardoise,https://uploads8.wikiart.org/images/andre-pierre-arnal/ardoise.jpg,177,,,,
Småting,Asger Jorn,Art Informel,abstract,"oil, canvas",https://www.wikiart.org/en/asger-jorn/sm-ting-1940,https://uploads8.wikiart.org/images/asger-jorn/sm-ting-1940.jpg,178,,,,
Untitled,Jean Fautrier,Art Informel,abstract,"oil, canvas",https://www.wikiart.org/en/jean-fautrier/untitled-1943,https://uploads8.wikiart.org/images/jean-fautrier/untitled-1943.jpg,179,,,,
Sun Figures,Willi Baumeister,Art Informel,abstract,"oil, canvas",https://www.wikiart.org/en/willi-baumeister/sun-figures-1944,https://uploads8.wikiart.org/images/willi-baumeister/sun-figures-1944.jpg,180,,,,
Landscape with a Palace,Eugeniusz Zak,Art Deco,landscape,"oil, canvas",https://www.wikiart.org/en/eugeniusz-ak/landscape-with-a-palace-1916,https://uploads8.wikiart.org/images/eugeniusz-ak/landscape-with-a-palace-1916.jpg,181,,,,
An Elegant Young Lady with a Fur Hat by Gerda Wegener,Gerda Wegener,Art Deco,portrait,etching,https://www.wikiart.org/en/gerda-wegener/an-elegant-young-lady-with-a-fur-hat-by-gerda-wegener-1918,https://uploads7.wikiart.org/00333/images/gerda-wegener/an-elegant-young-lady-with-a-fur-hat-by-gerda-wegener-1918.jpg!HalfHD.jpg,182,,,,
La danseuse et les deux pigeons,Jean Dupas,Art Deco,genre painting,"oil, canvas",https://www.wikiart.org/en/jean-dupas/la-danseuse-et-les-deux-pigeons-1919,https://uploads8.wikiart.org/images/jean-dupas/la-danseuse-et-les-deux-pigeons-1919.jpg,183,,,,
Self Portrait,Archibald Motley,Art Deco,portrait,"oil, canvas",https://www.wikiart.org/en/archibald-motley/self-portrait-1920,https://uploads0.wikiart.org/00230/images/archibald-motley/self-portrait.jpg!Large.jpg,184,,,,
Three Women Under an Umbrella,Gerda Wegener,Art Deco,portrait,"oil, canvas",https://www.wikiart.org/en/gerda-wegener/three-women-under-an-umbrella-1920,https://uploads5.wikiart.org/00333/images/gerda-wegener/three-women-under-an-umbrella-c-1920.jpg!Portrait.jpg,185,,,,
Au Bucheron,Cassandre,Art Deco,poster,print,https://www.wikiart.org/en/cassandre/au-bucheron-1923,https://uploads8.wikiart.org/images/cassandre/au-bucheron-1923.jpg,186,,,,
The Judgement of Paris,Jean Dupas,Art Deco,Mythological painting,"oil, canvas",https://www.wikiart.org/en/jean-dupas/the-judgement-of-paris-1923,https://uploads1.wikiart.org/00452/images/jean-dupas/42-medium.jpg!Large.jpg,187,,,,
Bather,Rene Magritte,Art Deco,genre painting,"oil, canvas",https://www.wikiart.org/en/rene-magritte/bather-1925,https://uploads8.wikiart.org/images/rene-magritte/bather-1925(1).jpg!Large.jpg,188,,,,
Le Nouvelliste,Cassandre,Art Deco,poster,print,https://www.wikiart.org/en/cassandre/le-nouvelliste-1924,https://uploads8.wikiart.org/images/cassandre/le-nouvelliste-1924.jpg,189,,,,
Portrait of Marquis Sommi,Tamara de Lempicka,Art Deco,portrait,"oil, canvas",https://www.wikiart.org/en/tamara-de-lempicka/portrait-of-marquis-sommi-1925,https://uploads8.wikiart.org/images/tamara-de-lempicka/portrait-of-marquis-sommi-1925.jpg,190,,,,
Untitled,Enrico Castellani,Spatialism,abstract,textile,https://www.wikiart.org/en/enrico-castellani/untitled,https://uploads8.wikiart.org/images/enrico-castellani/untitled.jpg,191,,,,
Verde,Agostino ,Spatialism,abstract,textile,https://www.wikiart.org/en/agostino-bonalumi/verde-3000,https://uploads8.wikiart.org/images/agostino-bonalumi/verde-3000.jpg,192,,,,
Deposition,Lucio Fontana,Spatialism,abstract,sculpture,https://www.wikiart.org/en/lucio-fontana/deposition,https://uploads8.wikiart.org/images/lucio-fontana/deposition.jpg,193,,,,
Achrome,Piero Manzoni,Spatialism,abstract,canvas,https://www.wikiart.org/en/piero-manzoni/achrome-1958-1,https://uploads8.wikiart.org/images/piero-manzoni/achrome-1958-1.jpg,194,,,,
Volume,Dadmaino,Spatialism,abstract,"oil, canvas",https://www.wikiart.org/en/dadamaino/volume-1958,https://uploads8.wikiart.org/images/dadamaino/volume-1958.jpg,195,,,,
Iron,Alberto Burri,Spatialism,abstract,metal,https://www.wikiart.org/en/alberto-burri/iron-1960,https://uploads8.wikiart.org/images/alberto-burri/iron-1960.jpg,196,,,,
Volumi (blu),Paolo Scheggi,Spatialism,abstract,"oil, canvas",https://www.wikiart.org/en/paolo-scheggi/volumi-blu-1964,https://uploads8.wikiart.org/images/paolo-scheggi/volumi-blu-1964.jpg,197,,,,
Dittico rosso,Enrico Castellani,Spatialism,abstract,"oil, canvas",https://www.wikiart.org/en/enrico-castellani/dittico-rosso-1966,https://uploads8.wikiart.org/images/enrico-castellani/dittico-rosso-1966.jpg,198,,,,
Bianco,Agostino Bonalumi,Spatialism,abstract,"oil, canvas",https://www.wikiart.org/en/agostino-bonalumi/bianco-1966,https://uploads8.wikiart.org/images/agostino-bonalumi/bianco-1966.jpg,199,,,,
Forme ovali al negativo,Turi Simeti,Spatialism,abstract,"oil, canvas",https://www.wikiart.org/en/turi-simeti/forme-ovali-al-negativo-1966,https://uploads8.wikiart.org/images/turi-simeti/forme-ovali-al-negativo-1966.jpg,200,,,,