Duration (in seconds),Q1...18,270,270,270,270,270,270,270,270,270,270,270,270,270,270,270,270,270,270,270,270,270,270,270,270,270,270,270,270,270,270,270,270,270,270,270,270,270,270,270,270,270,270,246,246,246,246,246,246,246,246,246,246,246,246,246,246,246,246,246,246,246,246,246,246,246,246,246,246,246,246,246,246,246,246,246,246,246,246,246,246,246,246,246,246,160,160,160,160,160,160,160,160,160,160,160,160,160,160,160,160,160,160,160,160,160,160,160,160,160,160,160,160,160,160,160,160,160,160,160,160,160,160,160,160,160,160,15,15,15,15,15,15,15,15,15,15,15,15,15,15,15,15,15,15,15,15,15,15,15,15,15,15,15,15,15,15,15,15,15,15,15,15,15,15,15,15,15,15,Q1...283,Attention Check,Q2...285,Q4,Q5,Q6,Q1...289,Q2...290,Q3,Q3_4_TEXT
,,Target,Target,Target,Target,Target,Target,Target,Target,Target,Target,Target,Target,Target,Target,Target,Target,Target,Target,SelfRate,SelfRate,SelfRate,SelfRate,SelfRate,SelfRate,SelfRate,SelfRate,SelfRate,SelfRate,SelfRate,SelfRate,SelfRate,SelfRate,SelfRate,SelfRate,SelfRate,SelfRate,SelfRate,SelfRate,SelfRate,SelfRate,SelfRate,SelfRate,Target,Target,Target,Target,Target,Target,Target,Target,Target,Target,Target,Target,Target,Target,Target,Target,Target,Target,SelfRate,SelfRate,SelfRate,SelfRate,SelfRate,SelfRate,SelfRate,SelfRate,SelfRate,SelfRate,SelfRate,SelfRate,SelfRate,SelfRate,SelfRate,SelfRate,SelfRate,SelfRate,SelfRate,SelfRate,SelfRate,SelfRate,SelfRate,SelfRate,Target,Target,Target,Target,Target,Target,Target,Target,Target,Target,Target,Target,Target,Target,Target,Target,Target,Target,SelfRate,SelfRate,SelfRate,SelfRate,SelfRate,SelfRate,SelfRate,SelfRate,SelfRate,SelfRate,SelfRate,SelfRate,SelfRate,SelfRate,SelfRate,SelfRate,SelfRate,SelfRate,SelfRate,SelfRate,SelfRate,SelfRate,SelfRate,SelfRate,Target,Target,Target,Target,Target,Target,Target,Target,Target,Target,Target,Target,Target,Target,Target,Target,Target,Target,SelfRate,SelfRate,SelfRate,SelfRate,SelfRate,SelfRate,SelfRate,SelfRate,SelfRate,SelfRate,SelfRate,SelfRate,SelfRate,SelfRate,SelfRate,SelfRate,SelfRate,SelfRate,SelfRate,SelfRate,SelfRate,SelfRate,SelfRate,SelfRate,,,,,,,,,,
Duration (in seconds),"You are being asked to participate in research conducted under the direction of Dr. Derek Powell, Assistant Professor at Arizona State University. You must be 18 years or older to participate in this study.

Your participation in this study will involve completion of a survey administered through a web form. This study aims to learn about how people form and revise their beliefs about different topics. In this survey, you will answer questions about what you think about different topics, including scientific, social, and/or political topics. Some of these topics may be controversial or upsetting to certain people. You may also be asked to read some information to learn more about these topics or hear what others think about them.


The survey should take about 15 minutes to complete and you will be paid $2.25 for participating in the study.

Your participation in this study is voluntary. You have the right to stop participating at any time. To receive payment, you will need to advance through all of the pages of the survey but you may skip any questions about yourself that you do not wish to answer. 

Your answers will remain anonymous and will not be tied to any personally identifying information. Your responses and compensation will be tracked using only your mTurk ID or prolific ID (whichever is applicable). There are no foreseeable risks or discomforts to your participation. 

This study has been reviewed and approved by the Arizona State University Institutional Review Board. If you have any questions concerning the research study, please contact Dr. Derek Powell (dmpowell@asu.edu). If you have any questions about your rights as a subject/participant in this research, or if you feel you have been placed at risk, you can contact the Chair of the Human Subjects Institutional Review Board, through the ASU Office of Research Integrity and Assurance, at (480) 965-6788. Please check the box below to indicate that wish to be part of the study and to continue to the survey.",https://uploads8.wikiart.org/images/pablo-picasso/composition-with-skull-1908.jpg,https://uploads8.wikiart.org/images/cassandre/le-nouvelliste-1924.jpg,https://uploads8.wikiart.org/images/luis-feito/painting-488.jpg,https://uploads6.wikiart.org/00308/images/jean-baptiste-van-loo/jean-baptiste-van-loo-le-bain-de-diane.jpg!HD.jpg,https://uploads8.wikiart.org/images/ferdinand-hodler/at-the-foot-of-the-petit-saleve-1893.jpg ,https://uploads8.wikiart.org/images/claude-monet/impression-sunrise.jpg ,https://uploads4.wikiart.org/00307/images/jessie-arms-botke/ducks-1920.jpg!Large.jpg,https://uploads1.wikiart.org/00137/images/frank-xavier-leyendecker/mending-the-pirate-flag.jpg!HalfHD.jpg,https://uploads8.wikiart.org/images/dadamaino/volume-1958.jpg,https://uploads8.wikiart.org/images/agostino-bonalumi/verde-3000.jpg,https://uploads4.wikiart.org/00152/images/adolf-wolfli/irren-anstalt-band-hain-1910.jpg!Large.jpg,https://uploads8.wikiart.org/images/louis-wain/untitled-5.jpg,https://uploads8.wikiart.org/images/m-c-escher/not_detected_204652.jpg,https://uploads8.wikiart.org/images/stanley-pinker/god-dog.jpg,https://uploads8.wikiart.org/images/charles-jacque/cows-1865.jpg,https://uploads8.wikiart.org/images/alexey-venetsianov/sleeping-herd-boy.jpg,https://uploads8.wikiart.org/images/william-blake/the-ancient-of-days-1794.jpg,https://uploads8.wikiart.org/images/willi-baumeister/sun-figures-1944.jpg,https://uploads8.wikiart.org/images/john-marin/autumn-coloring-no-4-1952.jpg,https://uploads8.wikiart.org/images/pablo-picasso/composition-with-skull-1908.jpg,https://uploads8.wikiart.org/images/tamara-de-lempicka/portrait-of-marquis-sommi-1925.jpg,https://uploads8.wikiart.org/images/cassandre/le-nouvelliste-1924.jpg,https://uploads0.wikiart.org/images/samuel-buri/untitled.jpg!Large.jpg,https://uploads8.wikiart.org/images/luis-feito/painting-488.jpg,https://uploads8.wikiart.org/images/willi-baumeister/sun-figures-1944.jpg,https://uploads8.wikiart.org/images/antoine-pesne/reception-of-august-the-strong-in-the-berlin-city-palaces-1729.jpg,https://uploads6.wikiart.org/00308/images/jean-baptiste-van-loo/jean-baptiste-van-loo-le-bain-de-diane.jpg!HD.jpg,https://uploads8.wikiart.org/images/wilhelm-kotarbinski/afternoon-silence.jpg,https://uploads8.wikiart.org/images/ferdinand-hodler/at-the-foot-of-the-petit-saleve-1893.jpg,https://uploads8.wikiart.org/images/camille-pissarro/avenue-de-l-opera-place-du-theatre-francais-misty.jpg,https://uploads8.wikiart.org/images/claude-monet/impression-sunrise.jpg ,https://uploads4.wikiart.org/00307/images/jessie-arms-botke/ducks-1920.jpg!Large.jpg,https://uploads1.wikiart.org/00137/images/frank-xavier-leyendecker/mending-the-pirate-flag.jpg!HalfHD.jpg,https://uploads8.wikiart.org/images/dadamaino/volume-1958.jpg,https://uploads8.wikiart.org/images/agostino-bonalumi/verde-3000.jpg,https://uploads4.wikiart.org/00152/images/adolf-wolfli/irren-anstalt-band-hain-1910.jpg!Large.jpg,https://uploads8.wikiart.org/images/louis-wain/untitled-5.jpg,https://uploads8.wikiart.org/images/m-c-escher/not_detected_204652.jpg,https://uploads8.wikiart.org/images/stanley-pinker/god-dog.jpg,https://uploads8.wikiart.org/images/charles-jacque/cows-1865.jpg,https://uploads8.wikiart.org/images/alexey-venetsianov/sleeping-herd-boy.jpg,https://uploads8.wikiart.org/images/william-blake/the-ancient-of-days-1794.jpg,https://uploads8.wikiart.org/images/l-opold-survage/l-oiseau-1915.jpg,https://uploads8.wikiart.org/images/man-ray/jazz.jpg,https://uploads8.wikiart.org/images/pierre-puvis-de-chavannes/the-poor-fisherman.jpg ,https://uploads8.wikiart.org/images/charles-jacque/cows-1865.jpg,https://uploads8.wikiart.org/images/may-wilson/ridiculous-portrait-statue-of-liberty-1972.jpg,https://uploads4.wikiart.org/00152/images/adolf-wolfli/irren-anstalt-band-hain-1910.jpg!Large.jpg,https://uploads8.wikiart.org/images/gego/untitled-1966.jpg,https://uploads8.wikiart.org/00307/images/frank-frazetta/a-princess-of-mars.jpg,https://uploads8.wikiart.org/images/edgar-degas/landscape-at-valery-sur-somme.jpg,https://uploads8.wikiart.org/images/james-mcneill-whistler/study-for-mouth-of-the-river-1877.jpg,https://uploads2.wikiart.org/00192/images/emil-nolde/5b4816d6edc2c90a545a2384.jpg!Large.jpg,https://uploads8.wikiart.org/images/lovis-corinth/cain-1917.jpg,https://uploads8.wikiart.org/images/paul-bril/fantastic-mountain-landscape-1598.jpg,https://uploads8.wikiart.org/images/james-ward/the-eildon-hills-and-the-tweed-1807.jpg,https://uploads8.wikiart.org/images/willi-baumeister/sun-figures-1944.jpg,https://uploads0.wikiart.org/images/shozo-shimamoto/unknown-title.jpg!Large.jpg,https://uploads8.wikiart.org/images/tamara-de-lempicka/portrait-of-marquis-sommi-1925.jpg,https://uploads1.wikiart.org/00452/images/jean-dupas/42-medium.jpg!Large.jpg,https://uploads8.wikiart.org/images/l-opold-survage/l-oiseau-1915.jpg,https://uploads8.wikiart.org/images/man-ray/jazz.jpg,https://uploads8.wikiart.org/images/tamara-de-lempicka/portrait-of-marquis-sommi-1925.jpg,https://uploads1.wikiart.org/00452/images/jean-dupas/42-medium.jpg!Large.jpg,https://uploads0.wikiart.org/images/shozo-shimamoto/unknown-title.jpg!Large.jpg,https://uploads8.wikiart.org/images/willi-baumeister/sun-figures-1944.jpg,https://uploads8.wikiart.org/images/paul-bril/fantastic-mountain-landscape-1598.jpg,https://uploads8.wikiart.org/images/james-ward/the-eildon-hills-and-the-tweed-1807.jpg,https://uploads2.wikiart.org/00192/images/emil-nolde/5b4816d6edc2c90a545a2384.jpg!Large.jpg,https://uploads8.wikiart.org/images/lovis-corinth/cain-1917.jpg,https://uploads8.wikiart.org/images/edgar-degas/landscape-at-valery-sur-somme.jpg,https://uploads8.wikiart.org/images/james-mcneill-whistler/study-for-mouth-of-the-river-1877.jpg,https://uploads8.wikiart.org/00307/images/frank-frazetta/a-princess-of-mars.jpg,https://uploads4.wikiart.org/00307/images/jessie-arms-botke/ducks-1920.jpg!Large.jpg,https://uploads8.wikiart.org/images/gego/untitled-1966.jpg,https://uploads8.wikiart.org/images/agostino-bonalumi/bianco-1966.jpg,https://uploads4.wikiart.org/00152/images/adolf-wolfli/irren-anstalt-band-hain-1910.jpg!Large.jpg,https://uploads8.wikiart.org/images/louis-soutter/for-t-1942.jpg,https://uploads8.wikiart.org/images/may-wilson/ridiculous-portrait-statue-of-liberty-1972.jpg,https://uploads8.wikiart.org/images/luis-tomasello/atmosph-re-chromoplastique-n-120-1964.jpg,https://uploads8.wikiart.org/images/charles-jacque/cows-1865.jpg,https://uploads8.wikiart.org/images/jean-francois-millet/the-wood-sawyers-1852.jpg,https://uploads8.wikiart.org/images/pierre-puvis-de-chavannes/the-poor-fisherman.jpg,https://uploads8.wikiart.org/images/arnold-b-cklin/the-isle-of-the-dead-1883.jpg!HD.jpg,https://uploads1.wikiart.org/00243/images/konrad-zuse/6332-80x55.jpg!PinterestSmall.jpg,https://uploads8.wikiart.org/images/tony-smith/die-1968.jpg!Large.jpg,https://uploads7.wikiart.org/00243/images/clementine-hunter/2016-28-9.jpg!Large.jpg,https://uploads8.wikiart.org/images/wayne-thiebaud/pies-pies-pies-1961.jpg,https://uploads8.wikiart.org/images/jules-dupre/the-windmill-1859.jpg,https://uploads8.wikiart.org/images/luc-olivier-merson/fame-la-renomme-e-27-x-33-cm-1889.jpg,https://uploads8.wikiart.org/images/l-opold-survage/l-oiseau-1915.jpg,https://uploads8.wikiart.org/images/jean-dupas/la-danseuse-et-les-deux-pigeons-1919.jpg,https://uploads0.wikiart.org/images/shozo-shimamoto/unknown-title.jpg!Large.jpg,https://uploads8.wikiart.org/images/antoine-pesne/reception-of-august-the-strong-in-the-berlin-city-palaces-1729.jpg,https://uploads8.wikiart.org/images/tivadar-kosztka-csontvary/sunset-over-the-bay-of-naples-1901.jpg ,https://uploads8.wikiart.org/images/james-mcneill-whistler/study-for-mouth-of-the-river-1877.jpg,https://uploads8.wikiart.org/images/harrison-fisher/untitled-32.jpg,https://uploads8.wikiart.org/images/johannes-jan-schoonhoven/r60-27-1960.jpg,https://uploads8.wikiart.org/images/jean-dubuffet/subway.jpg,https://uploads8.wikiart.org/images/victor-vasarely/the-chess-board-1935.jpg,https://uploads5.wikiart.org/00177/images/ippolito-kaffi/ippolito-caffi-1809-1866-the-partenon.jpg!HD.jpg,https://uploads8.wikiart.org/images/albert-pinkham-ryder/pegasus-departing-1901.jpg,https://uploads1.wikiart.org/00243/images/konrad-zuse/6332-80x55.jpg!PinterestSmall.jpg,https://uploads8.wikiart.org/images/tony-smith/die-1968.jpg!Large.jpg,https://uploads7.wikiart.org/00243/images/clementine-hunter/2016-28-9.jpg!Large.jpg,https://uploads8.wikiart.org/images/wayne-thiebaud/pies-pies-pies-1961.jpg,https://uploads8.wikiart.org/images/jules-dupre/the-windmill-1859.jpg,https://uploads8.wikiart.org/images/luc-olivier-merson/fame-la-renomme-e-27-x-33-cm-1889.jpg,https://uploads8.wikiart.org/images/l-opold-survage/l-oiseau-1915.jpg,https://uploads8.wikiart.org/images/jean-dupas/la-danseuse-et-les-deux-pigeons-1919.jpg,https://uploads0.wikiart.org/images/shozo-shimamoto/unknown-title.jpg!Large.jpg,https://uploads8.wikiart.org/images/antoine-pesne/reception-of-august-the-strong-in-the-berlin-city-palaces-1729.jpg,https://uploads8.wikiart.org/images/tivadar-kosztka-csontvary/sunset-over-the-bay-of-naples-1901.jpg,https://uploads8.wikiart.org/images/james-mcneill-whistler/study-for-mouth-of-the-river-1877.jpg,https://uploads8.wikiart.org/images/harrison-fisher/untitled-32.jpg,https://uploads8.wikiart.org/images/johannes-jan-schoonhoven/r60-27-1960.jpg,https://uploads8.wikiart.org/images/jean-dubuffet/subway.jpg,https://uploads8.wikiart.org/images/victor-vasarely/the-chess-board-1935.jpg,https://uploads5.wikiart.org/00177/images/ippolito-kaffi/ippolito-caffi-1809-1866-the-partenon.jpg!HD.jpg,https://uploads8.wikiart.org/images/albert-pinkham-ryder/pegasus-departing-1901.jpg,https://uploads8.wikiart.org/images/man-ray/jazz.jpg,https://uploads7.wikiart.org/00333/images/gerda-wegener/an-elegant-young-lady-with-a-fur-hat-by-gerda-wegener-1918.jpg!HalfHD.jpg,https://uploads8.wikiart.org/images/jean-fautrier/untitled-1943.jpg,https://uploads6.wikiart.org/00308/images/jean-baptiste-van-loo/jean-baptiste-van-loo-le-bain-de-diane.jpg!HD.jpg,https://uploads8.wikiart.org/00284/images/francesc-masriera/masriera-belles.jpg!Large.jpg,https://uploads8.wikiart.org/images/camille-pissarro/avenue-de-l-opera-place-du-theatre-francais-misty.jpg,https://uploads8.wikiart.org/images/william-holman-hunt/christ-and-the-two-marys.jpg,https://uploads8.wikiart.org/images/ernest-meissonier/the-card-players-1872.jpg,https://uploads8.wikiart.org/images/edna-andrade/atom-cloud-1958.jpg,https://uploads8.wikiart.org/images/jean-dubuffet/subway.jpg,https://uploads8.wikiart.org/images/agostino-bonalumi/verde-3000.jpg,https://uploads5.wikiart.org/00231/images/vladimir-tretchikoff/at244945002.jpg!Portrait.jpg,https://uploads8.wikiart.org/images/edouard-manet/effect-of-snow-at-petit-montrouge-1870.jpg,https://uploads8.wikiart.org/images/edgar-degas/landscape-at-valery-sur-somme.jpg,https://uploads3.wikiart.org/00214/images/maximilian-pirner/maxmilian-pirner-gulliver-mezi-sk-tky-1910-1.jpg!Large.jpg,https://uploads8.wikiart.org/images/wassily-kandinsky/the-golden-sail-1903.jpg,https://uploads8.wikiart.org/images/annibale-carracci/the-butcher-s-shop.jpg,https://uploads2.wikiart.org/00308/images/francois-lemoyne/fran-ois-lemoyne-l-apoth-ose-d-hercule-google-art-project.jpg!HD.jpg,https://uploads8.wikiart.org/images/lyubov-popova/production-clothing-for-actor-no-5-in-fernand-crommelynck-s-play-the-magnanimous-cuckold.jpg,https://uploads8.wikiart.org/images/vladimir-tatlin/monument-to-the-third-international-1920.jpg,https://uploads8.wikiart.org/images/eugeniusz-ak/landscape-with-a-palace-1916.jpg,https://uploads8.wikiart.org/images/tamara-de-lempicka/portrait-of-marquis-sommi-1925.jpg,https://uploads8.wikiart.org/images/patrick-henry-bruce/painting-1930.jpg,https://uploads8.wikiart.org/images/pablo-picasso/composition-with-skull-1908.jpg,https://uploads8.wikiart.org/images/patrick-henry-bruce/painting-1930.jpg,https://uploads8.wikiart.org/images/pablo-picasso/composition-with-skull-1908.jpg,https://uploads8.wikiart.org/images/eugeniusz-ak/landscape-with-a-palace-1916.jpg,https://uploads8.wikiart.org/images/tamara-de-lempicka/portrait-of-marquis-sommi-1925.jpg,https://uploads8.wikiart.org/images/lyubov-popova/production-clothing-for-actor-no-5-in-fernand-crommelynck-s-play-the-magnanimous-cuckold.jpg,https://uploads8.wikiart.org/images/vladimir-tatlin/monument-to-the-third-international-1920.jpg,https://uploads8.wikiart.org/images/annibale-carracci/the-butcher-s-shop.jpg,https://uploads2.wikiart.org/00308/images/francois-lemoyne/fran-ois-lemoyne-l-apoth-ose-d-hercule-google-art-project.jpg!HD.jpg,https://uploads3.wikiart.org/00214/images/maximilian-pirner/maxmilian-pirner-gulliver-mezi-sk-tky-1910-1.jpg!Large.jpg,https://uploads8.wikiart.org/images/wassily-kandinsky/the-golden-sail-1903.jpg,https://uploads8.wikiart.org/images/edouard-manet/effect-of-snow-at-petit-montrouge-1870.jpg,https://uploads8.wikiart.org/images/edgar-degas/landscape-at-valery-sur-somme.jpg,https://uploads1.wikiart.org/00243/images/konrad-zuse/6332-80x55.jpg!PinterestSmall.jpg,https://uploads5.wikiart.org/00231/images/vladimir-tretchikoff/at244945002.jpg!Portrait.jpg,https://uploads8.wikiart.org/images/mathias-goeritz/untitled-1983.jpg,https://uploads8.wikiart.org/images/agostino-bonalumi/verde-3000.jpg,https://uploads5.wikiart.org/00237/images/william-hawkins/screen-shot-2019-05-22-at-10-18-35-am.png!Large.png,https://uploads8.wikiart.org/images/jean-dubuffet/subway.jpg,https://uploads6.wikiart.org/images/sergei-parajanov/loose-woman-2-1988.jpg!Large.jpg,https://uploads8.wikiart.org/images/edna-andrade/atom-cloud-1958.jpg,https://uploads8.wikiart.org/images/alexey-venetsianov/sleeping-herd-boy.jpg,https://uploads8.wikiart.org/images/ernest-meissonier/the-card-players-1872.jpg,https://uploads8.wikiart.org/images/odilon-redon/fallen-angel-looking-at-at-cloud.jpg,https://uploads8.wikiart.org/images/william-holman-hunt/christ-and-the-two-marys.jpg,How many time have you visited an art museum in the past year?,Please select Strongly Disagree for this question.,How would you rate your knowledge of art?,"I see myself as someone who is original, comes up with new ideas.","I see myself as someone who values artistic, aesthetic experiences.",I see myself as someone who has an active imagination.,What is the highest level of education you have completed?,How old are you? Please enter your age in years.,How do you describe yourself? - Selected Choice,How do you describe yourself? - Prefer to self-describe - Text
"{""ImportId"":""duration""}","{""ImportId"":""QID1""}","{""ImportId"":""1_QID247_1""}","{""ImportId"":""2_QID247_1""}","{""ImportId"":""3_QID247_1""}","{""ImportId"":""4_QID247_1""}","{""ImportId"":""5_QID247_1""}","{""ImportId"":""6_QID247_1""}","{""ImportId"":""7_QID247_1""}","{""ImportId"":""8_QID247_1""}","{""ImportId"":""9_QID247_1""}","{""ImportId"":""10_QID247_1""}","{""ImportId"":""11_QID247_1""}","{""ImportId"":""12_QID247_1""}","{""ImportId"":""13_QID247_1""}","{""ImportId"":""14_QID247_1""}","{""ImportId"":""15_QID247_1""}","{""ImportId"":""16_QID247_1""}","{""ImportId"":""17_QID247_1""}","{""ImportId"":""18_QID247_1""}","{""ImportId"":""1_QID248_1""}","{""ImportId"":""3_QID248_1""}","{""ImportId"":""5_QID248_1""}","{""ImportId"":""7_QID248_1""}","{""ImportId"":""9_QID248_1""}","{""ImportId"":""11_QID248_1""}","{""ImportId"":""13_QID248_1""}","{""ImportId"":""15_QID248_1""}","{""ImportId"":""17_QID248_1""}","{""ImportId"":""19_QID248_1""}","{""ImportId"":""21_QID248_1""}","{""ImportId"":""23_QID248_1""}","{""ImportId"":""25_QID248_1""}","{""ImportId"":""27_QID248_1""}","{""ImportId"":""29_QID248_1""}","{""ImportId"":""31_QID248_1""}","{""ImportId"":""33_QID248_1""}","{""ImportId"":""35_QID248_1""}","{""ImportId"":""37_QID248_1""}","{""ImportId"":""39_QID248_1""}","{""ImportId"":""41_QID248_1""}","{""ImportId"":""43_QID248_1""}","{""ImportId"":""45_QID248_1""}","{""ImportId"":""47_QID248_1""}","{""ImportId"":""1_QID231_1""}","{""ImportId"":""2_QID231_1""}","{""ImportId"":""3_QID231_1""}","{""ImportId"":""4_QID231_1""}","{""ImportId"":""5_QID231_1""}","{""ImportId"":""6_QID231_1""}","{""ImportId"":""7_QID231_1""}","{""ImportId"":""8_QID231_1""}","{""ImportId"":""9_QID231_1""}","{""ImportId"":""10_QID231_1""}","{""ImportId"":""11_QID231_1""}","{""ImportId"":""12_QID231_1""}","{""ImportId"":""13_QID231_1""}","{""ImportId"":""14_QID231_1""}","{""ImportId"":""15_QID231_1""}","{""ImportId"":""16_QID231_1""}","{""ImportId"":""17_QID231_1""}","{""ImportId"":""18_QID231_1""}","{""ImportId"":""1_QID232_1""}","{""ImportId"":""3_QID232_1""}","{""ImportId"":""5_QID232_1""}","{""ImportId"":""7_QID232_1""}","{""ImportId"":""9_QID232_1""}","{""ImportId"":""11_QID232_1""}","{""ImportId"":""13_QID232_1""}","{""ImportId"":""15_QID232_1""}","{""ImportId"":""17_QID232_1""}","{""ImportId"":""19_QID232_1""}","{""ImportId"":""21_QID232_1""}","{""ImportId"":""23_QID232_1""}","{""ImportId"":""25_QID232_1""}","{""ImportId"":""27_QID232_1""}","{""ImportId"":""29_QID232_1""}","{""ImportId"":""31_QID232_1""}","{""ImportId"":""33_QID232_1""}","{""ImportId"":""35_QID232_1""}","{""ImportId"":""37_QID232_1""}","{""ImportId"":""39_QID232_1""}","{""ImportId"":""41_QID232_1""}","{""ImportId"":""43_QID232_1""}","{""ImportId"":""45_QID232_1""}","{""ImportId"":""47_QID232_1""}","{""ImportId"":""1_QID208_1""}","{""ImportId"":""2_QID208_1""}","{""ImportId"":""3_QID208_1""}","{""ImportId"":""4_QID208_1""}","{""ImportId"":""5_QID208_1""}","{""ImportId"":""6_QID208_1""}","{""ImportId"":""7_QID208_1""}","{""ImportId"":""8_QID208_1""}","{""ImportId"":""9_QID208_1""}","{""ImportId"":""10_QID208_1""}","{""ImportId"":""11_QID208_1""}","{""ImportId"":""12_QID208_1""}","{""ImportId"":""13_QID208_1""}","{""ImportId"":""14_QID208_1""}","{""ImportId"":""15_QID208_1""}","{""ImportId"":""16_QID208_1""}","{""ImportId"":""17_QID208_1""}","{""ImportId"":""18_QID208_1""}","{""ImportId"":""1_QID216_1""}","{""ImportId"":""2_QID216_1""}","{""ImportId"":""3_QID216_1""}","{""ImportId"":""4_QID216_1""}","{""ImportId"":""5_QID216_1""}","{""ImportId"":""6_QID216_1""}","{""ImportId"":""7_QID216_1""}","{""ImportId"":""8_QID216_1""}","{""ImportId"":""9_QID216_1""}","{""ImportId"":""10_QID216_1""}","{""ImportId"":""11_QID216_1""}","{""ImportId"":""12_QID216_1""}","{""ImportId"":""13_QID216_1""}","{""ImportId"":""14_QID216_1""}","{""ImportId"":""15_QID216_1""}","{""ImportId"":""16_QID216_1""}","{""ImportId"":""17_QID216_1""}","{""ImportId"":""18_QID216_1""}","{""ImportId"":""19_QID216_1""}","{""ImportId"":""20_QID216_1""}","{""ImportId"":""21_QID216_1""}","{""ImportId"":""22_QID216_1""}","{""ImportId"":""23_QID216_1""}","{""ImportId"":""24_QID216_1""}","{""ImportId"":""1_QID263_1""}","{""ImportId"":""2_QID263_1""}","{""ImportId"":""3_QID263_1""}","{""ImportId"":""4_QID263_1""}","{""ImportId"":""5_QID263_1""}","{""ImportId"":""6_QID263_1""}","{""ImportId"":""7_QID263_1""}","{""ImportId"":""8_QID263_1""}","{""ImportId"":""9_QID263_1""}","{""ImportId"":""10_QID263_1""}","{""ImportId"":""11_QID263_1""}","{""ImportId"":""12_QID263_1""}","{""ImportId"":""13_QID263_1""}","{""ImportId"":""14_QID263_1""}","{""ImportId"":""15_QID263_1""}","{""ImportId"":""16_QID263_1""}","{""ImportId"":""17_QID263_1""}","{""ImportId"":""18_QID263_1""}","{""ImportId"":""1_QID264_1""}","{""ImportId"":""3_QID264_1""}","{""ImportId"":""5_QID264_1""}","{""ImportId"":""7_QID264_1""}","{""ImportId"":""9_QID264_1""}","{""ImportId"":""11_QID264_1""}","{""ImportId"":""13_QID264_1""}","{""ImportId"":""15_QID264_1""}","{""ImportId"":""17_QID264_1""}","{""ImportId"":""19_QID264_1""}","{""ImportId"":""21_QID264_1""}","{""ImportId"":""23_QID264_1""}","{""ImportId"":""25_QID264_1""}","{""ImportId"":""27_QID264_1""}","{""ImportId"":""29_QID264_1""}","{""ImportId"":""31_QID264_1""}","{""ImportId"":""33_QID264_1""}","{""ImportId"":""35_QID264_1""}","{""ImportId"":""37_QID264_1""}","{""ImportId"":""39_QID264_1""}","{""ImportId"":""41_QID264_1""}","{""ImportId"":""43_QID264_1""}","{""ImportId"":""45_QID264_1""}","{""ImportId"":""47_QID264_1""}","{""ImportId"":""QID1319339134""}","{""ImportId"":""QID281""}","{""ImportId"":""QID1319339135""}","{""ImportId"":""QID1319339137""}","{""ImportId"":""QID1319339138""}","{""ImportId"":""QID1319339139""}","{""ImportId"":""QID1319339140""}","{""ImportId"":""QID1319339141_TEXT""}","{""ImportId"":""QID1319339142""}","{""ImportId"":""QID1319339142_4_TEXT""}"
333,1,NA,NA,NA,NA,NA,NA,NA,NA,NA,NA,NA,NA,NA,NA,NA,NA,NA,NA,NA,NA,NA,NA,NA,NA,NA,NA,NA,NA,NA,NA,NA,NA,NA,NA,NA,NA,NA,NA,NA,NA,NA,NA,NA,NA,NA,NA,NA,NA,NA,NA,NA,NA,NA,NA,NA,NA,NA,NA,NA,NA,NA,NA,NA,NA,NA,NA,NA,NA,NA,NA,NA,NA,NA,NA,NA,NA,NA,NA,NA,NA,NA,NA,NA,NA,NA,NA,67,NA,NA,NA,NA,NA,33,NA,NA,NA,NA,NA,NA,NA,NA,NA,37,63,28,NA,75,41,28,NA,99,7,NA,81,19,60,72,74,24,68,64,84,89,31,NA,88,NA,NA,NA,NA,NA,NA,NA,NA,NA,NA,NA,NA,NA,NA,NA,NA,NA,NA,NA,NA,NA,NA,NA,NA,NA,NA,NA,NA,NA,NA,NA,NA,NA,NA,NA,NA,NA,NA,NA,NA,NA,NA,3,NA,3,5,5,5,1,25,1,NA
255,1,NA,NA,NA,NA,NA,NA,NA,NA,NA,NA,NA,NA,NA,NA,NA,NA,NA,NA,NA,NA,NA,NA,NA,NA,NA,NA,NA,NA,NA,NA,NA,NA,NA,NA,NA,NA,NA,NA,NA,NA,NA,NA,NA,NA,NA,NA,NA,NA,NA,NA,NA,NA,NA,NA,NA,NA,NA,NA,NA,NA,NA,NA,NA,NA,NA,NA,NA,NA,NA,NA,NA,NA,NA,NA,NA,NA,NA,NA,NA,NA,NA,NA,NA,NA,8,15,23,22,45,66,36,38,38,83,50,57,80,39,46,18,57,33,0,43,55,67,92,7,32,59,38,51,83,73,43,40,42,33,90,45,42,53,32,70,45,96,NA,NA,NA,NA,NA,NA,NA,NA,NA,NA,NA,NA,NA,NA,NA,NA,NA,NA,NA,NA,NA,NA,NA,NA,NA,NA,NA,NA,NA,NA,NA,NA,NA,NA,NA,NA,NA,NA,NA,NA,NA,NA,2,1,4,4,4,4,6,38,1,NA
256,1,NA,NA,NA,NA,NA,NA,NA,NA,NA,NA,NA,NA,NA,NA,NA,NA,NA,NA,NA,NA,NA,NA,NA,NA,NA,NA,NA,NA,NA,NA,NA,NA,NA,NA,NA,NA,NA,NA,NA,NA,NA,NA,75,81,35,36,26,66,74,27,45,64,72,31,33,40,62,76,42,34,42,84,70,0,26,0,29,68,67,27,81,66,0,46,44,65,18,14,0,56,37,35,31,53,NA,NA,NA,NA,NA,NA,NA,NA,NA,NA,NA,NA,NA,NA,NA,NA,NA,NA,NA,NA,NA,NA,NA,NA,NA,NA,NA,NA,NA,NA,NA,NA,NA,NA,NA,NA,NA,NA,NA,NA,NA,NA,NA,NA,NA,NA,NA,NA,NA,NA,NA,NA,NA,NA,NA,NA,NA,NA,NA,NA,NA,NA,NA,NA,NA,NA,NA,NA,NA,NA,NA,NA,NA,NA,NA,NA,NA,NA,NA,NA,NA,NA,NA,NA,2,1,3,5,5,5,3,20,1,NA
279,1,NA,NA,NA,NA,NA,NA,NA,NA,NA,NA,NA,NA,NA,NA,NA,NA,NA,NA,NA,NA,NA,NA,NA,NA,NA,NA,NA,NA,NA,NA,NA,NA,NA,NA,NA,NA,NA,NA,NA,NA,NA,NA,NA,NA,NA,NA,NA,NA,NA,NA,NA,NA,NA,NA,NA,NA,NA,NA,NA,NA,NA,NA,NA,NA,NA,NA,NA,NA,NA,NA,NA,NA,NA,NA,NA,NA,NA,NA,NA,NA,NA,NA,NA,NA,6,24,29,44,68,94,2,83,0,96,61,57,76,20,38,37,94,63,19,27,22,45,94,73,1,98,0,66,97,59,57,0,10,84,98,56,0,84,0,68,66,82,NA,NA,NA,NA,NA,NA,NA,NA,NA,NA,NA,NA,NA,NA,NA,NA,NA,NA,NA,NA,NA,NA,NA,NA,NA,NA,NA,NA,NA,NA,NA,NA,NA,NA,NA,NA,NA,NA,NA,NA,NA,NA,2,1,2,4,4,5,5,23,1,NA
334,1,NA,NA,NA,NA,NA,NA,NA,NA,NA,NA,NA,NA,NA,NA,NA,NA,NA,NA,NA,NA,NA,NA,NA,NA,NA,NA,NA,NA,NA,NA,NA,NA,NA,NA,NA,NA,NA,NA,NA,NA,NA,NA,50,23,24,27,0,50,0,38,39,35,67,50,50,50,27,23,50,36,48,11,28,21,29,11,50,50,77,76,34,23,24,23,13,12,18,16,0,12,24,29,27,34,NA,NA,NA,NA,NA,NA,NA,NA,NA,NA,NA,NA,NA,NA,NA,NA,NA,NA,NA,NA,NA,NA,NA,NA,NA,NA,NA,NA,NA,NA,NA,NA,NA,NA,NA,NA,NA,NA,NA,NA,NA,NA,NA,NA,NA,NA,NA,NA,NA,NA,NA,NA,NA,NA,NA,NA,NA,NA,NA,NA,NA,NA,NA,NA,NA,NA,NA,NA,NA,NA,NA,NA,NA,NA,NA,NA,NA,NA,NA,NA,NA,NA,NA,NA,2,1,3,4,4,4,3,40,1,NA
316,1,NA,NA,NA,NA,NA,NA,NA,NA,NA,NA,NA,NA,NA,NA,NA,NA,NA,NA,NA,NA,NA,NA,NA,NA,NA,NA,NA,NA,NA,NA,NA,NA,NA,NA,NA,NA,NA,NA,NA,NA,NA,NA,NA,NA,NA,NA,NA,NA,NA,NA,NA,NA,NA,NA,NA,NA,NA,NA,NA,NA,NA,NA,NA,NA,NA,NA,NA,NA,NA,NA,NA,NA,NA,NA,NA,NA,NA,NA,NA,NA,NA,NA,NA,NA,NA,NA,NA,NA,NA,NA,NA,NA,NA,NA,NA,NA,NA,NA,NA,NA,NA,NA,NA,NA,NA,NA,NA,NA,NA,NA,NA,NA,NA,NA,NA,NA,NA,NA,NA,NA,NA,NA,NA,NA,NA,NA,4,40,15,0,0,66,59,57,55,73,63,59,12,40,65,35,59,19,90,59,86,8,42,57,61,88,65,84,91,64,85,19,100,13,19,7,16,77,56,18,37,62,2,1,2,2,4,4,3,19,1,NA
347,1,NA,NA,NA,NA,NA,NA,NA,NA,NA,NA,NA,NA,NA,NA,NA,NA,NA,NA,NA,NA,NA,NA,NA,NA,NA,NA,NA,NA,NA,NA,NA,NA,NA,NA,NA,NA,NA,NA,NA,NA,NA,NA,42,46,42,44,7,44,41,28,53,50,50,66,44,41,54,50,45,42,41,13,34,33,74,47,77,84,53,62,23,11,7,46,16,3,57,8,0,0,64,23,54,40,NA,NA,NA,NA,NA,NA,NA,NA,NA,NA,NA,NA,NA,NA,NA,NA,NA,NA,NA,NA,NA,NA,NA,NA,NA,NA,NA,NA,NA,NA,NA,NA,NA,NA,NA,NA,NA,NA,NA,NA,NA,NA,NA,NA,NA,NA,NA,NA,NA,NA,NA,NA,NA,NA,NA,NA,NA,NA,NA,NA,NA,NA,NA,NA,NA,NA,NA,NA,NA,NA,NA,NA,NA,NA,NA,NA,NA,NA,NA,NA,NA,NA,NA,NA,2,1,3,4,4,5,5,44,2,NA
476,1,7,39,18,89,55,58,56,76,6,13,3,41,39,44,74,83,81,10,6,28,100,23,16,3,19,33,64,93,99,78,73,100,74,10,15,24,94,39,95,100,38,58,NA,NA,NA,NA,NA,NA,NA,NA,NA,NA,NA,NA,NA,NA,NA,NA,NA,NA,NA,NA,NA,NA,NA,NA,NA,NA,NA,NA,NA,NA,NA,NA,NA,NA,NA,NA,NA,NA,NA,NA,NA,NA,NA,NA,NA,NA,NA,NA,NA,NA,NA,NA,NA,NA,NA,NA,NA,NA,NA,NA,NA,NA,NA,NA,NA,NA,NA,NA,NA,NA,NA,NA,NA,NA,NA,NA,NA,NA,NA,NA,NA,NA,NA,NA,NA,NA,NA,NA,NA,NA,NA,NA,NA,NA,NA,NA,NA,NA,NA,NA,NA,NA,NA,NA,NA,NA,NA,NA,NA,NA,NA,NA,NA,NA,NA,NA,NA,NA,NA,NA,NA,NA,NA,NA,NA,NA,2,1,3,4,5,4,3,25,2,NA
561,1,NA,NA,NA,NA,NA,NA,NA,NA,NA,NA,NA,NA,NA,NA,NA,NA,NA,NA,NA,NA,NA,NA,NA,NA,NA,NA,NA,NA,NA,NA,NA,NA,NA,NA,NA,NA,NA,NA,NA,NA,NA,NA,NA,NA,NA,NA,NA,NA,NA,NA,NA,NA,NA,NA,NA,NA,NA,NA,NA,NA,NA,NA,NA,NA,NA,NA,NA,NA,NA,NA,NA,NA,NA,NA,NA,NA,NA,NA,NA,NA,NA,NA,NA,NA,NA,NA,NA,NA,NA,NA,NA,NA,NA,NA,NA,NA,NA,NA,NA,NA,NA,NA,NA,NA,NA,NA,NA,NA,NA,NA,NA,NA,NA,NA,NA,NA,NA,NA,NA,NA,NA,NA,NA,NA,NA,NA,59,57,9,3,0,29,39,43,58,2,62,53,0,7,29,26,0,4,8,0,58,26,10,30,80,88,68,5,66,72,71,43,3,20,14,0,0,1,17,64,50,73,1,1,1,3,3,4,3,23,3,NA
889,1,27,95,8,100,33,68,81,87,4,19,96,41,38,74,86,95,33,5,50,75,100,95,65,14,62,82,30,92,74,100,85,95,100,60,0,66,76,79,100,96,100,0,NA,NA,NA,NA,NA,NA,NA,NA,NA,NA,NA,NA,NA,NA,NA,NA,NA,NA,NA,NA,NA,NA,NA,NA,NA,NA,NA,NA,NA,NA,NA,NA,NA,NA,NA,NA,NA,NA,NA,NA,NA,NA,NA,NA,NA,NA,NA,NA,NA,NA,NA,NA,NA,NA,NA,NA,NA,NA,NA,NA,NA,NA,NA,NA,NA,NA,NA,NA,NA,NA,NA,NA,NA,NA,NA,NA,NA,NA,NA,NA,NA,NA,NA,NA,NA,NA,NA,NA,NA,NA,NA,NA,NA,NA,NA,NA,NA,NA,NA,NA,NA,NA,NA,NA,NA,NA,NA,NA,NA,NA,NA,NA,NA,NA,NA,NA,NA,NA,NA,NA,NA,NA,NA,NA,NA,NA,2,1,3,4,5,4,5,28,1,NA
1166,1,NA,NA,NA,NA,NA,NA,NA,NA,NA,NA,NA,NA,NA,NA,NA,NA,NA,NA,NA,NA,NA,NA,NA,NA,NA,NA,NA,NA,NA,NA,NA,NA,NA,NA,NA,NA,NA,NA,NA,NA,NA,NA,NA,NA,NA,NA,NA,NA,NA,NA,NA,NA,NA,NA,NA,NA,NA,NA,NA,NA,NA,NA,NA,NA,NA,NA,NA,NA,NA,NA,NA,NA,NA,NA,NA,NA,NA,NA,NA,NA,NA,NA,NA,NA,23,7,11,33,57,100,0,89,24,88,66,68,97,11,27,7,70,52,64,5,20,43,70,92,15,100,14,79,66,85,62,0,27,14,85,63,40,70,60,80,69,95,NA,NA,NA,NA,NA,NA,NA,NA,NA,NA,NA,NA,NA,NA,NA,NA,NA,NA,NA,NA,NA,NA,NA,NA,NA,NA,NA,NA,NA,NA,NA,NA,NA,NA,NA,NA,NA,NA,NA,NA,NA,NA,1,1,4,5,5,5,3,24,1,NA
238,1,NA,NA,NA,NA,NA,NA,NA,NA,NA,NA,NA,NA,NA,NA,NA,NA,NA,NA,NA,NA,NA,NA,NA,NA,NA,NA,NA,NA,NA,NA,NA,NA,NA,NA,NA,NA,NA,NA,NA,NA,NA,NA,NA,NA,NA,NA,NA,NA,NA,NA,NA,NA,NA,NA,NA,NA,NA,NA,NA,NA,NA,NA,NA,NA,NA,NA,NA,NA,NA,NA,NA,NA,NA,NA,NA,NA,NA,NA,NA,NA,NA,NA,NA,NA,NA,NA,NA,NA,NA,NA,NA,NA,NA,NA,NA,NA,NA,NA,NA,NA,NA,NA,NA,NA,NA,NA,NA,NA,NA,NA,NA,NA,NA,NA,NA,NA,NA,NA,NA,NA,NA,NA,NA,NA,NA,NA,63,100,0,3,0,54,50,38,74,19,94,92,30,25,20,50,0,5,94,95,41,53,100,80,63,61,66,3,58,58,60,50,58,15,22,57,55,52,0,50,63,8,1,1,3,4,4,4,6,24,2,NA
289,1,25,33,13,100,73,38,63,86,8,46,90,76,36,34,73,91,99,20,43,64,56,38,1,42,33,20,93,90,86,100,53,27,73,57,57,75,84,88,53,61,38,48,NA,NA,NA,NA,NA,NA,NA,NA,NA,NA,NA,NA,NA,NA,NA,NA,NA,NA,NA,NA,NA,NA,NA,NA,NA,NA,NA,NA,NA,NA,NA,NA,NA,NA,NA,NA,NA,NA,NA,NA,NA,NA,NA,NA,NA,NA,NA,NA,NA,NA,NA,NA,NA,NA,NA,NA,NA,NA,NA,NA,NA,NA,NA,NA,NA,NA,NA,NA,NA,NA,NA,NA,NA,NA,NA,NA,NA,NA,NA,NA,NA,NA,NA,NA,NA,NA,NA,NA,NA,NA,NA,NA,NA,NA,NA,NA,NA,NA,NA,NA,NA,NA,NA,NA,NA,NA,NA,NA,NA,NA,NA,NA,NA,NA,NA,NA,NA,NA,NA,NA,NA,NA,NA,NA,NA,NA,2,1,4,4,5,4,1,38,1,NA
309,1,12,50,27,100,74,95,92,74,3,6,54,28,24,33,90,94,50,12,29,50,27,50,15,50,7,60,75,100,93,77,76,90,57,7,3,72,67,73,50,72,29,50,NA,NA,NA,NA,NA,NA,NA,NA,NA,NA,NA,NA,NA,NA,NA,NA,NA,NA,NA,NA,NA,NA,NA,NA,NA,NA,NA,NA,NA,NA,NA,NA,NA,NA,NA,NA,NA,NA,NA,NA,NA,NA,NA,NA,NA,NA,NA,NA,NA,NA,NA,NA,NA,NA,NA,NA,NA,NA,NA,NA,NA,NA,NA,NA,NA,NA,NA,NA,NA,NA,NA,NA,NA,NA,NA,NA,NA,NA,NA,NA,NA,NA,NA,NA,NA,NA,NA,NA,NA,NA,NA,NA,NA,NA,NA,NA,NA,NA,NA,NA,NA,NA,NA,NA,NA,NA,NA,NA,NA,NA,NA,NA,NA,NA,NA,NA,NA,NA,NA,NA,NA,NA,NA,NA,NA,NA,2,1,3,3,4,4,5,28,2,NA
312,1,NA,NA,NA,NA,NA,NA,NA,NA,NA,NA,NA,NA,NA,NA,NA,NA,NA,NA,NA,NA,NA,NA,NA,NA,NA,NA,NA,NA,NA,NA,NA,NA,NA,NA,NA,NA,NA,NA,NA,NA,NA,NA,NA,NA,NA,NA,NA,NA,NA,NA,NA,NA,NA,NA,NA,NA,NA,NA,NA,NA,NA,NA,NA,NA,NA,NA,NA,NA,NA,NA,NA,NA,NA,NA,NA,NA,NA,NA,NA,NA,NA,NA,NA,NA,5,0,8,35,38,94,1,70,0,97,35,41,100,6,14,3,80,55,0,37,0,100,90,7,22,58,0,42,55,54,26,57,14,41,97,12,3,3,10,72,58,38,NA,NA,NA,NA,NA,NA,NA,NA,NA,NA,NA,NA,NA,NA,NA,NA,NA,NA,NA,NA,NA,NA,NA,NA,NA,NA,NA,NA,NA,NA,NA,NA,NA,NA,NA,NA,NA,NA,NA,NA,NA,NA,5,1,4,4,4,5,5,33,2,NA
245,1,NA,NA,NA,NA,NA,NA,NA,NA,NA,NA,NA,NA,NA,NA,NA,NA,NA,NA,NA,NA,NA,NA,NA,NA,NA,NA,NA,NA,NA,NA,NA,NA,NA,NA,NA,NA,NA,NA,NA,NA,NA,NA,NA,NA,NA,NA,NA,NA,NA,NA,NA,NA,NA,NA,NA,NA,NA,NA,NA,NA,NA,NA,NA,NA,NA,NA,NA,NA,NA,NA,NA,NA,NA,NA,NA,NA,NA,NA,NA,NA,NA,NA,NA,NA,32,35,70,36,46,100,10,81,48,80,41,67,100,20,65,20,83,77,24,18,98,81,91,73,17,16,28,14,53,74,64,13,80,92,100,30,90,100,9,15,51,92,NA,NA,NA,NA,NA,NA,NA,NA,NA,NA,NA,NA,NA,NA,NA,NA,NA,NA,NA,NA,NA,NA,NA,NA,NA,NA,NA,NA,NA,NA,NA,NA,NA,NA,NA,NA,NA,NA,NA,NA,NA,NA,2,1,2,3,3,4,3,19,1,NA
293,1,NA,NA,NA,NA,NA,NA,NA,NA,NA,NA,NA,NA,NA,NA,NA,NA,NA,NA,NA,NA,NA,NA,NA,NA,NA,NA,NA,NA,NA,NA,NA,NA,NA,NA,NA,NA,NA,NA,NA,NA,NA,NA,NA,NA,NA,NA,NA,NA,NA,NA,NA,NA,NA,NA,NA,NA,NA,NA,NA,NA,NA,NA,NA,NA,NA,NA,NA,NA,NA,NA,NA,NA,NA,NA,NA,NA,NA,NA,NA,NA,NA,NA,NA,NA,NA,NA,NA,NA,NA,NA,NA,NA,NA,NA,NA,NA,NA,NA,NA,NA,NA,NA,NA,NA,NA,NA,NA,NA,NA,NA,NA,NA,NA,NA,NA,NA,NA,NA,NA,NA,NA,NA,NA,NA,NA,NA,76,81,50,0,0,37,55,58,51,0,50,92,0,0,24,30,0,0,0,0,32,21,0,0,61,100,80,0,77,100,54,12,0,0,0,0,0,28,90,81,78,74,2,1,3,2,5,5,2,36,2,NA
353,1,NA,NA,NA,NA,NA,NA,NA,NA,NA,NA,NA,NA,NA,NA,NA,NA,NA,NA,NA,NA,NA,NA,NA,NA,NA,NA,NA,NA,NA,NA,NA,NA,NA,NA,NA,NA,NA,NA,NA,NA,NA,NA,NA,NA,NA,NA,NA,NA,NA,NA,NA,NA,NA,NA,NA,NA,NA,NA,NA,NA,NA,NA,NA,NA,NA,NA,NA,NA,NA,NA,NA,NA,NA,NA,NA,NA,NA,NA,NA,NA,NA,NA,NA,NA,63,3,56,0,5,97,5,92,1,89,11,7,100,0,69,0,63,21,5,0,38,86,96,13,100,99,100,51,62,76,33,36,57,82,97,76,83,41,50,70,23,100,NA,NA,NA,NA,NA,NA,NA,NA,NA,NA,NA,NA,NA,NA,NA,NA,NA,NA,NA,NA,NA,NA,NA,NA,NA,NA,NA,NA,NA,NA,NA,NA,NA,NA,NA,NA,NA,NA,NA,NA,NA,NA,2,1,2,4,5,4,4,21,2,NA
336,1,NA,NA,NA,NA,NA,NA,NA,NA,NA,NA,NA,NA,NA,NA,NA,NA,NA,NA,NA,NA,NA,NA,NA,NA,NA,NA,NA,NA,NA,NA,NA,NA,NA,NA,NA,NA,NA,NA,NA,NA,NA,NA,70,77,55,32,21,30,34,13,43,61,87,26,33,28,35,66,53,47,80,62,9,26,67,70,65,38,48,61,75,21,0,78,11,61,23,75,0,1,64,14,17,57,NA,NA,NA,NA,NA,NA,NA,NA,NA,NA,NA,NA,NA,NA,NA,NA,NA,NA,NA,NA,NA,NA,NA,NA,NA,NA,NA,NA,NA,NA,NA,NA,NA,NA,NA,NA,NA,NA,NA,NA,NA,NA,NA,NA,NA,NA,NA,NA,NA,NA,NA,NA,NA,NA,NA,NA,NA,NA,NA,NA,NA,NA,NA,NA,NA,NA,NA,NA,NA,NA,NA,NA,NA,NA,NA,NA,NA,NA,NA,NA,NA,NA,NA,NA,2,1,3,4,5,5,5,41,2,NA
309,1,NA,NA,NA,NA,NA,NA,NA,NA,NA,NA,NA,NA,NA,NA,NA,NA,NA,NA,NA,NA,NA,NA,NA,NA,NA,NA,NA,NA,NA,NA,NA,NA,NA,NA,NA,NA,NA,NA,NA,NA,NA,NA,77,87,28,16,0,65,6,3,61,70,53,53,39,36,65,34,30,37,47,76,37,70,0,31,87,57,59,6,72,80,0,82,21,60,14,55,0,0,78,5,66,39,NA,NA,NA,NA,NA,NA,NA,NA,NA,NA,NA,NA,NA,NA,NA,NA,NA,NA,NA,NA,NA,NA,NA,NA,NA,NA,NA,NA,NA,NA,NA,NA,NA,NA,NA,NA,NA,NA,NA,NA,NA,NA,NA,NA,NA,NA,NA,NA,NA,NA,NA,NA,NA,NA,NA,NA,NA,NA,NA,NA,NA,NA,NA,NA,NA,NA,NA,NA,NA,NA,NA,NA,NA,NA,NA,NA,NA,NA,NA,NA,NA,NA,NA,NA,3,1,4,4,4,4,3,18,2,NA
355,1,NA,NA,NA,NA,NA,NA,NA,NA,NA,NA,NA,NA,NA,NA,NA,NA,NA,NA,NA,NA,NA,NA,NA,NA,NA,NA,NA,NA,NA,NA,NA,NA,NA,NA,NA,NA,NA,NA,NA,NA,NA,NA,NA,NA,NA,NA,NA,NA,NA,NA,NA,NA,NA,NA,NA,NA,NA,NA,NA,NA,NA,NA,NA,NA,NA,NA,NA,NA,NA,NA,NA,NA,NA,NA,NA,NA,NA,NA,NA,NA,NA,NA,NA,NA,NA,NA,NA,NA,NA,NA,NA,NA,NA,NA,NA,NA,NA,NA,NA,NA,NA,NA,NA,NA,NA,NA,NA,NA,NA,NA,NA,NA,NA,NA,NA,NA,NA,NA,NA,NA,NA,NA,NA,NA,NA,NA,51,90,13,0,12,42,39,49,56,8,72,91,0,0,53,37,10,13,8,41,43,40,8,21,65,95,72,21,48,49,38,46,7,4,0,0,0,49,81,65,62,69,1,1,3,4,5,5,2,26,2,NA
344,1,NA,NA,NA,NA,NA,NA,NA,NA,NA,NA,NA,NA,NA,NA,NA,NA,NA,NA,NA,NA,NA,NA,NA,NA,NA,NA,NA,NA,NA,NA,NA,NA,NA,NA,NA,NA,NA,NA,NA,NA,NA,NA,73,70,39,28,69,64,71,63,45,33,74,59,24,19,66,63,67,64,42,92,71,9,86,71,74,100,21,19,100,71,56,67,12,81,71,21,0,18,19,11,13,50,NA,NA,NA,NA,NA,NA,NA,NA,NA,NA,NA,NA,NA,NA,NA,NA,NA,NA,NA,NA,NA,NA,NA,NA,NA,NA,NA,NA,NA,NA,NA,NA,NA,NA,NA,NA,NA,NA,NA,NA,NA,NA,NA,NA,NA,NA,NA,NA,NA,NA,NA,NA,NA,NA,NA,NA,NA,NA,NA,NA,NA,NA,NA,NA,NA,NA,NA,NA,NA,NA,NA,NA,NA,NA,NA,NA,NA,NA,NA,NA,NA,NA,NA,NA,3,1,4,5,5,5,6,31,2,NA
415,1,NA,NA,NA,NA,NA,NA,NA,NA,NA,NA,NA,NA,NA,NA,NA,NA,NA,NA,NA,NA,NA,NA,NA,NA,NA,NA,NA,NA,NA,NA,NA,NA,NA,NA,NA,NA,NA,NA,NA,NA,NA,NA,NA,NA,NA,NA,NA,NA,NA,NA,NA,NA,NA,NA,NA,NA,NA,NA,NA,NA,NA,NA,NA,NA,NA,NA,NA,NA,NA,NA,NA,NA,NA,NA,NA,NA,NA,NA,NA,NA,NA,NA,NA,NA,29,23,26,70,82,88,21,91,23,100,70,73,100,11,28,14,76,86,20,5,6,83,93,92,5,21,9,83,89,78,88,0,74,10,83,100,18,100,0,81,87,81,NA,NA,NA,NA,NA,NA,NA,NA,NA,NA,NA,NA,NA,NA,NA,NA,NA,NA,NA,NA,NA,NA,NA,NA,NA,NA,NA,NA,NA,NA,NA,NA,NA,NA,NA,NA,NA,NA,NA,NA,NA,NA,2,1,3,2,3,2,5,24,1,NA
395,1,89,100,81,100,84,66,100,99,85,100,86,100,70,99,84,99,97,100,32,55,97,100,34,8,55,68,100,94,79,92,79,91,100,62,83,75,100,79,98,67,96,62,NA,NA,NA,NA,NA,NA,NA,NA,NA,NA,NA,NA,NA,NA,NA,NA,NA,NA,NA,NA,NA,NA,NA,NA,NA,NA,NA,NA,NA,NA,NA,NA,NA,NA,NA,NA,NA,NA,NA,NA,NA,NA,NA,NA,NA,NA,NA,NA,NA,NA,NA,NA,NA,NA,NA,NA,NA,NA,NA,NA,NA,NA,NA,NA,NA,NA,NA,NA,NA,NA,NA,NA,NA,NA,NA,NA,NA,NA,NA,NA,NA,NA,NA,NA,NA,NA,NA,NA,NA,NA,NA,NA,NA,NA,NA,NA,NA,NA,NA,NA,NA,NA,NA,NA,NA,NA,NA,NA,NA,NA,NA,NA,NA,NA,NA,NA,NA,NA,NA,NA,NA,NA,NA,NA,NA,NA,1,1,1,4,4,2,4,46,1,NA
331,1,NA,NA,NA,NA,NA,NA,NA,NA,NA,NA,NA,NA,NA,NA,NA,NA,NA,NA,NA,NA,NA,NA,NA,NA,NA,NA,NA,NA,NA,NA,NA,NA,NA,NA,NA,NA,NA,NA,NA,NA,NA,NA,63,68,33,38,4,27,58,18,18,46,71,22,44,62,39,48,30,61,33,56,2,18,43,34,39,25,75,22,20,42,10,69,72,41,27,68,0,13,38,41,24,34,NA,NA,NA,NA,NA,NA,NA,NA,NA,NA,NA,NA,NA,NA,NA,NA,NA,NA,NA,NA,NA,NA,NA,NA,NA,NA,NA,NA,NA,NA,NA,NA,NA,NA,NA,NA,NA,NA,NA,NA,NA,NA,NA,NA,NA,NA,NA,NA,NA,NA,NA,NA,NA,NA,NA,NA,NA,NA,NA,NA,NA,NA,NA,NA,NA,NA,NA,NA,NA,NA,NA,NA,NA,NA,NA,NA,NA,NA,NA,NA,NA,NA,NA,NA,1,1,2,2,2,2,6,45,1,NA
396,1,NA,NA,NA,NA,NA,NA,NA,NA,NA,NA,NA,NA,NA,NA,NA,NA,NA,NA,NA,NA,NA,NA,NA,NA,NA,NA,NA,NA,NA,NA,NA,NA,NA,NA,NA,NA,NA,NA,NA,NA,NA,NA,70,62,39,39,20,41,26,11,39,38,37,35,39,43,60,42,44,39,50,77,47,34,56,36,50,19,6,12,65,73,5,18,57,65,9,29,0,7,66,82,35,50,NA,NA,NA,NA,NA,NA,NA,NA,NA,NA,NA,NA,NA,NA,NA,NA,NA,NA,NA,NA,NA,NA,NA,NA,NA,NA,NA,NA,NA,NA,NA,NA,NA,NA,NA,NA,NA,NA,NA,NA,NA,NA,NA,NA,NA,NA,NA,NA,NA,NA,NA,NA,NA,NA,NA,NA,NA,NA,NA,NA,NA,NA,NA,NA,NA,NA,NA,NA,NA,NA,NA,NA,NA,NA,NA,NA,NA,NA,NA,NA,NA,NA,NA,NA,3,1,2,4,5,4,6,47,1,NA
330,1,NA,NA,NA,NA,NA,NA,NA,NA,NA,NA,NA,NA,NA,NA,NA,NA,NA,NA,NA,NA,NA,NA,NA,NA,NA,NA,NA,NA,NA,NA,NA,NA,NA,NA,NA,NA,NA,NA,NA,NA,NA,NA,NA,NA,NA,NA,NA,NA,NA,NA,NA,NA,NA,NA,NA,NA,NA,NA,NA,NA,NA,NA,NA,NA,NA,NA,NA,NA,NA,NA,NA,NA,NA,NA,NA,NA,NA,NA,NA,NA,NA,NA,NA,NA,24,3,64,29,50,94,6,36,6,84,65,56,95,9,50,3,87,69,13,50,14,70,93,50,73,37,7,53,90,65,86,56,46,68,93,44,88,62,36,50,59,80,NA,NA,NA,NA,NA,NA,NA,NA,NA,NA,NA,NA,NA,NA,NA,NA,NA,NA,NA,NA,NA,NA,NA,NA,NA,NA,NA,NA,NA,NA,NA,NA,NA,NA,NA,NA,NA,NA,NA,NA,NA,NA,1,1,3,2,4,5,4,38,3,NA
358,1,46,37,17,100,79,70,100,100,21,62,80,69,41,61,88,100,100,42,0,56,59,0,38,0,75,85,100,100,100,100,69,90,76,0,79,15,100,0,9,58,68,45,NA,NA,NA,NA,NA,NA,NA,NA,NA,NA,NA,NA,NA,NA,NA,NA,NA,NA,NA,NA,NA,NA,NA,NA,NA,NA,NA,NA,NA,NA,NA,NA,NA,NA,NA,NA,NA,NA,NA,NA,NA,NA,NA,NA,NA,NA,NA,NA,NA,NA,NA,NA,NA,NA,NA,NA,NA,NA,NA,NA,NA,NA,NA,NA,NA,NA,NA,NA,NA,NA,NA,NA,NA,NA,NA,NA,NA,NA,NA,NA,NA,NA,NA,NA,NA,NA,NA,NA,NA,NA,NA,NA,NA,NA,NA,NA,NA,NA,NA,NA,NA,NA,NA,NA,NA,NA,NA,NA,NA,NA,NA,NA,NA,NA,NA,NA,NA,NA,NA,NA,NA,NA,NA,NA,NA,NA,1,1,2,4,4,4,4,21,2,NA
368,1,NA,NA,NA,NA,NA,NA,NA,NA,NA,NA,NA,NA,NA,NA,NA,NA,NA,NA,NA,NA,NA,NA,NA,NA,NA,NA,NA,NA,NA,NA,NA,NA,NA,NA,NA,NA,NA,NA,NA,NA,NA,NA,NA,NA,NA,NA,NA,NA,NA,NA,NA,NA,NA,NA,NA,NA,NA,NA,NA,NA,NA,NA,NA,NA,NA,NA,NA,NA,NA,NA,NA,NA,NA,NA,NA,NA,NA,NA,NA,NA,NA,NA,NA,NA,58,1,43,30,34,92,5,69,4,96,36,73,91,4,39,5,71,84,98,0,24,67,20,31,78,50,59,37,88,36,38,23,7,31,79,20,68,50,1,3,10,63,NA,NA,NA,NA,NA,NA,NA,NA,NA,NA,NA,NA,NA,NA,NA,NA,NA,NA,NA,NA,NA,NA,NA,NA,NA,NA,NA,NA,NA,NA,NA,NA,NA,NA,NA,NA,NA,NA,NA,NA,NA,NA,1,1,1,4,4,5,5,30,2,NA
385,1,84,79,32,94,75,85,100,100,31,36,43,70,58,100,79,100,100,44,34,69,100,35,37,60,64,12,11,100,100,11,62,100,87,100,42,55,56,96,100,72,25,50,NA,NA,NA,NA,NA,NA,NA,NA,NA,NA,NA,NA,NA,NA,NA,NA,NA,NA,NA,NA,NA,NA,NA,NA,NA,NA,NA,NA,NA,NA,NA,NA,NA,NA,NA,NA,NA,NA,NA,NA,NA,NA,NA,NA,NA,NA,NA,NA,NA,NA,NA,NA,NA,NA,NA,NA,NA,NA,NA,NA,NA,NA,NA,NA,NA,NA,NA,NA,NA,NA,NA,NA,NA,NA,NA,NA,NA,NA,NA,NA,NA,NA,NA,NA,NA,NA,NA,NA,NA,NA,NA,NA,NA,NA,NA,NA,NA,NA,NA,NA,NA,NA,NA,NA,NA,NA,NA,NA,NA,NA,NA,NA,NA,NA,NA,NA,NA,NA,NA,NA,NA,NA,NA,NA,NA,NA,1,1,4,5,5,5,5,22,1,NA
371,1,23,74,16,100,84,100,90,100,18,18,52,35,25,37,100,100,93,15,60,79,72,66,64,75,69,76,100,100,100,77,100,77,86,66,70,84,36,71,73,100,100,51,NA,NA,NA,NA,NA,NA,NA,NA,NA,NA,NA,NA,NA,NA,NA,NA,NA,NA,NA,NA,NA,NA,NA,NA,NA,NA,NA,NA,NA,NA,NA,NA,NA,NA,NA,NA,NA,NA,NA,NA,NA,NA,NA,NA,NA,NA,NA,NA,NA,NA,NA,NA,NA,NA,NA,NA,NA,NA,NA,NA,NA,NA,NA,NA,NA,NA,NA,NA,NA,NA,NA,NA,NA,NA,NA,NA,NA,NA,NA,NA,NA,NA,NA,NA,NA,NA,NA,NA,NA,NA,NA,NA,NA,NA,NA,NA,NA,NA,NA,NA,NA,NA,NA,NA,NA,NA,NA,NA,NA,NA,NA,NA,NA,NA,NA,NA,NA,NA,NA,NA,NA,NA,NA,NA,NA,NA,2,1,4,4,5,4,5,47,1,NA
436,1,11,82,17,97,16,93,96,97,73,92,88,93,16,88,35,100,100,13,0,9,5,0,0,0,0,0,0,96,100,0,100,100,1,3,100,0,100,0,0,5,1,12,NA,NA,NA,NA,NA,NA,NA,NA,NA,NA,NA,NA,NA,NA,NA,NA,NA,NA,NA,NA,NA,NA,NA,NA,NA,NA,NA,NA,NA,NA,NA,NA,NA,NA,NA,NA,NA,NA,NA,NA,NA,NA,NA,NA,NA,NA,NA,NA,NA,NA,NA,NA,NA,NA,NA,NA,NA,NA,NA,NA,NA,NA,NA,NA,NA,NA,NA,NA,NA,NA,NA,NA,NA,NA,NA,NA,NA,NA,NA,NA,NA,NA,NA,NA,NA,NA,NA,NA,NA,NA,NA,NA,NA,NA,NA,NA,NA,NA,NA,NA,NA,NA,NA,NA,NA,NA,NA,NA,NA,NA,NA,NA,NA,NA,NA,NA,NA,NA,NA,NA,NA,NA,NA,NA,NA,NA,1,1,3,5,2,5,5,42,1,NA
404,1,27,0,0,95,53,50,50,96,0,0,15,4,3,0,64,100,65,0,0,50,50,0,0,0,0,11,6,100,100,58,62,8,57,0,0,19,13,0,0,50,12,50,NA,NA,NA,NA,NA,NA,NA,NA,NA,NA,NA,NA,NA,NA,NA,NA,NA,NA,NA,NA,NA,NA,NA,NA,NA,NA,NA,NA,NA,NA,NA,NA,NA,NA,NA,NA,NA,NA,NA,NA,NA,NA,NA,NA,NA,NA,NA,NA,NA,NA,NA,NA,NA,NA,NA,NA,NA,NA,NA,NA,NA,NA,NA,NA,NA,NA,NA,NA,NA,NA,NA,NA,NA,NA,NA,NA,NA,NA,NA,NA,NA,NA,NA,NA,NA,NA,NA,NA,NA,NA,NA,NA,NA,NA,NA,NA,NA,NA,NA,NA,NA,NA,NA,NA,NA,NA,NA,NA,NA,NA,NA,NA,NA,NA,NA,NA,NA,NA,NA,NA,NA,NA,NA,NA,NA,NA,1,1,2,3,3,3,3,31,2,NA
391,1,NA,NA,NA,NA,NA,NA,NA,NA,NA,NA,NA,NA,NA,NA,NA,NA,NA,NA,NA,NA,NA,NA,NA,NA,NA,NA,NA,NA,NA,NA,NA,NA,NA,NA,NA,NA,NA,NA,NA,NA,NA,NA,NA,NA,NA,NA,NA,NA,NA,NA,NA,NA,NA,NA,NA,NA,NA,NA,NA,NA,NA,NA,NA,NA,NA,NA,NA,NA,NA,NA,NA,NA,NA,NA,NA,NA,NA,NA,NA,NA,NA,NA,NA,NA,NA,NA,NA,NA,NA,NA,NA,NA,NA,NA,NA,NA,NA,NA,NA,NA,NA,NA,NA,NA,NA,NA,NA,NA,NA,NA,NA,NA,NA,NA,NA,NA,NA,NA,NA,NA,NA,NA,NA,NA,NA,NA,12,50,0,27,9,21,74,43,50,23,42,39,0,2,47,14,4,15,0,49,22,77,0,21,59,85,89,50,100,69,32,50,2,9,3,0,0,7,24,18,100,50,1,1,1,4,3,3,5,34,1,NA
353,1,NA,NA,NA,NA,NA,NA,NA,NA,NA,NA,NA,NA,NA,NA,NA,NA,NA,NA,NA,NA,NA,NA,NA,NA,NA,NA,NA,NA,NA,NA,NA,NA,NA,NA,NA,NA,NA,NA,NA,NA,NA,NA,NA,NA,NA,NA,NA,NA,NA,NA,NA,NA,NA,NA,NA,NA,NA,NA,NA,NA,NA,NA,NA,NA,NA,NA,NA,NA,NA,NA,NA,NA,NA,NA,NA,NA,NA,NA,NA,NA,NA,NA,NA,NA,NA,NA,NA,NA,NA,NA,NA,NA,NA,NA,NA,NA,NA,NA,NA,NA,NA,NA,NA,NA,NA,NA,NA,NA,NA,NA,NA,NA,NA,NA,NA,NA,NA,NA,NA,NA,NA,NA,NA,NA,NA,NA,56,55,16,0,23,41,39,39,57,7,59,64,24,21,33,43,29,5,42,60,77,55,26,20,61,82,62,43,61,66,74,42,78,87,22,0,0,76,67,44,46,11,2,1,4,3,5,5,6,32,1,NA
401,1,NA,NA,NA,NA,NA,NA,NA,NA,NA,NA,NA,NA,NA,NA,NA,NA,NA,NA,NA,NA,NA,NA,NA,NA,NA,NA,NA,NA,NA,NA,NA,NA,NA,NA,NA,NA,NA,NA,NA,NA,NA,NA,NA,NA,NA,NA,NA,NA,NA,NA,NA,NA,NA,NA,NA,NA,NA,NA,NA,NA,NA,NA,NA,NA,NA,NA,NA,NA,NA,NA,NA,NA,NA,NA,NA,NA,NA,NA,NA,NA,NA,NA,NA,NA,NA,NA,NA,NA,NA,NA,NA,NA,NA,NA,NA,NA,NA,NA,NA,NA,NA,NA,NA,NA,NA,NA,NA,NA,NA,NA,NA,NA,NA,NA,NA,NA,NA,NA,NA,NA,NA,NA,NA,NA,NA,NA,50,50,21,12,0,37,5,48,37,0,38,49,0,0,43,46,18,0,51,19,77,61,10,6,68,94,50,0,74,50,51,40,11,29,27,15,65,50,50,69,74,35,2,1,3,4,4,5,5,42,1,NA
436,1,31,50,32,97,46,53,76,87,18,24,39,64,46,53,65,95,77,29,50,42,31,50,65,74,53,70,74,76,60,68,100,85,56,28,63,25,69,49,77,80,63,50,NA,NA,NA,NA,NA,NA,NA,NA,NA,NA,NA,NA,NA,NA,NA,NA,NA,NA,NA,NA,NA,NA,NA,NA,NA,NA,NA,NA,NA,NA,NA,NA,NA,NA,NA,NA,NA,NA,NA,NA,NA,NA,NA,NA,NA,NA,NA,NA,NA,NA,NA,NA,NA,NA,NA,NA,NA,NA,NA,NA,NA,NA,NA,NA,NA,NA,NA,NA,NA,NA,NA,NA,NA,NA,NA,NA,NA,NA,NA,NA,NA,NA,NA,NA,NA,NA,NA,NA,NA,NA,NA,NA,NA,NA,NA,NA,NA,NA,NA,NA,NA,NA,NA,NA,NA,NA,NA,NA,NA,NA,NA,NA,NA,NA,NA,NA,NA,NA,NA,NA,NA,NA,NA,NA,NA,NA,1,1,2,2,5,4,5,35,2,NA
418,1,38,82,0,89,75,82,66,77,4,8,12,59,18,48,56,54,81,11,41,56,58,5,29,0,0,43,14,60,76,39,80,0,NA,0,36,0,53,0,3,11,14,49,NA,NA,NA,NA,NA,NA,NA,NA,NA,NA,NA,NA,NA,NA,NA,NA,NA,NA,NA,NA,NA,NA,NA,NA,NA,NA,NA,NA,NA,NA,NA,NA,NA,NA,NA,NA,NA,NA,NA,NA,NA,NA,NA,NA,NA,NA,NA,NA,NA,NA,NA,NA,NA,NA,NA,NA,NA,NA,NA,NA,NA,NA,NA,NA,NA,NA,NA,NA,NA,NA,NA,NA,NA,NA,NA,NA,NA,NA,NA,NA,NA,NA,NA,NA,NA,NA,NA,NA,NA,NA,NA,NA,NA,NA,NA,NA,NA,NA,NA,NA,NA,NA,NA,NA,NA,NA,NA,NA,NA,NA,NA,NA,NA,NA,NA,NA,NA,NA,NA,NA,NA,NA,NA,NA,NA,NA,1,1,5,5,5,5,5,50,1,NA
417,1,33,54,4,100,71,61,70,100,6,13,79,50,40,41,95,100,76,24,10,24,66,38,7,2,14,86,100,92,81,100,75,70,100,0,2,86,49,22,41,96,100,50,NA,NA,NA,NA,NA,NA,NA,NA,NA,NA,NA,NA,NA,NA,NA,NA,NA,NA,NA,NA,NA,NA,NA,NA,NA,NA,NA,NA,NA,NA,NA,NA,NA,NA,NA,NA,NA,NA,NA,NA,NA,NA,NA,NA,NA,NA,NA,NA,NA,NA,NA,NA,NA,NA,NA,NA,NA,NA,NA,NA,NA,NA,NA,NA,NA,NA,NA,NA,NA,NA,NA,NA,NA,NA,NA,NA,NA,NA,NA,NA,NA,NA,NA,NA,NA,NA,NA,NA,NA,NA,NA,NA,NA,NA,NA,NA,NA,NA,NA,NA,NA,NA,NA,NA,NA,NA,NA,NA,NA,NA,NA,NA,NA,NA,NA,NA,NA,NA,NA,NA,NA,NA,NA,NA,NA,NA,3,1,3,4,4,4,6,31,1,NA
482,1,NA,NA,NA,NA,NA,NA,NA,NA,NA,NA,NA,NA,NA,NA,NA,NA,NA,NA,NA,NA,NA,NA,NA,NA,NA,NA,NA,NA,NA,NA,NA,NA,NA,NA,NA,NA,NA,NA,NA,NA,NA,NA,NA,NA,NA,NA,NA,NA,NA,NA,NA,NA,NA,NA,NA,NA,NA,NA,NA,NA,NA,NA,NA,NA,NA,NA,NA,NA,NA,NA,NA,NA,NA,NA,NA,NA,NA,NA,NA,NA,NA,NA,NA,NA,NA,NA,NA,NA,NA,NA,NA,NA,NA,NA,NA,NA,NA,NA,NA,NA,NA,NA,NA,NA,NA,NA,NA,NA,NA,NA,NA,NA,NA,NA,NA,NA,NA,NA,NA,NA,NA,NA,NA,NA,NA,NA,100,100,0,2,2,59,39,27,51,3,62,100,3,0,29,52,0,2,3,3,19,16,0,0,69,100,82,0,33,30,18,40,0,0,0,0,0,31,39,100,50,79,1,1,5,5,4,5,3,31,1,NA
419,1,NA,NA,NA,NA,NA,NA,NA,NA,NA,NA,NA,NA,NA,NA,NA,NA,NA,NA,NA,NA,NA,NA,NA,NA,NA,NA,NA,NA,NA,NA,NA,NA,NA,NA,NA,NA,NA,NA,NA,NA,NA,NA,NA,NA,NA,NA,NA,NA,NA,NA,NA,NA,NA,NA,NA,NA,NA,NA,NA,NA,NA,NA,NA,NA,NA,NA,NA,NA,NA,NA,NA,NA,NA,NA,NA,NA,NA,NA,NA,NA,NA,NA,NA,NA,89,27,59,76,63,100,100,100,100,100,95,91,100,30,100,87,100,100,100,4,86,86,100,73,100,75,91,78,100,100,90,44,81,100,100,81,92,60,48,86,62,71,NA,NA,NA,NA,NA,NA,NA,NA,NA,NA,NA,NA,NA,NA,NA,NA,NA,NA,NA,NA,NA,NA,NA,NA,NA,NA,NA,NA,NA,NA,NA,NA,NA,NA,NA,NA,NA,NA,NA,NA,NA,NA,3,1,4,5,5,5,6,30,1,NA
388,1,44,13,12,100,80,96,69,80,3,22,65,8,12,47,83,96,79,14,0,32,50,0,0,42,28,77,96,64,68,99,85,71,20,16,57,3,40,39,51,47,45,50,NA,NA,NA,NA,NA,NA,NA,NA,NA,NA,NA,NA,NA,NA,NA,NA,NA,NA,NA,NA,NA,NA,NA,NA,NA,NA,NA,NA,NA,NA,NA,NA,NA,NA,NA,NA,NA,NA,NA,NA,NA,NA,NA,NA,NA,NA,NA,NA,NA,NA,NA,NA,NA,NA,NA,NA,NA,NA,NA,NA,NA,NA,NA,NA,NA,NA,NA,NA,NA,NA,NA,NA,NA,NA,NA,NA,NA,NA,NA,NA,NA,NA,NA,NA,NA,NA,NA,NA,NA,NA,NA,NA,NA,NA,NA,NA,NA,NA,NA,NA,NA,NA,NA,NA,NA,NA,NA,NA,NA,NA,NA,NA,NA,NA,NA,NA,NA,NA,NA,NA,NA,NA,NA,NA,NA,NA,1,1,3,3,5,5,6,37,2,NA
483,1,NA,NA,NA,NA,NA,NA,NA,NA,NA,NA,NA,NA,NA,NA,NA,NA,NA,NA,NA,NA,NA,NA,NA,NA,NA,NA,NA,NA,NA,NA,NA,NA,NA,NA,NA,NA,NA,NA,NA,NA,NA,NA,NA,NA,NA,NA,NA,NA,NA,NA,NA,NA,NA,NA,NA,NA,NA,NA,NA,NA,NA,NA,NA,NA,NA,NA,NA,NA,NA,NA,NA,NA,NA,NA,NA,NA,NA,NA,NA,NA,NA,NA,NA,NA,NA,NA,NA,NA,NA,NA,NA,NA,NA,NA,NA,NA,NA,NA,NA,NA,NA,NA,NA,NA,NA,NA,NA,NA,NA,NA,NA,NA,NA,NA,NA,NA,NA,NA,NA,NA,NA,NA,NA,NA,NA,NA,27,43,13,0,0,19,9,51,45,24,38,58,0,0,23,34,0,8,34,57,55,82,40,30,24,78,75,58,60,52,79,80,16,10,7,7,62,77,58,62,72,57,2,1,3,3,5,5,5,40,2,NA
420,1,39,34,16,100,70,84,87,95,10,23,32,69,16,66,79,100,79,32,0,94,66,94,0,0,6,86,59,87,84,100,100,83,98,3,4,15,77,11,95,98,100,60,NA,NA,NA,NA,NA,NA,NA,NA,NA,NA,NA,NA,NA,NA,NA,NA,NA,NA,NA,NA,NA,NA,NA,NA,NA,NA,NA,NA,NA,NA,NA,NA,NA,NA,NA,NA,NA,NA,NA,NA,NA,NA,NA,NA,NA,NA,NA,NA,NA,NA,NA,NA,NA,NA,NA,NA,NA,NA,NA,NA,NA,NA,NA,NA,NA,NA,NA,NA,NA,NA,NA,NA,NA,NA,NA,NA,NA,NA,NA,NA,NA,NA,NA,NA,NA,NA,NA,NA,NA,NA,NA,NA,NA,NA,NA,NA,NA,NA,NA,NA,NA,NA,NA,NA,NA,NA,NA,NA,NA,NA,NA,NA,NA,NA,NA,NA,NA,NA,NA,NA,NA,NA,NA,NA,NA,NA,2,1,3,4,4,5,2,38,1,NA
475,1,NA,NA,NA,NA,NA,NA,NA,NA,NA,NA,NA,NA,NA,NA,NA,NA,NA,NA,NA,NA,NA,NA,NA,NA,NA,NA,NA,NA,NA,NA,NA,NA,NA,NA,NA,NA,NA,NA,NA,NA,NA,NA,NA,NA,NA,NA,NA,NA,NA,NA,NA,NA,NA,NA,NA,NA,NA,NA,NA,NA,NA,NA,NA,NA,NA,NA,NA,NA,NA,NA,NA,NA,NA,NA,NA,NA,NA,NA,NA,NA,NA,NA,NA,NA,NA,NA,NA,NA,NA,NA,NA,NA,NA,NA,NA,NA,NA,NA,NA,NA,NA,NA,NA,NA,NA,NA,NA,NA,NA,NA,NA,NA,NA,NA,NA,NA,NA,NA,NA,NA,NA,NA,NA,NA,NA,NA,87,84,7,28,2,17,57,14,67,33,55,37,10,11,44,75,3,6,31,15,77,95,12,5,80,40,90,56,60,50,38,59,10,13,45,61,2,32,87,98,50,50,1,1,2,4,2,5,5,48,1,NA
404,1,NA,NA,NA,NA,NA,NA,NA,NA,NA,NA,NA,NA,NA,NA,NA,NA,NA,NA,NA,NA,NA,NA,NA,NA,NA,NA,NA,NA,NA,NA,NA,NA,NA,NA,NA,NA,NA,NA,NA,NA,NA,NA,NA,NA,NA,NA,NA,NA,NA,NA,NA,NA,NA,NA,NA,NA,NA,NA,NA,NA,NA,NA,NA,NA,NA,NA,NA,NA,NA,NA,NA,NA,NA,NA,NA,NA,NA,NA,NA,NA,NA,NA,NA,NA,NA,NA,NA,NA,NA,NA,NA,NA,NA,NA,NA,NA,NA,NA,NA,NA,NA,NA,NA,NA,NA,NA,NA,NA,NA,NA,NA,NA,NA,NA,NA,NA,NA,NA,NA,NA,NA,NA,NA,NA,NA,NA,50,50,17,11,18,48,0,50,50,0,50,50,0,0,32,18,0,50,39,50,74,50,0,28,100,100,80,29,50,64,50,50,0,0,39,28,50,22,77,100,50,100,2,1,3,4,4,4,6,36,1,NA
482,1,NA,NA,NA,NA,NA,NA,NA,NA,NA,NA,NA,NA,NA,NA,NA,NA,NA,NA,NA,NA,NA,NA,NA,NA,NA,NA,NA,NA,NA,NA,NA,NA,NA,NA,NA,NA,NA,NA,NA,NA,NA,NA,NA,NA,NA,NA,NA,NA,NA,NA,NA,NA,NA,NA,NA,NA,NA,NA,NA,NA,NA,NA,NA,NA,NA,NA,NA,NA,NA,NA,NA,NA,NA,NA,NA,NA,NA,NA,NA,NA,NA,NA,NA,NA,6,0,17,7,53,99,1,92,14,97,68,44,91,0,17,3,71,80,99,58,5,70,100,37,66,97,88,37,100,82,37,66,9,58,87,62,66,67,68,55,65,97,NA,NA,NA,NA,NA,NA,NA,NA,NA,NA,NA,NA,NA,NA,NA,NA,NA,NA,NA,NA,NA,NA,NA,NA,NA,NA,NA,NA,NA,NA,NA,NA,NA,NA,NA,NA,NA,NA,NA,NA,NA,NA,3,1,4,4,5,5,4,36,2,NA
445,1,NA,NA,NA,NA,NA,NA,NA,NA,NA,NA,NA,NA,NA,NA,NA,NA,NA,NA,NA,NA,NA,NA,NA,NA,NA,NA,NA,NA,NA,NA,NA,NA,NA,NA,NA,NA,NA,NA,NA,NA,NA,NA,NA,NA,NA,NA,NA,NA,NA,NA,NA,NA,NA,NA,NA,NA,NA,NA,NA,NA,NA,NA,NA,NA,NA,NA,NA,NA,NA,NA,NA,NA,NA,NA,NA,NA,NA,NA,NA,NA,NA,NA,NA,NA,NA,NA,NA,NA,NA,NA,NA,NA,NA,NA,NA,NA,NA,NA,NA,NA,NA,NA,NA,NA,NA,NA,NA,NA,NA,NA,NA,NA,NA,NA,NA,NA,NA,NA,NA,NA,NA,NA,NA,NA,NA,NA,50,55,10,0,0,7,0,22,53,0,49,55,11,0,0,22,0,0,0,0,7,10,13,8,100,88,100,0,6,4,10,16,0,0,0,0,100,12,100,86,58,21,2,1,3,5,5,5,5,34,1,NA
413,1,NA,NA,NA,NA,NA,NA,NA,NA,NA,NA,NA,NA,NA,NA,NA,NA,NA,NA,NA,NA,NA,NA,NA,NA,NA,NA,NA,NA,NA,NA,NA,NA,NA,NA,NA,NA,NA,NA,NA,NA,NA,NA,NA,NA,NA,NA,NA,NA,NA,NA,NA,NA,NA,NA,NA,NA,NA,NA,NA,NA,NA,NA,NA,NA,NA,NA,NA,NA,NA,NA,NA,NA,NA,NA,NA,NA,NA,NA,NA,NA,NA,NA,NA,NA,NA,NA,NA,NA,NA,NA,NA,NA,NA,NA,NA,NA,NA,NA,NA,NA,NA,NA,NA,NA,NA,NA,NA,NA,NA,NA,NA,NA,NA,NA,NA,NA,NA,NA,NA,NA,NA,NA,NA,NA,NA,NA,51,50,1,0,0,46,50,50,50,10,51,51,8,23,23,34,5,0,50,50,23,78,50,50,39,100,50,43,65,50,0,22,5,0,23,0,20,62,74,57,50,50,3,1,4,3,5,5,6,45,1,NA
534,1,NA,NA,NA,NA,NA,NA,NA,NA,NA,NA,NA,NA,NA,NA,NA,NA,NA,NA,NA,NA,NA,NA,NA,NA,NA,NA,NA,NA,NA,NA,NA,NA,NA,NA,NA,NA,NA,NA,NA,NA,NA,NA,NA,NA,NA,NA,NA,NA,NA,NA,NA,NA,NA,NA,NA,NA,NA,NA,NA,NA,NA,NA,NA,NA,NA,NA,NA,NA,NA,NA,NA,NA,NA,NA,NA,NA,NA,NA,NA,NA,NA,NA,NA,NA,NA,NA,NA,NA,NA,NA,NA,NA,NA,NA,NA,NA,NA,NA,NA,NA,NA,NA,NA,NA,NA,NA,NA,NA,NA,NA,NA,NA,NA,NA,NA,NA,NA,NA,NA,NA,NA,NA,NA,NA,NA,NA,62,61,0,3,4,64,45,46,62,21,68,70,0,0,43,36,0,22,11,23,58,28,7,25,63,72,78,48,50,51,59,86,3,7,35,51,50,24,58,79,21,40,2,1,3,4,4,4,4,35,1,NA
437,1,33,57,6,82,17,59,37,73,5,33,65,46,25,36,60,78,67,25,21,78,16,3,23,0,34,0,10,27,59,22,24,27,58,0,19,77,66,65,63,0,36,NA,NA,NA,NA,NA,NA,NA,NA,NA,NA,NA,NA,NA,NA,NA,NA,NA,NA,NA,NA,NA,NA,NA,NA,NA,NA,NA,NA,NA,NA,NA,NA,NA,NA,NA,NA,NA,NA,NA,NA,NA,NA,NA,NA,NA,NA,NA,NA,NA,NA,NA,NA,NA,NA,NA,NA,NA,NA,NA,NA,NA,NA,NA,NA,NA,NA,NA,NA,NA,NA,NA,NA,NA,NA,NA,NA,NA,NA,NA,NA,NA,NA,NA,NA,NA,NA,NA,NA,NA,NA,NA,NA,NA,NA,NA,NA,NA,NA,NA,NA,NA,NA,NA,NA,NA,NA,NA,NA,NA,NA,NA,NA,NA,NA,NA,NA,NA,NA,NA,NA,NA,NA,NA,NA,NA,NA,NA,1,1,3,5,4,4,3,38,2,NA
498,1,NA,NA,NA,NA,NA,NA,NA,NA,NA,NA,NA,NA,NA,NA,NA,NA,NA,NA,NA,NA,NA,NA,NA,NA,NA,NA,NA,NA,NA,NA,NA,NA,NA,NA,NA,NA,NA,NA,NA,NA,NA,NA,NA,NA,NA,NA,NA,NA,NA,NA,NA,NA,NA,NA,NA,NA,NA,NA,NA,NA,NA,NA,NA,NA,NA,NA,NA,NA,NA,NA,NA,NA,NA,NA,NA,NA,NA,NA,NA,NA,NA,NA,NA,NA,66,3,74,38,60,95,54,78,38,93,59,69,100,14,87,3,87,71,34,0,30,52,91,75,36,74,0,93,83,63,52,22,84,36,73,91,92,58,30,68,39,94,NA,NA,NA,NA,NA,NA,NA,NA,NA,NA,NA,NA,NA,NA,NA,NA,NA,NA,NA,NA,NA,NA,NA,NA,NA,NA,NA,NA,NA,NA,NA,NA,NA,NA,NA,NA,NA,NA,NA,NA,NA,NA,2,1,1,3,2,3,5,25,1,NA
470,1,NA,NA,NA,NA,NA,NA,NA,NA,NA,NA,NA,NA,NA,NA,NA,NA,NA,NA,NA,NA,NA,NA,NA,NA,NA,NA,NA,NA,NA,NA,NA,NA,NA,NA,NA,NA,NA,NA,NA,NA,NA,NA,66,66,66,41,8,86,8,75,28,30,69,91,33,80,34,62,71,37,50,91,85,0,92,29,27,73,91,100,24,33,86,11,8,100,91,93,0,50,91,78,10,50,NA,NA,NA,NA,NA,NA,NA,NA,NA,NA,NA,NA,NA,NA,NA,NA,NA,NA,NA,NA,NA,NA,NA,NA,NA,NA,NA,NA,NA,NA,NA,NA,NA,NA,NA,NA,NA,NA,NA,NA,NA,NA,NA,NA,NA,NA,NA,NA,NA,NA,NA,NA,NA,NA,NA,NA,NA,NA,NA,NA,NA,NA,NA,NA,NA,NA,NA,NA,NA,NA,NA,NA,NA,NA,NA,NA,NA,NA,NA,NA,NA,NA,NA,NA,3,1,3,5,4,5,5,40,1,NA
452,1,NA,NA,NA,NA,NA,NA,NA,NA,NA,NA,NA,NA,NA,NA,NA,NA,NA,NA,NA,NA,NA,NA,NA,NA,NA,NA,NA,NA,NA,NA,NA,NA,NA,NA,NA,NA,NA,NA,NA,NA,NA,NA,69,61,68,70,0,71,17,16,74,73,71,11,75,67,31,20,31,25,50,83,96,56,73,59,66,40,68,87,68,82,59,30,16,79,100,69,0,96,86,70,65,50,NA,NA,NA,NA,NA,NA,NA,NA,NA,NA,NA,NA,NA,NA,NA,NA,NA,NA,NA,NA,NA,NA,NA,NA,NA,NA,NA,NA,NA,NA,NA,NA,NA,NA,NA,NA,NA,NA,NA,NA,NA,NA,NA,NA,NA,NA,NA,NA,NA,NA,NA,NA,NA,NA,NA,NA,NA,NA,NA,NA,NA,NA,NA,NA,NA,NA,NA,NA,NA,NA,NA,NA,NA,NA,NA,NA,NA,NA,NA,NA,NA,NA,NA,NA,1,1,3,5,5,5,2,31,1,NA
454,1,32,75,8,89,72,77,66,66,16,18,40,41,44,52,74,100,25,12,60,75,46,61,27,6,78,56,73,82,81,94,97,62,60,12,27,55,58,37,88,95,45,NA,NA,NA,NA,NA,NA,NA,NA,NA,NA,NA,NA,NA,NA,NA,NA,NA,NA,NA,NA,NA,NA,NA,NA,NA,NA,NA,NA,NA,NA,NA,NA,NA,NA,NA,NA,NA,NA,NA,NA,NA,NA,NA,NA,NA,NA,NA,NA,NA,NA,NA,NA,NA,NA,NA,NA,NA,NA,NA,NA,NA,NA,NA,NA,NA,NA,NA,NA,NA,NA,NA,NA,NA,NA,NA,NA,NA,NA,NA,NA,NA,NA,NA,NA,NA,NA,NA,NA,NA,NA,NA,NA,NA,NA,NA,NA,NA,NA,NA,NA,NA,NA,NA,NA,NA,NA,NA,NA,NA,NA,NA,NA,NA,NA,NA,NA,NA,NA,NA,NA,NA,NA,NA,NA,NA,NA,NA,1,5,2,4,5,5,3,39,1,NA
482,1,25,43,11,82,63,71,63,85,6,10,45,55,37,55,62,86,60,12,7,59,84,70,0,0,15,42,56,74,96,81,93,54,92,6,57,62,45,72,60,64,59,56,NA,NA,NA,NA,NA,NA,NA,NA,NA,NA,NA,NA,NA,NA,NA,NA,NA,NA,NA,NA,NA,NA,NA,NA,NA,NA,NA,NA,NA,NA,NA,NA,NA,NA,NA,NA,NA,NA,NA,NA,NA,NA,NA,NA,NA,NA,NA,NA,NA,NA,NA,NA,NA,NA,NA,NA,NA,NA,NA,NA,NA,NA,NA,NA,NA,NA,NA,NA,NA,NA,NA,NA,NA,NA,NA,NA,NA,NA,NA,NA,NA,NA,NA,NA,NA,NA,NA,NA,NA,NA,NA,NA,NA,NA,NA,NA,NA,NA,NA,NA,NA,NA,NA,NA,NA,NA,NA,NA,NA,NA,NA,NA,NA,NA,NA,NA,NA,NA,NA,NA,NA,NA,NA,NA,NA,NA,1,1,2,4,4,4,3,60,1,NA
529,1,NA,NA,NA,NA,NA,NA,NA,NA,NA,NA,NA,NA,NA,NA,NA,NA,NA,NA,NA,NA,NA,NA,NA,NA,NA,NA,NA,NA,NA,NA,NA,NA,NA,NA,NA,NA,NA,NA,NA,NA,NA,NA,NA,NA,NA,NA,NA,NA,NA,NA,NA,NA,NA,NA,NA,NA,NA,NA,NA,NA,NA,NA,NA,NA,NA,NA,NA,NA,NA,NA,NA,NA,NA,NA,NA,NA,NA,NA,NA,NA,NA,NA,NA,NA,6,4,50,22,37,92,19,73,6,87,29,34,97,5,60,2,35,70,59,0,0,0,0,0,0,0,64,0,0,0,0,0,0,0,27,0,0,0,0,0,0,0,NA,NA,NA,NA,NA,NA,NA,NA,NA,NA,NA,NA,NA,NA,NA,NA,NA,NA,NA,NA,NA,NA,NA,NA,NA,NA,NA,NA,NA,NA,NA,NA,NA,NA,NA,NA,NA,NA,NA,NA,NA,NA,1,1,1,4,4,4,3,44,1,NA
376,1,20,46,14,98,81,82,73,94,23,38,40,54,58,59,79,97,76,35,24,37,45,42,39,67,39,41,85,81,93,68,96,68,62,70,64,28,74,79,48,82,73,50,NA,NA,NA,NA,NA,NA,NA,NA,NA,NA,NA,NA,NA,NA,NA,NA,NA,NA,NA,NA,NA,NA,NA,NA,NA,NA,NA,NA,NA,NA,NA,NA,NA,NA,NA,NA,NA,NA,NA,NA,NA,NA,NA,NA,NA,NA,NA,NA,NA,NA,NA,NA,NA,NA,NA,NA,NA,NA,NA,NA,NA,NA,NA,NA,NA,NA,NA,NA,NA,NA,NA,NA,NA,NA,NA,NA,NA,NA,NA,NA,NA,NA,NA,NA,NA,NA,NA,NA,NA,NA,NA,NA,NA,NA,NA,NA,NA,NA,NA,NA,NA,NA,NA,NA,NA,NA,NA,NA,NA,NA,NA,NA,NA,NA,NA,NA,NA,NA,NA,NA,NA,NA,NA,NA,NA,NA,1,1,3,2,4,2,2,29,2,NA
454,1,4,0,0,100,0,0,0,100,0,0,0,0,0,0,13,100,100,0,88,100,0,69,100,0,100,1,85,0,83,0,100,0,100,100,0,95,0,100,0,68,7,0,NA,NA,NA,NA,NA,NA,NA,NA,NA,NA,NA,NA,NA,NA,NA,NA,NA,NA,NA,NA,NA,NA,NA,NA,NA,NA,NA,NA,NA,NA,NA,NA,NA,NA,NA,NA,NA,NA,NA,NA,NA,NA,NA,NA,NA,NA,NA,NA,NA,NA,NA,NA,NA,NA,NA,NA,NA,NA,NA,NA,NA,NA,NA,NA,NA,NA,NA,NA,NA,NA,NA,NA,NA,NA,NA,NA,NA,NA,NA,NA,NA,NA,NA,NA,NA,NA,NA,NA,NA,NA,NA,NA,NA,NA,NA,NA,NA,NA,NA,NA,NA,NA,NA,NA,NA,NA,NA,NA,NA,NA,NA,NA,NA,NA,NA,NA,NA,NA,NA,NA,NA,NA,NA,NA,NA,NA,1,1,2,4,4,5,3,37,2,NA
484,1,32,64,12,87,55,39,62,61,14,31,41,47,33,47,54,90,80,25,0,57,72,59,5,0,40,61,93,100,24,57,64,67,27,12,56,41,28,6,61,61,38,60,NA,NA,NA,NA,NA,NA,NA,NA,NA,NA,NA,NA,NA,NA,NA,NA,NA,NA,NA,NA,NA,NA,NA,NA,NA,NA,NA,NA,NA,NA,NA,NA,NA,NA,NA,NA,NA,NA,NA,NA,NA,NA,NA,NA,NA,NA,NA,NA,NA,NA,NA,NA,NA,NA,NA,NA,NA,NA,NA,NA,NA,NA,NA,NA,NA,NA,NA,NA,NA,NA,NA,NA,NA,NA,NA,NA,NA,NA,NA,NA,NA,NA,NA,NA,NA,NA,NA,NA,NA,NA,NA,NA,NA,NA,NA,NA,NA,NA,NA,NA,NA,NA,NA,NA,NA,NA,NA,NA,NA,NA,NA,NA,NA,NA,NA,NA,NA,NA,NA,NA,NA,NA,NA,NA,NA,NA,3,1,3,3,4,4,5,30,2,NA
494,1,NA,NA,NA,NA,NA,NA,NA,NA,NA,NA,NA,NA,NA,NA,NA,NA,NA,NA,NA,NA,NA,NA,NA,NA,NA,NA,NA,NA,NA,NA,NA,NA,NA,NA,NA,NA,NA,NA,NA,NA,NA,NA,66,71,20,37,7,54,10,32,35,24,47,41,36,47,64,85,40,36,50,90,62,16,5,85,62,53,5,3,65,59,2,25,8,21,0,0,0,79,92,50,0,50,NA,NA,NA,NA,NA,NA,NA,NA,NA,NA,NA,NA,NA,NA,NA,NA,NA,NA,NA,NA,NA,NA,NA,NA,NA,NA,NA,NA,NA,NA,NA,NA,NA,NA,NA,NA,NA,NA,NA,NA,NA,NA,NA,NA,NA,NA,NA,NA,NA,NA,NA,NA,NA,NA,NA,NA,NA,NA,NA,NA,NA,NA,NA,NA,NA,NA,NA,NA,NA,NA,NA,NA,NA,NA,NA,NA,NA,NA,NA,NA,NA,NA,NA,NA,2,1,5,4,5,5,5,46,2,NA
516,1,NA,NA,NA,NA,NA,NA,NA,NA,NA,NA,NA,NA,NA,NA,NA,NA,NA,NA,NA,NA,NA,NA,NA,NA,NA,NA,NA,NA,NA,NA,NA,NA,NA,NA,NA,NA,NA,NA,NA,NA,NA,NA,NA,NA,NA,NA,NA,NA,NA,NA,NA,NA,NA,NA,NA,NA,NA,NA,NA,NA,NA,NA,NA,NA,NA,NA,NA,NA,NA,NA,NA,NA,NA,NA,NA,NA,NA,NA,NA,NA,NA,NA,NA,NA,NA,NA,NA,NA,NA,NA,NA,NA,NA,NA,NA,NA,NA,NA,NA,NA,NA,NA,NA,NA,NA,NA,NA,NA,NA,NA,NA,NA,NA,NA,NA,NA,NA,NA,NA,NA,NA,NA,NA,NA,NA,NA,47,44,4,36,36,24,25,45,40,29,59,32,0,0,52,NA,17,21,0,0,0,0,0,35,0,0,0,7,57,58,0,0,75,81,45,0,0,53,0,0,0,0,1,1,1,4,2,4,6,56,1,NA
589,1,61,77,38,100,92,39,95,79,11,36,75,91,60,70,66,96,81,37,5,71,86,82,4,44,56,60,98,100,92,70,65,92,72,12,38,82,96,50,95,35,66,91,NA,NA,NA,NA,NA,NA,NA,NA,NA,NA,NA,NA,NA,NA,NA,NA,NA,NA,NA,NA,NA,NA,NA,NA,NA,NA,NA,NA,NA,NA,NA,NA,NA,NA,NA,NA,NA,NA,NA,NA,NA,NA,NA,NA,NA,NA,NA,NA,NA,NA,NA,NA,NA,NA,NA,NA,NA,NA,NA,NA,NA,NA,NA,NA,NA,NA,NA,NA,NA,NA,NA,NA,NA,NA,NA,NA,NA,NA,NA,NA,NA,NA,NA,NA,NA,NA,NA,NA,NA,NA,NA,NA,NA,NA,NA,NA,NA,NA,NA,NA,NA,NA,NA,NA,NA,NA,NA,NA,NA,NA,NA,NA,NA,NA,NA,NA,NA,NA,NA,NA,NA,NA,NA,NA,NA,NA,1,1,4,5,5,5,5,38,NA,NA
524,1,NA,NA,NA,NA,NA,NA,NA,NA,NA,NA,NA,NA,NA,NA,NA,NA,NA,NA,NA,NA,NA,NA,NA,NA,NA,NA,NA,NA,NA,NA,NA,NA,NA,NA,NA,NA,NA,NA,NA,NA,NA,NA,NA,NA,NA,NA,NA,NA,NA,NA,NA,NA,NA,NA,NA,NA,NA,NA,NA,NA,NA,NA,NA,NA,NA,NA,NA,NA,NA,NA,NA,NA,NA,NA,NA,NA,NA,NA,NA,NA,NA,NA,NA,NA,74,25,31,NA,NA,69,52,53,61,NA,25,34,83,12,4,66,75,NA,67,14,50,26,32,67,35,26,74,50,25,30,81,14,15,84,26,74,37,83,34,50,71,50,NA,NA,NA,NA,NA,NA,NA,NA,NA,NA,NA,NA,NA,NA,NA,NA,NA,NA,NA,NA,NA,NA,NA,NA,NA,NA,NA,NA,NA,NA,NA,NA,NA,NA,NA,NA,NA,NA,NA,NA,NA,NA,1,1,3,3,3,4,2,30,2,NA
584,1,NA,NA,NA,NA,NA,NA,NA,NA,NA,NA,NA,NA,NA,NA,NA,NA,NA,NA,NA,NA,NA,NA,NA,NA,NA,NA,NA,NA,NA,NA,NA,NA,NA,NA,NA,NA,NA,NA,NA,NA,NA,NA,NA,NA,NA,NA,NA,NA,NA,NA,NA,NA,NA,NA,NA,NA,NA,NA,NA,NA,NA,NA,NA,NA,NA,NA,NA,NA,NA,NA,NA,NA,NA,NA,NA,NA,NA,NA,NA,NA,NA,NA,NA,NA,NA,NA,NA,NA,NA,NA,NA,NA,NA,NA,NA,NA,NA,NA,NA,NA,NA,NA,NA,NA,NA,NA,NA,NA,NA,NA,NA,NA,NA,NA,NA,NA,NA,NA,NA,NA,NA,NA,NA,NA,NA,NA,50,53,0,19,0,40,14,18,44,13,52,60,7,13,3,48,0,0,0,1,26,2,4,61,32,50,84,0,32,51,63,53,48,0,37,64,23,2,5,4,38,46,1,1,2,4,4,4,5,47,1,NA
556,1,NA,NA,NA,NA,NA,NA,NA,NA,NA,NA,NA,NA,NA,NA,NA,NA,NA,NA,NA,NA,NA,NA,NA,NA,NA,NA,NA,NA,NA,NA,NA,NA,NA,NA,NA,NA,NA,NA,NA,NA,NA,NA,NA,NA,NA,NA,NA,NA,NA,NA,NA,NA,NA,NA,NA,NA,NA,NA,NA,NA,NA,NA,NA,NA,NA,NA,NA,NA,NA,NA,NA,NA,NA,NA,NA,NA,NA,NA,NA,NA,NA,NA,NA,NA,6,18,17,9,72,82,8,18,5,84,64,21,89,6,11,8,85,13,3,9,16,8,76,37,5,3,3,88,68,26,67,0,0,12,78,34,11,51,8,67,58,83,NA,NA,NA,NA,NA,NA,NA,NA,NA,NA,NA,NA,NA,NA,NA,NA,NA,NA,NA,NA,NA,NA,NA,NA,NA,NA,NA,NA,NA,NA,NA,NA,NA,NA,NA,NA,NA,NA,NA,NA,NA,NA,1,1,2,3,2,3,5,53,1,NA
563,1,NA,NA,NA,NA,NA,NA,NA,NA,NA,NA,NA,NA,NA,NA,NA,NA,NA,NA,NA,NA,NA,NA,NA,NA,NA,NA,NA,NA,NA,NA,NA,NA,NA,NA,NA,NA,NA,NA,NA,NA,NA,NA,55,64,25,4,34,43,31,23,39,29,44,47,32,31,56,68,31,44,NA,46,54,54,57,48,37,45,35,66,53,66,19,53,11,2,54,12,7,12,52,66,48,54,NA,NA,NA,NA,NA,NA,NA,NA,NA,NA,NA,NA,NA,NA,NA,NA,NA,NA,NA,NA,NA,NA,NA,NA,NA,NA,NA,NA,NA,NA,NA,NA,NA,NA,NA,NA,NA,NA,NA,NA,NA,NA,NA,NA,NA,NA,NA,NA,NA,NA,NA,NA,NA,NA,NA,NA,NA,NA,NA,NA,NA,NA,NA,NA,NA,NA,NA,NA,NA,NA,NA,NA,NA,NA,NA,NA,NA,NA,NA,NA,NA,NA,NA,NA,2,1,3,2,3,2,5,27,1,NA
598,1,NA,NA,NA,NA,NA,NA,NA,NA,NA,NA,NA,NA,NA,NA,NA,NA,NA,NA,NA,NA,NA,NA,NA,NA,NA,NA,NA,NA,NA,NA,NA,NA,NA,NA,NA,NA,NA,NA,NA,NA,NA,NA,NA,NA,NA,NA,NA,NA,NA,NA,NA,NA,NA,NA,NA,NA,NA,NA,NA,NA,NA,NA,NA,NA,NA,NA,NA,NA,NA,NA,NA,NA,NA,NA,NA,NA,NA,NA,NA,NA,NA,NA,NA,NA,38,20,67,74,36,73,19,35,12,83,76,32,82,10,31,15,69,38,67,64,75,69,70,76,40,41,39,77,77,68,86,40,61,50,72,84,62,86,37,72,69,80,NA,NA,NA,NA,NA,NA,NA,NA,NA,NA,NA,NA,NA,NA,NA,NA,NA,NA,NA,NA,NA,NA,NA,NA,NA,NA,NA,NA,NA,NA,NA,NA,NA,NA,NA,NA,NA,NA,NA,NA,NA,NA,1,1,3,4,5,4,3,66,2,NA
572,1,NA,NA,NA,NA,NA,NA,NA,NA,NA,NA,NA,NA,NA,NA,NA,NA,NA,NA,NA,NA,NA,NA,NA,NA,NA,NA,NA,NA,NA,NA,NA,NA,NA,NA,NA,NA,NA,NA,NA,NA,NA,NA,NA,NA,NA,NA,NA,NA,NA,NA,NA,NA,NA,NA,NA,NA,NA,NA,NA,NA,NA,NA,NA,NA,NA,NA,NA,NA,NA,NA,NA,NA,NA,NA,NA,NA,NA,NA,NA,NA,NA,NA,NA,NA,16,26,72,67,24,70,19,68,29,85,45,78,89,31,17,23,86,20,68,6,47,64,72,35,76,71,94,21,61,72,33,36,21,7,99,52,66,69,0,27,20,76,NA,NA,NA,NA,NA,NA,NA,NA,NA,NA,NA,NA,NA,NA,NA,NA,NA,NA,NA,NA,NA,NA,NA,NA,NA,NA,NA,NA,NA,NA,NA,NA,NA,NA,NA,NA,NA,NA,NA,NA,NA,NA,1,1,1,1,2,1,4,45,2,NA
636,1,NA,NA,NA,NA,NA,NA,NA,NA,NA,NA,NA,NA,NA,NA,NA,NA,NA,NA,NA,NA,NA,NA,NA,NA,NA,NA,NA,NA,NA,NA,NA,NA,NA,NA,NA,NA,NA,NA,NA,NA,NA,NA,63,71,40,34,20,44,19,44,40,40,69,31,43,42,77,69,56,26,68,61,21,23,29,59,71,57,86,65,59,56,61,71,7,16,44,32,12,26,35,38,61,30,NA,NA,NA,NA,NA,NA,NA,NA,NA,NA,NA,NA,NA,NA,NA,NA,NA,NA,NA,NA,NA,NA,NA,NA,NA,NA,NA,NA,NA,NA,NA,NA,NA,NA,NA,NA,NA,NA,NA,NA,NA,NA,NA,NA,NA,NA,NA,NA,NA,NA,NA,NA,NA,NA,NA,NA,NA,NA,NA,NA,NA,NA,NA,NA,NA,NA,NA,NA,NA,NA,NA,NA,NA,NA,NA,NA,NA,NA,NA,NA,NA,NA,NA,NA,1,1,4,4,5,5,3,33,1,NA
595,1,NA,NA,NA,NA,NA,NA,NA,NA,NA,NA,NA,NA,NA,NA,NA,NA,NA,NA,NA,NA,NA,NA,NA,NA,NA,NA,NA,NA,NA,NA,NA,NA,NA,NA,NA,NA,NA,NA,NA,NA,NA,NA,50,53,37,42,14,55,14,50,50,27,71,64,46,47,23,67,67,72,50,0,0,0,86,0,82,95,50,50,50,1,0,81,0,0,0,0,0,0,38,11,0,50,NA,NA,NA,NA,NA,NA,NA,NA,NA,NA,NA,NA,NA,NA,NA,NA,NA,NA,NA,NA,NA,NA,NA,NA,NA,NA,NA,NA,NA,NA,NA,NA,NA,NA,NA,NA,NA,NA,NA,NA,NA,NA,NA,NA,NA,NA,NA,NA,NA,NA,NA,NA,NA,NA,NA,NA,NA,NA,NA,NA,NA,NA,NA,NA,NA,NA,NA,NA,NA,NA,NA,NA,NA,NA,NA,NA,NA,NA,NA,NA,NA,NA,NA,NA,1,1,3,2,3,5,5,33,2,NA
682,1,NA,NA,NA,NA,NA,NA,NA,NA,NA,NA,NA,NA,NA,NA,NA,NA,NA,NA,NA,NA,NA,NA,NA,NA,NA,NA,NA,NA,NA,NA,NA,NA,NA,NA,NA,NA,NA,NA,NA,NA,NA,NA,13,21,43,49,22,45,13,21,27,27,79,65,49,48,40,76,33,21,50,31,30,35,28,25,51,66,56,65,15,49,13,81,0,0,0,23,63,23,62,59,17,47,NA,NA,NA,NA,NA,NA,NA,NA,NA,NA,NA,NA,NA,NA,NA,NA,NA,NA,NA,NA,NA,NA,NA,NA,NA,NA,NA,NA,NA,NA,NA,NA,NA,NA,NA,NA,NA,NA,NA,NA,NA,NA,NA,NA,NA,NA,NA,NA,NA,NA,NA,NA,NA,NA,NA,NA,NA,NA,NA,NA,NA,NA,NA,NA,NA,NA,NA,NA,NA,NA,NA,NA,NA,NA,NA,NA,NA,NA,NA,NA,NA,NA,NA,NA,1,1,3,2,4,3,4,29,2,NA
701,1,NA,NA,NA,NA,NA,NA,NA,NA,NA,NA,NA,NA,NA,NA,NA,NA,NA,NA,NA,NA,NA,NA,NA,NA,NA,NA,NA,NA,NA,NA,NA,NA,NA,NA,NA,NA,NA,NA,NA,NA,NA,NA,NA,NA,NA,NA,NA,NA,NA,NA,NA,NA,NA,NA,NA,NA,NA,NA,NA,NA,NA,NA,NA,NA,NA,NA,NA,NA,NA,NA,NA,NA,NA,NA,NA,NA,NA,NA,NA,NA,NA,NA,NA,NA,NA,NA,NA,NA,NA,NA,NA,NA,NA,NA,NA,NA,NA,NA,NA,NA,NA,NA,NA,NA,NA,NA,NA,NA,NA,NA,NA,NA,NA,NA,NA,NA,NA,NA,NA,NA,NA,NA,NA,NA,NA,NA,33,49,32,8,5,37,10,37,61,34,51,57,7,5,50,10,13,27,19,NA,76,11,7,1,26,73,96,26,27,9,88,49,4,50,1,4,3,64,67,54,41,50,1,1,2,4,4,4,3,40,1,NA
619,1,NA,NA,NA,NA,NA,NA,NA,NA,NA,NA,NA,NA,NA,NA,NA,NA,NA,NA,NA,NA,NA,NA,NA,NA,NA,NA,NA,NA,NA,NA,NA,NA,NA,NA,NA,NA,NA,NA,NA,NA,NA,NA,76,25,36,19,50,50,21,38,84,79,37,79,23,30,51,82,35,32,50,0,14,NA,0,0,50,100,0,0,0,0,79,25,0,0,0,0,0,0,0,26,69,NA,NA,NA,NA,NA,NA,NA,NA,NA,NA,NA,NA,NA,NA,NA,NA,NA,NA,NA,NA,NA,NA,NA,NA,NA,NA,NA,NA,NA,NA,NA,NA,NA,NA,NA,NA,NA,NA,NA,NA,NA,NA,NA,NA,NA,NA,NA,NA,NA,NA,NA,NA,NA,NA,NA,NA,NA,NA,NA,NA,NA,NA,NA,NA,NA,NA,NA,NA,NA,NA,NA,NA,NA,NA,NA,NA,NA,NA,NA,NA,NA,NA,NA,NA,NA,1,1,2,5,4,5,5,34,1,NA
685,1,NA,NA,NA,NA,NA,NA,NA,NA,NA,NA,NA,NA,NA,NA,NA,NA,NA,NA,NA,NA,NA,NA,NA,NA,NA,NA,NA,NA,NA,NA,NA,NA,NA,NA,NA,NA,NA,NA,NA,NA,NA,NA,NA,NA,NA,NA,NA,NA,NA,NA,NA,NA,NA,NA,NA,NA,NA,NA,NA,NA,NA,NA,NA,NA,NA,NA,NA,NA,NA,NA,NA,NA,NA,NA,NA,NA,NA,NA,NA,NA,NA,NA,NA,NA,5,0,34,73,95,100,10,61,0,91,83,56,100,0,33,23,100,46,0,0,4,38,100,78,0,41,0,57,88,51,100,0,7,9,86,52,0,75,8,38,56,91,NA,NA,NA,NA,NA,NA,NA,NA,NA,NA,NA,NA,NA,NA,NA,NA,NA,NA,NA,NA,NA,NA,NA,NA,NA,NA,NA,NA,NA,NA,NA,NA,NA,NA,NA,NA,NA,NA,NA,NA,NA,NA,1,1,1,1,3,2,2,18,1,NA
679,1,NA,NA,NA,NA,NA,NA,NA,NA,NA,NA,NA,NA,NA,NA,NA,NA,NA,NA,NA,NA,NA,NA,NA,NA,NA,NA,NA,NA,NA,NA,NA,NA,NA,NA,NA,NA,NA,NA,NA,NA,NA,NA,NA,NA,NA,NA,NA,NA,NA,NA,NA,NA,NA,NA,NA,NA,NA,NA,NA,NA,NA,NA,NA,NA,NA,NA,NA,NA,NA,NA,NA,NA,NA,NA,NA,NA,NA,NA,NA,NA,NA,NA,NA,NA,16,23,79,4,32,83,38,74,35,73,32,63,100,29,37,16,85,36,86,25,26,33,66,89,27,86,15,86,33,28,98,87,9,37,88,35,78,78,33,75,100,85,NA,NA,NA,NA,NA,NA,NA,NA,NA,NA,NA,NA,NA,NA,NA,NA,NA,NA,NA,NA,NA,NA,NA,NA,NA,NA,NA,NA,NA,NA,NA,NA,NA,NA,NA,NA,NA,NA,NA,NA,NA,NA,3,1,4,5,5,4,6,27,1,NA
660,1,NA,NA,NA,NA,NA,NA,NA,NA,NA,NA,NA,NA,NA,NA,NA,NA,NA,NA,NA,NA,NA,NA,NA,NA,NA,NA,NA,NA,NA,NA,NA,NA,NA,NA,NA,NA,NA,NA,NA,NA,NA,NA,NA,NA,NA,NA,NA,NA,NA,NA,NA,NA,NA,NA,NA,NA,NA,NA,NA,NA,NA,NA,NA,NA,NA,NA,NA,NA,NA,NA,NA,NA,NA,NA,NA,NA,NA,NA,NA,NA,NA,NA,NA,NA,14,6,11,67,67,86,6,67,3,91,70,76,94,23,23,18,78,71,4,7,5,68,70,85,2,69,0,90,68,70,97,5,14,18,83,75,7,100,11,84,100,80,NA,NA,NA,NA,NA,NA,NA,NA,NA,NA,NA,NA,NA,NA,NA,NA,NA,NA,NA,NA,NA,NA,NA,NA,NA,NA,NA,NA,NA,NA,NA,NA,NA,NA,NA,NA,NA,NA,NA,NA,NA,NA,1,1,1,2,2,2,2,54,1,NA
639,1,NA,NA,NA,NA,NA,NA,NA,NA,NA,NA,NA,NA,NA,NA,NA,NA,NA,NA,NA,NA,NA,NA,NA,NA,NA,NA,NA,NA,NA,NA,NA,NA,NA,NA,NA,NA,NA,NA,NA,NA,NA,NA,62,50,34,33,36,32,52,32,29,31,75,69,38,NA,61,71,43,60,50,33,46,36,39,65,87,84,29,36,54,44,9,83,12,20,61,8,29,50,35,71,24,50,NA,NA,NA,NA,NA,NA,NA,NA,NA,NA,NA,NA,NA,NA,NA,NA,NA,NA,NA,NA,NA,NA,NA,NA,NA,NA,NA,NA,NA,NA,NA,NA,NA,NA,NA,NA,NA,NA,NA,NA,NA,NA,NA,NA,NA,NA,NA,NA,NA,NA,NA,NA,NA,NA,NA,NA,NA,NA,NA,NA,NA,NA,NA,NA,NA,NA,NA,NA,NA,NA,NA,NA,NA,NA,NA,NA,NA,NA,NA,NA,NA,NA,NA,NA,2,1,4,5,5,5,3,33,3,NA
727,1,NA,NA,NA,NA,NA,NA,NA,NA,NA,NA,NA,NA,NA,NA,NA,NA,NA,NA,NA,NA,NA,NA,NA,NA,NA,NA,NA,NA,NA,NA,NA,NA,NA,NA,NA,NA,NA,NA,NA,NA,NA,NA,NA,NA,NA,NA,NA,NA,NA,NA,NA,NA,NA,NA,NA,NA,NA,NA,NA,NA,NA,NA,NA,NA,NA,NA,NA,NA,NA,NA,NA,NA,NA,NA,NA,NA,NA,NA,NA,NA,NA,NA,NA,NA,NA,NA,NA,NA,NA,NA,NA,NA,NA,NA,NA,NA,NA,NA,NA,NA,NA,NA,NA,NA,NA,NA,NA,NA,NA,NA,NA,NA,NA,NA,NA,NA,NA,NA,NA,NA,NA,NA,NA,NA,NA,NA,55,66,47,4,39,50,19,8,57,5,49,70,9,29,26,50,5,16,17,13,1,68,76,84,69,100,77,20,64,64,26,43,43,25,25,14,6,80,87,90,17,63,1,1,4,4,5,5,4,31,2,NA
618,1,NA,NA,NA,NA,NA,NA,NA,NA,NA,NA,NA,NA,NA,NA,NA,NA,NA,NA,NA,NA,NA,NA,NA,NA,NA,NA,NA,NA,NA,NA,NA,NA,NA,NA,NA,NA,NA,NA,NA,NA,NA,NA,NA,NA,NA,NA,NA,NA,NA,NA,NA,NA,NA,NA,NA,NA,NA,NA,NA,NA,NA,NA,NA,NA,NA,NA,NA,NA,NA,NA,NA,NA,NA,NA,NA,NA,NA,NA,NA,NA,NA,NA,NA,NA,NA,NA,NA,NA,NA,NA,NA,NA,NA,NA,NA,NA,NA,NA,NA,NA,NA,NA,NA,NA,NA,NA,NA,NA,NA,NA,NA,NA,NA,NA,NA,NA,NA,NA,NA,NA,NA,NA,NA,NA,NA,NA,50,50,0,9,0,17,0,11,50,0,50,4,4,0,25,50,7,15,86,64,92,50,81,0,75,28,1,59,14,18,0,22,9,0,0,75,0,0,50,80,10,50,1,1,1,5,5,5,4,28,1,NA
700,1,NA,NA,NA,NA,NA,NA,NA,NA,NA,NA,NA,NA,NA,NA,NA,NA,NA,NA,NA,NA,NA,NA,NA,NA,NA,NA,NA,NA,NA,NA,NA,NA,NA,NA,NA,NA,NA,NA,NA,NA,NA,NA,NA,NA,NA,NA,NA,NA,NA,NA,NA,NA,NA,NA,NA,NA,NA,NA,NA,NA,NA,NA,NA,NA,NA,NA,NA,NA,NA,NA,NA,NA,NA,NA,NA,NA,NA,NA,NA,NA,NA,NA,NA,NA,NA,NA,NA,NA,NA,NA,NA,NA,NA,NA,NA,NA,NA,NA,NA,NA,NA,NA,NA,NA,NA,NA,NA,NA,NA,NA,NA,NA,NA,NA,NA,NA,NA,NA,NA,NA,NA,NA,NA,NA,NA,NA,55,64,24,0,13,30,56,50,63,8,50,59,50,51,59,25,2,4,91,78,61,73,69,56,67,62,61,92,50,50,85,100,1,97,65,61,21,26,29,74,93,53,3,1,3,5,5,5,5,47,1,NA
748,1,NA,NA,NA,NA,NA,NA,NA,NA,NA,NA,NA,NA,NA,NA,NA,NA,NA,NA,NA,NA,NA,NA,NA,NA,NA,NA,NA,NA,NA,NA,NA,NA,NA,NA,NA,NA,NA,NA,NA,NA,NA,NA,11,40,58,52,3,31,15,26,57,34,60,69,49,44,28,32,36,83,50,0,0,0,39,0,82,64,31,32,21,100,3,68,0,0,0,0,0,0,60,56,0,50,NA,NA,NA,NA,NA,NA,NA,NA,NA,NA,NA,NA,NA,NA,NA,NA,NA,NA,NA,NA,NA,NA,NA,NA,NA,NA,NA,NA,NA,NA,NA,NA,NA,NA,NA,NA,NA,NA,NA,NA,NA,NA,NA,NA,NA,NA,NA,NA,NA,NA,NA,NA,NA,NA,NA,NA,NA,NA,NA,NA,NA,NA,NA,NA,NA,NA,NA,NA,NA,NA,NA,NA,NA,NA,NA,NA,NA,NA,NA,NA,NA,NA,NA,NA,1,1,3,4,4,5,4,29,2,NA
748,1,NA,NA,NA,NA,NA,NA,NA,NA,NA,NA,NA,NA,NA,NA,NA,NA,NA,NA,NA,NA,NA,NA,NA,NA,NA,NA,NA,NA,NA,NA,NA,NA,NA,NA,NA,NA,NA,NA,NA,NA,NA,NA,78,74,32,75,39,88,22,68,40,33,50,88,42,49,67,72,38,45,50,50,34,41,41,66,81,83,78,81,56,64,66,92,14,13,78,45,4,50,60,29,74,49,NA,NA,NA,NA,NA,NA,NA,NA,NA,NA,NA,NA,NA,NA,NA,NA,NA,NA,NA,NA,NA,NA,NA,NA,NA,NA,NA,NA,NA,NA,NA,NA,NA,NA,NA,NA,NA,NA,NA,NA,NA,NA,NA,NA,NA,NA,NA,NA,NA,NA,NA,NA,NA,NA,NA,NA,NA,NA,NA,NA,NA,NA,NA,NA,NA,NA,NA,NA,NA,NA,NA,NA,NA,NA,NA,NA,NA,NA,NA,NA,NA,NA,NA,NA,2,1,2,2,3,2,5,35,1,NA
577,1,NA,NA,NA,NA,NA,NA,NA,NA,NA,NA,NA,NA,NA,NA,NA,NA,NA,NA,NA,NA,NA,NA,NA,NA,NA,NA,NA,NA,NA,NA,NA,NA,NA,NA,NA,NA,NA,NA,NA,NA,NA,NA,70,14,36,35,8,60,34,26,31,65,71,35,39,50,50,59,22,62,50,31,68,86,39,28,74,68,70,51,76,67,65,67,24,17,23,35,8,32,77,63,68,50,NA,NA,NA,NA,NA,NA,NA,NA,NA,NA,NA,NA,NA,NA,NA,NA,NA,NA,NA,NA,NA,NA,NA,NA,NA,NA,NA,NA,NA,NA,NA,NA,NA,NA,NA,NA,NA,NA,NA,NA,NA,NA,NA,NA,NA,NA,NA,NA,NA,NA,NA,NA,NA,NA,NA,NA,NA,NA,NA,NA,NA,NA,NA,NA,NA,NA,NA,NA,NA,NA,NA,NA,NA,NA,NA,NA,NA,NA,NA,NA,NA,NA,NA,NA,2,1,3,4,4,5,5,40,1,NA
725,1,NA,NA,NA,NA,NA,NA,NA,NA,NA,NA,NA,NA,NA,NA,NA,NA,NA,NA,NA,NA,NA,NA,NA,NA,NA,NA,NA,NA,NA,NA,NA,NA,NA,NA,NA,NA,NA,NA,NA,NA,NA,NA,70,47,34,20,78,53,77,90,38,30,64,38,28,21,84,57,71,68,41,55,47,13,78,1,69,73,40,62,54,47,19,88,6,5,67,32,0,2,66,62,74,53,NA,NA,NA,NA,NA,NA,NA,NA,NA,NA,NA,NA,NA,NA,NA,NA,NA,NA,NA,NA,NA,NA,NA,NA,NA,NA,NA,NA,NA,NA,NA,NA,NA,NA,NA,NA,NA,NA,NA,NA,NA,NA,NA,NA,NA,NA,NA,NA,NA,NA,NA,NA,NA,NA,NA,NA,NA,NA,NA,NA,NA,NA,NA,NA,NA,NA,NA,NA,NA,NA,NA,NA,NA,NA,NA,NA,NA,NA,NA,NA,NA,NA,NA,NA,2,1,3,4,5,5,4,42,1,NA
816,1,NA,NA,NA,NA,NA,NA,NA,NA,NA,NA,NA,NA,NA,NA,NA,NA,NA,NA,NA,NA,NA,NA,NA,NA,NA,NA,NA,NA,NA,NA,NA,NA,NA,NA,NA,NA,NA,NA,NA,NA,NA,NA,NA,NA,NA,NA,NA,NA,NA,NA,NA,NA,NA,NA,NA,NA,NA,NA,NA,NA,NA,NA,NA,NA,NA,NA,NA,NA,NA,NA,NA,NA,NA,NA,NA,NA,NA,NA,NA,NA,NA,NA,NA,NA,NA,NA,NA,NA,NA,NA,NA,NA,NA,NA,NA,NA,NA,NA,NA,NA,NA,NA,NA,NA,NA,NA,NA,NA,NA,NA,NA,NA,NA,NA,NA,NA,NA,NA,NA,NA,NA,NA,NA,NA,NA,NA,54,64,17,30,1,18,48,47,40,2,57,60,5,12,51,51,0,25,14,16,43,47,17,17,55,100,40,23,30,25,27,79,5,0,24,11,34,34,74,92,43,97,2,1,2,4,2,4,6,64,1,NA
771,1,NA,NA,NA,NA,NA,NA,NA,NA,NA,NA,NA,NA,NA,NA,NA,NA,NA,NA,NA,NA,NA,NA,NA,NA,NA,NA,NA,NA,NA,NA,NA,NA,NA,NA,NA,NA,NA,NA,NA,NA,NA,NA,NA,NA,NA,NA,NA,NA,NA,NA,NA,NA,NA,NA,NA,NA,NA,NA,NA,NA,NA,NA,NA,NA,NA,NA,NA,NA,NA,NA,NA,NA,NA,NA,NA,NA,NA,NA,NA,NA,NA,NA,NA,NA,NA,NA,NA,NA,NA,NA,NA,NA,NA,NA,NA,NA,NA,NA,NA,NA,NA,NA,NA,NA,NA,NA,NA,NA,NA,NA,NA,NA,NA,NA,NA,NA,NA,NA,NA,NA,NA,NA,NA,NA,NA,NA,64,81,46,65,51,36,39,34,58,78,34,45,62,61,29,72,34,70,40,59,39,66,70,40,60,50,32,48,29,60,66,38,55,39,75,26,71,68,71,66,77,56,2,1,3,4,4,3,5,23,1,NA
825,1,24,100,22,99,38,100,95,98,21,32,84,72,51,86,77,95,81,69,15,25,58,32,16,8,74,90,88,85,69,93,92,78,77,24,17,68,70,42,95,88,74,77,NA,NA,NA,NA,NA,NA,NA,NA,NA,NA,NA,NA,NA,NA,NA,NA,NA,NA,NA,NA,NA,NA,NA,NA,NA,NA,NA,NA,NA,NA,NA,NA,NA,NA,NA,NA,NA,NA,NA,NA,NA,NA,NA,NA,NA,NA,NA,NA,NA,NA,NA,NA,NA,NA,NA,NA,NA,NA,NA,NA,NA,NA,NA,NA,NA,NA,NA,NA,NA,NA,NA,NA,NA,NA,NA,NA,NA,NA,NA,NA,NA,NA,NA,NA,NA,NA,NA,NA,NA,NA,NA,NA,NA,NA,NA,NA,NA,NA,NA,NA,NA,NA,NA,NA,NA,NA,NA,NA,NA,NA,NA,NA,NA,NA,NA,NA,NA,NA,NA,NA,NA,NA,NA,NA,NA,NA,1,1,3,4,4,4,4,67,2,NA
851,1,NA,NA,NA,NA,NA,NA,NA,NA,NA,NA,NA,NA,NA,NA,NA,NA,NA,NA,NA,NA,NA,NA,NA,NA,NA,NA,NA,NA,NA,NA,NA,NA,NA,NA,NA,NA,NA,NA,NA,NA,NA,NA,52,72,30,28,39,52,20,36,34,32,21,32,40,41,43,79,40,35,45,36,38,41,74,46,35,38,54,39,38,40,34,57,37,37,41,68,47,37,33,38,40,42,NA,NA,NA,NA,NA,NA,NA,NA,NA,NA,NA,NA,NA,NA,NA,NA,NA,NA,NA,NA,NA,NA,NA,NA,NA,NA,NA,NA,NA,NA,NA,NA,NA,NA,NA,NA,NA,NA,NA,NA,NA,NA,NA,NA,NA,NA,NA,NA,NA,NA,NA,NA,NA,NA,NA,NA,NA,NA,NA,NA,NA,NA,NA,NA,NA,NA,NA,NA,NA,NA,NA,NA,NA,NA,NA,NA,NA,NA,NA,NA,NA,NA,NA,NA,2,1,2,4,4,4,4,45,2,NA
873,1,NA,NA,NA,NA,NA,NA,NA,NA,NA,NA,NA,NA,NA,NA,NA,NA,NA,NA,NA,NA,NA,NA,NA,NA,NA,NA,NA,NA,NA,NA,NA,NA,NA,NA,NA,NA,NA,NA,NA,NA,NA,NA,NA,NA,NA,NA,NA,NA,NA,NA,NA,NA,NA,NA,NA,NA,NA,NA,NA,NA,NA,NA,NA,NA,NA,NA,NA,NA,NA,NA,NA,NA,NA,NA,NA,NA,NA,NA,NA,NA,NA,NA,NA,NA,8,13,53,41,96,99,7,82,6,99,78,86,97,15,34,6,97,60,58,0,50,23,63,39,9,36,28,59,62,63,35,0,27,63,94,62,50,63,9,61,41,62,NA,NA,NA,NA,NA,NA,NA,NA,NA,NA,NA,NA,NA,NA,NA,NA,NA,NA,NA,NA,NA,NA,NA,NA,NA,NA,NA,NA,NA,NA,NA,NA,NA,NA,NA,NA,NA,NA,NA,NA,NA,NA,1,1,3,4,4,4,4,49,1,NA
840,1,88,89,36,99,62,54,68,87,80,31,69,46,60,83,68,77,86,58,6,68,97,65,18,47,42,59,100,100,29,76,39,33,93,91,2,68,20,55,62,71,65,50,NA,NA,NA,NA,NA,NA,NA,NA,NA,NA,NA,NA,NA,NA,NA,NA,NA,NA,NA,NA,NA,NA,NA,NA,NA,NA,NA,NA,NA,NA,NA,NA,NA,NA,NA,NA,NA,NA,NA,NA,NA,NA,NA,NA,NA,NA,NA,NA,NA,NA,NA,NA,NA,NA,NA,NA,NA,NA,NA,NA,NA,NA,NA,NA,NA,NA,NA,NA,NA,NA,NA,NA,NA,NA,NA,NA,NA,NA,NA,NA,NA,NA,NA,NA,NA,NA,NA,NA,NA,NA,NA,NA,NA,NA,NA,NA,NA,NA,NA,NA,NA,NA,NA,NA,NA,NA,NA,NA,NA,NA,NA,NA,NA,NA,NA,NA,NA,NA,NA,NA,NA,NA,NA,NA,NA,NA,1,1,2,4,3,5,5,40,1,NA
944,1,NA,NA,NA,NA,NA,NA,NA,NA,NA,NA,NA,NA,NA,NA,NA,NA,NA,NA,NA,NA,NA,NA,NA,NA,NA,NA,NA,NA,NA,NA,NA,NA,NA,NA,NA,NA,NA,NA,NA,NA,NA,NA,NA,NA,NA,NA,NA,NA,NA,NA,NA,NA,NA,NA,NA,NA,NA,NA,NA,NA,NA,NA,NA,NA,NA,NA,NA,NA,NA,NA,NA,NA,NA,NA,NA,NA,NA,NA,NA,NA,NA,NA,NA,NA,NA,NA,NA,NA,NA,NA,NA,NA,NA,NA,NA,NA,NA,NA,NA,NA,NA,NA,NA,NA,NA,NA,NA,NA,NA,NA,NA,NA,NA,NA,NA,NA,NA,NA,NA,NA,NA,NA,NA,NA,NA,NA,61,52,3,1,5,3,0,6,35,0,50,20,1,0,0,0,0,3,37,0,51,7,0,0,29,50,75,0,30,22,36,57,4,25,0,5,63,57,80,92,9,22,2,1,2,4,5,5,3,27,2,NA
966,1,NA,NA,NA,NA,NA,NA,NA,NA,NA,NA,NA,NA,NA,NA,NA,NA,NA,NA,NA,NA,NA,NA,NA,NA,NA,NA,NA,NA,NA,NA,NA,NA,NA,NA,NA,NA,NA,NA,NA,NA,NA,NA,NA,NA,NA,NA,NA,NA,NA,NA,NA,NA,NA,NA,NA,NA,NA,NA,NA,NA,NA,NA,NA,NA,NA,NA,NA,NA,NA,NA,NA,NA,NA,NA,NA,NA,NA,NA,NA,NA,NA,NA,NA,NA,84,0,16,79,79,96,12,76,18,98,62,67,92,3,12,19,100,92,75,0,15,82,90,95,18,91,20,100,66,67,100,15,12,12,100,92,35,100,41,100,93,94,NA,NA,NA,NA,NA,NA,NA,NA,NA,NA,NA,NA,NA,NA,NA,NA,NA,NA,NA,NA,NA,NA,NA,NA,NA,NA,NA,NA,NA,NA,NA,NA,NA,NA,NA,NA,NA,NA,NA,NA,NA,NA,3,1,5,5,3,5,5,29,1,NA
897,1,NA,NA,NA,NA,NA,NA,NA,NA,NA,NA,NA,NA,NA,NA,NA,NA,NA,NA,NA,NA,NA,NA,NA,NA,NA,NA,NA,NA,NA,NA,NA,NA,NA,NA,NA,NA,NA,NA,NA,NA,NA,NA,NA,NA,NA,NA,NA,NA,NA,NA,NA,NA,NA,NA,NA,NA,NA,NA,NA,NA,NA,NA,NA,NA,NA,NA,NA,NA,NA,NA,NA,NA,NA,NA,NA,NA,NA,NA,NA,NA,NA,NA,NA,NA,NA,NA,NA,NA,NA,NA,NA,NA,NA,NA,NA,NA,NA,NA,NA,NA,NA,NA,NA,NA,NA,NA,NA,NA,NA,NA,NA,NA,NA,NA,NA,NA,NA,NA,NA,NA,NA,NA,NA,NA,NA,NA,54,59,0,5,0,37,53,40,21,25,36,11,6,0,43,29,12,0,77,41,92,56,61,32,28,29,8,69,83,34,6,73,37,10,65,37,19,77,53,87,65,54,2,1,3,4,4,4,3,66,2,NA
1147,1,NA,NA,NA,NA,NA,NA,NA,NA,NA,NA,NA,NA,NA,NA,NA,NA,NA,NA,NA,NA,NA,NA,NA,NA,NA,NA,NA,NA,NA,NA,NA,NA,NA,NA,NA,NA,NA,NA,NA,NA,NA,NA,76,85,24,45,59,94,4,NA,43,63,81,35,40,66,93,92,60,78,69,15,5,90,9,80,35,29,81,3,36,61,84,100,40,0,58,36,0,1,63,2,18,97,NA,NA,NA,NA,NA,NA,NA,NA,NA,NA,NA,NA,NA,NA,NA,NA,NA,NA,NA,NA,NA,NA,NA,NA,NA,NA,NA,NA,NA,NA,NA,NA,NA,NA,NA,NA,NA,NA,NA,NA,NA,NA,NA,NA,NA,NA,NA,NA,NA,NA,NA,NA,NA,NA,NA,NA,NA,NA,NA,NA,NA,NA,NA,NA,NA,NA,NA,NA,NA,NA,NA,NA,NA,NA,NA,NA,NA,NA,NA,NA,NA,NA,NA,NA,2,1,3,5,5,3,5,59,2,NA
1239,1,NA,NA,NA,NA,NA,NA,NA,NA,NA,NA,NA,NA,NA,NA,NA,NA,NA,NA,NA,NA,NA,NA,NA,NA,NA,NA,NA,NA,NA,NA,NA,NA,NA,NA,NA,NA,NA,NA,NA,NA,NA,NA,40,57,60,71,7,26,32,79,44,27,53,61,60,65,59,43,31,21,44,35,28,46,42,63,57,61,55,65,39,55,59,38,56,31,30,55,12,42,71,62,52,61,NA,NA,NA,NA,NA,NA,NA,NA,NA,NA,NA,NA,NA,NA,NA,NA,NA,NA,NA,NA,NA,NA,NA,NA,NA,NA,NA,NA,NA,NA,NA,NA,NA,NA,NA,NA,NA,NA,NA,NA,NA,NA,NA,NA,NA,NA,NA,NA,NA,NA,NA,NA,NA,NA,NA,NA,NA,NA,NA,NA,NA,NA,NA,NA,NA,NA,NA,NA,NA,NA,NA,NA,NA,NA,NA,NA,NA,NA,NA,NA,NA,NA,NA,NA,2,1,3,4,4,4,5,39,1,NA
1368,1,NA,NA,NA,NA,NA,NA,NA,NA,NA,NA,NA,NA,NA,NA,NA,NA,NA,NA,NA,NA,NA,NA,NA,NA,NA,NA,NA,NA,NA,NA,NA,NA,NA,NA,NA,NA,NA,NA,NA,NA,NA,NA,59,61,68,47,46,78,12,67,89,66,61,79,87,71,42,48,36,88,64,56,43,90,65,67,93,86,43,85,72,68,77,73,14,5,80,73,56,25,67,62,68,9,NA,NA,NA,NA,NA,NA,NA,NA,NA,NA,NA,NA,NA,NA,NA,NA,NA,NA,NA,NA,NA,NA,NA,NA,NA,NA,NA,NA,NA,NA,NA,NA,NA,NA,NA,NA,NA,NA,NA,NA,NA,NA,NA,NA,NA,NA,NA,NA,NA,NA,NA,NA,NA,NA,NA,NA,NA,NA,NA,NA,NA,NA,NA,NA,NA,NA,NA,NA,NA,NA,NA,NA,NA,NA,NA,NA,NA,NA,NA,NA,NA,NA,NA,NA,2,1,4,4,5,4,4,29,1,NA
1370,1,NA,NA,NA,NA,NA,NA,NA,NA,NA,NA,NA,NA,NA,NA,NA,NA,NA,NA,NA,NA,NA,NA,NA,NA,NA,NA,NA,NA,NA,NA,NA,NA,NA,NA,NA,NA,NA,NA,NA,NA,NA,NA,NA,NA,NA,NA,NA,NA,NA,NA,NA,NA,NA,NA,NA,NA,NA,NA,NA,NA,NA,NA,NA,NA,NA,NA,NA,NA,NA,NA,NA,NA,NA,NA,NA,NA,NA,NA,NA,NA,NA,NA,NA,NA,36,4,0,12,55,83,12,66,18,95,66,33,100,3,3,3,97,28,64,14,0,44,80,93,20,43,27,61,72,85,78,32,15,12,100,63,42,70,19,100,62,92,NA,NA,NA,NA,NA,NA,NA,NA,NA,NA,NA,NA,NA,NA,NA,NA,NA,NA,NA,NA,NA,NA,NA,NA,NA,NA,NA,NA,NA,NA,NA,NA,NA,NA,NA,NA,NA,NA,NA,NA,NA,NA,2,1,4,4,5,4,5,29,2,NA
1588,1,NA,NA,NA,NA,NA,NA,NA,NA,NA,NA,NA,NA,NA,NA,NA,NA,NA,NA,NA,NA,NA,NA,NA,NA,NA,NA,NA,NA,NA,NA,NA,NA,NA,NA,NA,NA,NA,NA,NA,NA,NA,NA,74,78,26,64,45,73,81,69,67,77,74,76,31,28,74,90,71,74,42,33,35,42,15,19,62,62,34,32,23,32,58,58,21,21,29,27,64,23,42,57,56,45,NA,NA,NA,NA,NA,NA,NA,NA,NA,NA,NA,NA,NA,NA,NA,NA,NA,NA,NA,NA,NA,NA,NA,NA,NA,NA,NA,NA,NA,NA,NA,NA,NA,NA,NA,NA,NA,NA,NA,NA,NA,NA,NA,NA,NA,NA,NA,NA,NA,NA,NA,NA,NA,NA,NA,NA,NA,NA,NA,NA,NA,NA,NA,NA,NA,NA,NA,NA,NA,NA,NA,NA,NA,NA,NA,NA,NA,NA,NA,NA,NA,NA,NA,NA,1,1,3,4,4,4,5,33,1,NA
639,1,NA,NA,NA,NA,NA,NA,NA,NA,NA,NA,NA,NA,NA,NA,NA,NA,NA,NA,NA,NA,NA,NA,NA,NA,NA,NA,NA,NA,NA,NA,NA,NA,NA,NA,NA,NA,NA,NA,NA,NA,NA,NA,NA,NA,NA,NA,NA,NA,NA,NA,NA,NA,NA,NA,NA,NA,NA,NA,NA,NA,NA,NA,NA,NA,NA,NA,NA,NA,NA,NA,NA,NA,NA,NA,NA,NA,NA,NA,NA,NA,NA,NA,NA,NA,24,94,73,62,60,100,75,100,85,94,86,25,100,100,24,99,100,26,29,90,65,63,65,100,60,100,30,23,35,28,100,100,19,100,100,57,70,100,38,100,98,67,NA,NA,NA,NA,NA,NA,NA,NA,NA,NA,NA,NA,NA,NA,NA,NA,NA,NA,NA,NA,NA,NA,NA,NA,NA,NA,NA,NA,NA,NA,NA,NA,NA,NA,NA,NA,NA,NA,NA,NA,NA,NA,3,1,5,5,5,5,6,29,1,NA
1827,1,85,100,26,100,77,50,91,82,23,98,93,80,96,32,100,100,98,74,25,29,100,86,28,23,68,87,100,88,98,93,50,74,93,50,100,84,31,88,0,100,100,91,NA,NA,NA,NA,NA,NA,NA,NA,NA,NA,NA,NA,NA,NA,NA,NA,NA,NA,NA,NA,NA,NA,NA,NA,NA,NA,NA,NA,NA,NA,NA,NA,NA,NA,NA,NA,NA,NA,NA,NA,NA,NA,NA,NA,NA,NA,NA,NA,NA,NA,NA,NA,NA,NA,NA,NA,NA,NA,NA,NA,NA,NA,NA,NA,NA,NA,NA,NA,NA,NA,NA,NA,NA,NA,NA,NA,NA,NA,NA,NA,NA,NA,NA,NA,NA,NA,NA,NA,NA,NA,NA,NA,NA,NA,NA,NA,NA,NA,NA,NA,NA,NA,NA,NA,NA,NA,NA,NA,NA,NA,NA,NA,NA,NA,NA,NA,NA,NA,NA,NA,NA,NA,NA,NA,NA,NA,3,1,4,5,5,5,5,23,2,NA
1931,1,76,92,18,100,92,73,88,78,98,88,87,38,81,74,100,100,88,50,0,38,100,91,13,16,98,90,90,90,92,99,98,87,90,77,88,90,29,62,12,100,68,96,NA,NA,NA,NA,NA,NA,NA,NA,NA,NA,NA,NA,NA,NA,NA,NA,NA,NA,NA,NA,NA,NA,NA,NA,NA,NA,NA,NA,NA,NA,NA,NA,NA,NA,NA,NA,NA,NA,NA,NA,NA,NA,NA,NA,NA,NA,NA,NA,NA,NA,NA,NA,NA,NA,NA,NA,NA,NA,NA,NA,NA,NA,NA,NA,NA,NA,NA,NA,NA,NA,NA,NA,NA,NA,NA,NA,NA,NA,NA,NA,NA,NA,NA,NA,NA,NA,NA,NA,NA,NA,NA,NA,NA,NA,NA,NA,NA,NA,NA,NA,NA,NA,NA,NA,NA,NA,NA,NA,NA,NA,NA,NA,NA,NA,NA,NA,NA,NA,NA,NA,NA,NA,NA,NA,NA,NA,3,1,5,5,5,5,5,25,2,NA
386,1,NA,NA,NA,NA,NA,NA,NA,NA,NA,NA,NA,NA,NA,NA,NA,NA,NA,NA,NA,NA,NA,NA,NA,NA,NA,NA,NA,NA,NA,NA,NA,NA,NA,NA,NA,NA,NA,NA,NA,NA,NA,NA,62,66,50,53,39,79,16,56,55,71,81,94,46,44,80,64,76,67,50,55,71,35,21,74,63,38,81,77,33,50,37,84,20,23,60,21,5,33,50,14,56,50,NA,NA,NA,NA,NA,NA,NA,NA,NA,NA,NA,NA,NA,NA,NA,NA,NA,NA,NA,NA,NA,NA,NA,NA,NA,NA,NA,NA,NA,NA,NA,NA,NA,NA,NA,NA,NA,NA,NA,NA,NA,NA,NA,NA,NA,NA,NA,NA,NA,NA,NA,NA,NA,NA,NA,NA,NA,NA,NA,NA,NA,NA,NA,NA,NA,NA,NA,NA,NA,NA,NA,NA,NA,NA,NA,NA,NA,NA,NA,NA,NA,NA,NA,NA,1,1,1,4,4,4,5,29,2,NA
2154,1,NA,NA,NA,NA,NA,NA,NA,NA,NA,NA,NA,NA,NA,NA,NA,NA,NA,NA,NA,NA,NA,NA,NA,NA,NA,NA,NA,NA,NA,NA,NA,NA,NA,NA,NA,NA,NA,NA,NA,NA,NA,NA,NA,NA,NA,NA,NA,NA,NA,NA,NA,NA,NA,NA,NA,NA,NA,NA,NA,NA,NA,NA,NA,NA,NA,NA,NA,NA,NA,NA,NA,NA,NA,NA,NA,NA,NA,NA,NA,NA,NA,NA,NA,NA,74,25,35,56,80,93,56,75,37,93,75,73,89,13,37,34,88,93,61,15,26,64,76,100,36,72,33,100,90,63,83,18,92,61,82,86,79,90,40,94,78,75,NA,NA,NA,NA,NA,NA,NA,NA,NA,NA,NA,NA,NA,NA,NA,NA,NA,NA,NA,NA,NA,NA,NA,NA,NA,NA,NA,NA,NA,NA,NA,NA,NA,NA,NA,NA,NA,NA,NA,NA,NA,NA,2,1,3,4,5,5,4,21,1,NA
2560,1,NA,NA,NA,NA,NA,NA,NA,NA,NA,NA,NA,NA,NA,NA,NA,NA,NA,NA,NA,NA,NA,NA,NA,NA,NA,NA,NA,NA,NA,NA,NA,NA,NA,NA,NA,NA,NA,NA,NA,NA,NA,NA,NA,NA,NA,NA,NA,NA,NA,NA,NA,NA,NA,NA,NA,NA,NA,NA,NA,NA,NA,NA,NA,NA,NA,NA,NA,NA,NA,NA,NA,NA,NA,NA,NA,NA,NA,NA,NA,NA,NA,NA,NA,NA,38,16,54,20,13,75,24,73,14,83,15,40,89,6,62,3,11,58,6,8,90,67,74,60,72,78,17,85,58,68,78,4,84,1,67,68,56,60,1,83,87,62,NA,NA,NA,NA,NA,NA,NA,NA,NA,NA,NA,NA,NA,NA,NA,NA,NA,NA,NA,NA,NA,NA,NA,NA,NA,NA,NA,NA,NA,NA,NA,NA,NA,NA,NA,NA,NA,NA,NA,NA,NA,NA,3,1,2,2,4,3,5,39,2,NA
2957,1,58,44,16,96,76,51,77,60,18,17,89,59,64,58,63,76,24,48,32,51,35,82,23,2,34,70,100,79,61,66,42,79,73,2,26,72,72,50,56,69,59,51,NA,NA,NA,NA,NA,NA,NA,NA,NA,NA,NA,NA,NA,NA,NA,NA,NA,NA,NA,NA,NA,NA,NA,NA,NA,NA,NA,NA,NA,NA,NA,NA,NA,NA,NA,NA,NA,NA,NA,NA,NA,NA,NA,NA,NA,NA,NA,NA,NA,NA,NA,NA,NA,NA,NA,NA,NA,NA,NA,NA,NA,NA,NA,NA,NA,NA,NA,NA,NA,NA,NA,NA,NA,NA,NA,NA,NA,NA,NA,NA,NA,NA,NA,NA,NA,NA,NA,NA,NA,NA,NA,NA,NA,NA,NA,NA,NA,NA,NA,NA,NA,NA,NA,NA,NA,NA,NA,NA,NA,NA,NA,NA,NA,NA,NA,NA,NA,NA,NA,NA,NA,NA,NA,NA,NA,NA,2,1,2,2,4,4,5,32,1,NA
3270,1,NA,NA,NA,NA,NA,NA,NA,NA,NA,NA,NA,NA,NA,NA,NA,NA,NA,NA,NA,NA,NA,NA,NA,NA,NA,NA,NA,NA,NA,NA,NA,NA,NA,NA,NA,NA,NA,NA,NA,NA,NA,NA,NA,NA,NA,NA,NA,NA,NA,NA,NA,NA,NA,NA,NA,NA,NA,NA,NA,NA,NA,NA,NA,NA,NA,NA,NA,NA,NA,NA,NA,NA,NA,NA,NA,NA,NA,NA,NA,NA,NA,NA,NA,NA,NA,NA,NA,NA,NA,NA,NA,NA,NA,NA,NA,NA,NA,NA,NA,NA,NA,NA,NA,NA,NA,NA,NA,NA,NA,NA,NA,NA,NA,NA,NA,NA,NA,NA,NA,NA,NA,NA,NA,NA,NA,NA,73,68,13,22,29,39,65,69,38,35,64,71,63,38,23,66,16,15,57,NA,76,14,85,72,72,76,61,65,88,86,21,84,42,82,66,68,76,62,60,69,89,77,2,1,2,4,4,4,5,40,1,NA
3253,1,NA,NA,NA,NA,NA,NA,NA,NA,NA,NA,NA,NA,NA,NA,NA,NA,NA,NA,NA,NA,NA,NA,NA,NA,NA,NA,NA,NA,NA,NA,NA,NA,NA,NA,NA,NA,NA,NA,NA,NA,NA,NA,87,88,72,99,81,86,75,75,36,81,87,67,91,61,87,41,29,81,81,93,78,76,36,72,82,83,26,69,11,75,74,83,27,83,88,62,76,71,100,35,78,100,NA,NA,NA,NA,NA,NA,NA,NA,NA,NA,NA,NA,NA,NA,NA,NA,NA,NA,NA,NA,NA,NA,NA,NA,NA,NA,NA,NA,NA,NA,NA,NA,NA,NA,NA,NA,NA,NA,NA,NA,NA,NA,NA,NA,NA,NA,NA,NA,NA,NA,NA,NA,NA,NA,NA,NA,NA,NA,NA,NA,NA,NA,NA,NA,NA,NA,NA,NA,NA,NA,NA,NA,NA,NA,NA,NA,NA,NA,NA,NA,NA,NA,NA,NA,2,1,3,4,4,2,5,27,1,NA
602,1,NA,NA,NA,NA,NA,NA,NA,NA,NA,NA,NA,NA,NA,NA,NA,NA,NA,NA,NA,NA,NA,NA,NA,NA,NA,NA,NA,NA,NA,NA,NA,NA,NA,NA,NA,NA,NA,NA,NA,NA,NA,NA,NA,NA,NA,NA,NA,NA,NA,NA,NA,NA,NA,NA,NA,NA,NA,NA,NA,NA,NA,NA,NA,NA,NA,NA,NA,NA,NA,NA,NA,NA,NA,NA,NA,NA,NA,NA,NA,NA,NA,NA,NA,NA,8,29,16,42,64,100,3,90,16,99,79,58,98,45,24,8,87,26,61,0,41,56,97,39,2,37,33,42,96,35,17,0,0,0,95,36,74,56,1,28,13,99,NA,NA,NA,NA,NA,NA,NA,NA,NA,NA,NA,NA,NA,NA,NA,NA,NA,NA,NA,NA,NA,NA,NA,NA,NA,NA,NA,NA,NA,NA,NA,NA,NA,NA,NA,NA,NA,NA,NA,NA,NA,NA,1,1,2,2,2,4,3,35,1,NA
428,1,NA,NA,NA,NA,NA,NA,NA,NA,NA,NA,NA,NA,NA,NA,NA,NA,NA,NA,NA,NA,NA,NA,NA,NA,NA,NA,NA,NA,NA,NA,NA,NA,NA,NA,NA,NA,NA,NA,NA,NA,NA,NA,NA,NA,NA,NA,NA,NA,NA,NA,NA,NA,NA,NA,NA,NA,NA,NA,NA,NA,NA,NA,NA,NA,NA,NA,NA,NA,NA,NA,NA,NA,NA,NA,NA,NA,NA,NA,NA,NA,NA,NA,NA,NA,NA,NA,NA,NA,NA,NA,NA,NA,NA,NA,NA,NA,NA,NA,NA,NA,NA,NA,NA,NA,NA,NA,NA,NA,NA,NA,NA,NA,NA,NA,NA,NA,NA,NA,NA,NA,NA,NA,NA,NA,NA,NA,56,59,4,2,0,30,4,13,39,1,32,69,0,0,8,30,0,4,0,3,6,39,0,0,62,85,53,1,6,44,60,50,0,0,0,0,0,5,77,80,60,68,2,1,1,4,5,5,6,31,1,NA
896,1,NA,NA,NA,NA,NA,NA,NA,NA,NA,NA,NA,NA,NA,NA,NA,NA,NA,NA,NA,NA,NA,NA,NA,NA,NA,NA,NA,NA,NA,NA,NA,NA,NA,NA,NA,NA,NA,NA,NA,NA,NA,NA,NA,NA,NA,NA,NA,NA,NA,NA,NA,NA,NA,NA,NA,NA,NA,NA,NA,NA,NA,NA,NA,NA,NA,NA,NA,NA,NA,NA,NA,NA,NA,NA,NA,NA,NA,NA,NA,NA,NA,NA,NA,NA,NA,NA,NA,NA,NA,NA,NA,NA,NA,NA,NA,NA,NA,NA,NA,NA,NA,NA,NA,NA,NA,NA,NA,NA,NA,NA,NA,NA,NA,NA,NA,NA,NA,NA,NA,NA,NA,NA,NA,NA,NA,NA,1,47,0,27,0,42,42,50,2,21,40,43,0,0,2,38,0,11,49,49,66,50,2,0,54,83,67,73,39,64,54,68,31,13,12,23,14,16,56,60,33,53,1,1,2,4,3,5,5,24,1,NA