"link to image","participant_1","participant_83","participant_94","participant_95","participant_66","participant_49","participant_32","participant_98","participant_15","participant_80","participant_63","participant_96","participant_46","participant_29","participant_12","participant_89","participant_84","participant_77","participant_60","participant_43","participant_93","participant_26","participant_9","participant_74","participant_91","participant_57","participant_40","participant_23","participant_100","participant_78","participant_6","participant_71","participant_54","participant_87","participant_37","participant_20","participant_3","participant_85","participant_68","participant_51","participant_34","participant_45","participant_7","participant_90","participant_17","participant_82","participant_65","participant_16","participant_48","participant_31","participant_14","participant_86","participant_79","participant_62","participant_56","participant_18","participant_27","participant_28","participant_11","participant_76","participant_47","participant_59","participant_42","participant_25","participant_5","participant_8","participant_73","participant_67","participant_36","participant_38","participant_39","participant_22","participant_13","participant_58","participant_70","participant_53","participant_50","participant_33","participant_19","participant_2","participant_81","participant_64","participant_69","participant_99","participant_30","participant_24","participant_44","participant_97","participant_88","participant_61","participant_75","participant_55","participant_92","participant_10","participant_35","participant_4","participant_41","participant_72","participant_21","participant_52"
"https://uploads8.wikiart.org/images/george-stubbs/horse-attacked-by-a-lion.jpg",NA,NA,92,72,NA,NA,NA,NA,NA,NA,1,91,NA,NA,NA,NA,78,NA,NA,NA,NA,NA,NA,86,NA,NA,18,NA,NA,NA,NA,NA,30,62,NA,NA,21,NA,NA,NA,67,NA,NA,NA,NA,NA,NA,NA,NA,NA,NA,NA,NA,NA,NA,NA,NA,11,NA,NA,69,55,57,NA,31,NA,NA,NA,77,NA,NA,NA,NA,68,51,33,36,NA,NA,NA,81,NA,NA,NA,44,NA,NA,NA,NA,NA,NA,NA,NA,NA,92,0,NA,86,NA,NA
"https://uploads8.wikiart.org/images/joseph-wright/vesuvius-from-posillipo.jpg",NA,NA,NA,NA,NA,68,80,NA,NA,NA,NA,NA,NA,57,87,NA,82,NA,67,92,100,NA,85,NA,NA,NA,NA,NA,93,90,NA,NA,71,83,100,74,NA,37,NA,NA,NA,NA,NA,99,93,NA,NA,72,NA,NA,NA,NA,NA,NA,100,NA,NA,44,80,NA,77,61,NA,77,NA,80,NA,NA,NA,NA,76,NA,NA,NA,NA,NA,NA,NA,NA,44,NA,NA,61,NA,NA,NA,NA,NA,NA,55,NA,NA,NA,NA,NA,NA,NA,NA,NA,NA
"https://uploads8.wikiart.org/images/john-singleton-copley/the-siege-and-relief-of-gibraltar-1783.jpg",NA,NA,NA,NA,72,17,67,NA,NA,NA,95,90,NA,NA,NA,92,NA,NA,90,NA,100,NA,NA,90,NA,NA,NA,NA,NA,86,NA,81,NA,49,NA,NA,51,NA,91,57,NA,NA,44,NA,NA,87,NA,NA,NA,7,NA,NA,31,72,84,NA,NA,NA,78,15,NA,NA,NA,NA,NA,NA,88,NA,NA,NA,NA,NA,NA,NA,NA,NA,NA,NA,NA,18,75,85,NA,NA,65,NA,NA,100,87,58,NA,60,74,29,76,NA,NA,NA,NA,NA
"https://uploads8.wikiart.org/00420/images/henry-fuseli/hagen-and-the-nymphs-of-the-danube-the-metropolitan-museum-of-art.jpg!HD.jpg",51,NA,NA,NA,NA,NA,NA,NA,NA,NA,NA,NA,75,NA,NA,85,NA,NA,65,83,NA,NA,14,NA,NA,NA,NA,76,61,NA,NA,NA,NA,NA,NA,NA,70,NA,NA,NA,69,NA,62,81,43,63,NA,NA,NA,NA,NA,NA,NA,NA,52,35,NA,NA,NA,NA,NA,NA,NA,NA,NA,NA,NA,40,30,NA,67,NA,NA,NA,NA,NA,76,NA,68,NA,NA,38,NA,NA,NA,NA,NA,89,NA,NA,NA,NA,NA,70,NA,NA,NA,NA,NA,NA
"https://uploads8.wikiart.org/images/francisco-goya/the-adoration-of-the-name-of-the-lord-1772.jpg",17,NA,95,57,84,NA,NA,NA,54,NA,NA,NA,76,100,NA,77,NA,NA,NA,NA,92,NA,NA,NA,34,NA,NA,NA,NA,NA,NA,NA,NA,55,NA,NA,NA,NA,88,NA,87,84,NA,NA,NA,NA,82,100,58,63,NA,NA,NA,NA,93,NA,NA,NA,NA,NA,NA,NA,79,NA,24,NA,NA,NA,NA,NA,NA,0,NA,NA,NA,NA,83,NA,NA,26,NA,NA,64,NA,39,NA,NA,NA,NA,2,NA,NA,NA,NA,NA,NA,70,NA,NA,NA
"https://uploads8.wikiart.org/images/pierre-paul-prud-hon/portrait-of-the-empress-josephine-1805.jpg",NA,NA,NA,NA,65,NA,NA,35,NA,NA,NA,NA,NA,NA,87,84,NA,NA,NA,NA,NA,NA,NA,NA,NA,71,16,29,NA,87,NA,NA,67,NA,88,81,NA,NA,73,NA,65,NA,NA,67,NA,60,NA,62,55,85,67,NA,11,NA,NA,NA,NA,NA,68,NA,NA,NA,NA,NA,NA,NA,91,NA,100,NA,48,NA,56,NA,NA,NA,83,NA,NA,NA,88,NA,NA,NA,49,NA,54,NA,NA,92,73,66,NA,78,82,NA,NA,99,NA,NA
"https://uploads8.wikiart.org/images/john-hoppner/rear-admiral-sir-horatio-nelson-ca-1800.jpg",NA,53,NA,NA,NA,2,82,NA,6,NA,NA,NA,NA,11,NA,NA,NA,NA,NA,NA,NA,NA,NA,NA,NA,76,9,NA,NA,NA,NA,NA,NA,NA,NA,NA,NA,31,NA,55,NA,NA,55,60,NA,NA,NA,NA,NA,25,NA,NA,NA,NA,NA,88,NA,NA,NA,NA,NA,NA,NA,NA,NA,NA,NA,NA,NA,NA,NA,NA,NA,NA,NA,NA,NA,NA,NA,40,76,53,NA,NA,NA,NA,NA,70,NA,NA,NA,55,75,73,NA,NA,NA,70,70,NA
"https://uploads8.wikiart.org/00360/images/saverio-della-gatta/174142.jpg!Large.jpg",NA,NA,NA,NA,NA,12,NA,39,35,NA,NA,NA,NA,NA,NA,NA,NA,NA,NA,NA,NA,NA,NA,NA,NA,NA,NA,NA,NA,NA,NA,77,NA,NA,71,69,NA,75,NA,NA,NA,NA,NA,NA,NA,61,NA,NA,NA,25,NA,NA,NA,NA,NA,NA,NA,NA,NA,59,64,NA,40,NA,NA,NA,NA,NA,NA,NA,23,NA,NA,67,NA,NA,NA,NA,NA,NA,83,62,NA,44,NA,60,NA,NA,NA,NA,85,NA,NA,NA,63,NA,NA,NA,NA,NA
"https://uploads8.wikiart.org/images/thomas-lawrence/john-philip-kemble-1812.jpg",NA,NA,NA,NA,NA,7,NA,50,20,0,NA,61,NA,NA,NA,NA,NA,NA,NA,51,NA,NA,13,86,NA,NA,NA,NA,86,NA,NA,NA,NA,NA,69,NA,NA,NA,71,NA,NA,43,NA,57,NA,NA,NA,NA,20,0,NA,35,NA,NA,NA,64,52,NA,NA,40,39,NA,66,7,NA,NA,82,61,NA,NA,NA,NA,NA,NA,73,NA,NA,81,NA,NA,76,52,59,NA,NA,68,NA,74,NA,NA,79,NA,62,NA,NA,NA,NA,NA,NA,NA
"https://uploads8.wikiart.org/images/james-ward/the-eildon-hills-and-the-tweed-1807.jpg",NA,NA,NA,NA,NA,NA,NA,NA,51,100,NA,87,NA,100,97,77,NA,NA,NA,82,NA,NA,94,NA,NA,NA,NA,51,NA,NA,NA,NA,68,NA,77,NA,NA,83,NA,NA,NA,NA,NA,88,NA,NA,84,NA,NA,69,NA,NA,NA,54,100,NA,NA,31,NA,NA,NA,NA,NA,NA,NA,NA,NA,75,31,NA,NA,4,82,NA,100,NA,NA,NA,NA,NA,NA,NA,42,NA,NA,71,NA,NA,NA,NA,60,91,78,51,NA,100,NA,NA,NA,100
"https://uploads8.wikiart.org/images/claude-monet/impression-sunrise.jpg",NA,NA,NA,59,NA,NA,NA,NA,NA,100,86,NA,NA,NA,100,68,NA,67,68,NA,NA,86,NA,52,NA,100,NA,84,NA,NA,85,72,59,NA,NA,NA,92,NA,NA,NA,NA,82,75,100,NA,NA,NA,NA,NA,NA,NA,NA,NA,NA,NA,NA,NA,60,NA,NA,NA,59,NA,NA,NA,NA,NA,NA,NA,NA,NA,51,49,NA,NA,82,NA,88,NA,NA,NA,NA,NA,NA,NA,NA,NA,NA,NA,NA,NA,NA,NA,NA,NA,100,NA,17,NA,NA
"https://uploads8.wikiart.org/images/eugene-boudin/the-bay-of-douarnenez-1897.jpg",75,48,NA,NA,82,82,NA,NA,NA,NA,NA,NA,NA,NA,NA,NA,NA,NA,75,100,NA,NA,NA,NA,NA,79,NA,57,92,62,85,NA,NA,NA,77,NA,74,NA,97,NA,NA,NA,NA,NA,NA,31,82,75,NA,69,NA,NA,NA,NA,NA,100,56,NA,NA,95,NA,NA,NA,NA,NA,NA,NA,NA,NA,NA,NA,NA,NA,NA,NA,NA,NA,80,NA,70,71,36,NA,NA,NA,82,64,NA,70,65,63,100,NA,89,NA,100,NA,NA,NA,NA
"https://uploads8.wikiart.org/images/camille-pissarro/avenue-de-l-opera-place-du-theatre-francais-misty.jpg",NA,55,96,NA,NA,NA,NA,NA,NA,100,50,NA,59,NA,100,NA,NA,71,NA,87,100,NA,100,9,91,96,NA,NA,NA,60,90,NA,NA,77,NA,NA,NA,80,NA,NA,NA,NA,NA,85,NA,57,NA,NA,67,NA,NA,NA,25,13,NA,NA,NA,NA,NA,NA,89,NA,70,69,NA,NA,NA,NA,NA,77,NA,NA,74,NA,NA,NA,NA,NA,63,NA,NA,NA,NA,51,NA,83,NA,93,NA,98,NA,76,74,NA,NA,100,27,NA,40,100
"https://uploads8.wikiart.org/images/edouard-manet/effect-of-snow-at-petit-montrouge-1870.jpg",NA,NA,98,NA,NA,77,NA,NA,60,NA,NA,NA,40,88,NA,NA,NA,NA,NA,NA,NA,NA,NA,73,NA,93,NA,NA,NA,55,NA,NA,NA,NA,NA,NA,67,NA,100,NA,NA,85,50,NA,NA,50,NA,NA,NA,NA,65,88,85,NA,NA,NA,52,NA,NA,NA,NA,NA,NA,NA,NA,NA,77,NA,81,NA,NA,50,54,39,NA,NA,NA,NA,66,NA,NA,NA,NA,NA,NA,NA,NA,62,84,NA,NA,64,59,NA,79,0,55,NA,26,NA
"https://uploads8.wikiart.org/images/james-mcneill-whistler/study-for-mouth-of-the-river-1877.jpg",27,NA,95,NA,NA,NA,43,27,NA,NA,15,NA,NA,100,NA,NA,NA,NA,NA,NA,NA,NA,100,NA,39,NA,15,61,NA,NA,NA,NA,NA,NA,82,63,NA,NA,100,75,NA,NA,NA,NA,NA,NA,29,NA,NA,NA,66,NA,NA,NA,NA,NA,57,NA,NA,NA,NA,NA,NA,NA,NA,96,NA,NA,23,69,63,NA,NA,33,50,56,NA,59,NA,NA,NA,NA,NA,NA,NA,76,NA,NA,74,NA,NA,NA,81,NA,84,NA,NA,NA,NA,88
"https://uploads8.wikiart.org/images/konstantinos-volanakis/sailing-ships-at-dawn.jpg",NA,NA,NA,NA,100,NA,NA,NA,NA,100,NA,NA,NA,NA,NA,NA,NA,80,NA,87,NA,NA,NA,83,69,NA,NA,41,72,NA,NA,NA,NA,NA,73,NA,51,26,NA,NA,NA,73,NA,89,NA,NA,NA,63,NA,54,NA,NA,NA,NA,57,NA,NA,NA,NA,NA,NA,NA,NA,NA,NA,NA,74,NA,25,NA,80,31,54,NA,100,NA,NA,88,76,55,86,NA,NA,NA,63,74,85,NA,NA,NA,64,66,86,NA,NA,NA,NA,NA,NA,NA
"https://uploads8.wikiart.org/images/nicolae-grigorescu/sm-rdan-attack-1878.jpg",43,NA,NA,45,94,6,58,NA,NA,100,NA,NA,NA,NA,NA,NA,NA,NA,82,NA,NA,NA,NA,33,NA,NA,NA,NA,NA,NA,NA,69,NA,NA,0,NA,49,NA,NA,NA,52,NA,70,NA,NA,61,NA,NA,NA,NA,NA,NA,29,NA,NA,NA,NA,NA,NA,2,NA,NA,NA,12,NA,NA,NA,NA,82,NA,51,NA,NA,88,NA,NA,33,77,NA,27,NA,NA,67,NA,57,NA,NA,NA,NA,NA,NA,NA,NA,NA,NA,NA,NA,NA,NA,NA
"https://uploads5.wikiart.org/00290/images/martin-rico/near-the-grand-canal-venice-by-martin-rico-y-ortega-1908-oil-on-canvas-currier-museum-of-art.jpg!HD.jpg",51,NA,NA,86,100,85,70,NA,NA,NA,NA,NA,NA,NA,NA,71,NA,NA,80,NA,NA,NA,9,NA,NA,99,NA,NA,NA,NA,NA,NA,92,NA,NA,NA,NA,72,87,NA,NA,NA,NA,NA,NA,NA,NA,91,NA,NA,NA,NA,73,NA,91,NA,51,NA,NA,75,NA,55,NA,NA,NA,NA,98,NA,70,NA,NA,13,71,NA,NA,NA,71,NA,76,NA,NA,NA,62,NA,60,76,NA,63,NA,NA,77,NA,NA,72,NA,100,62,NA,NA,NA
"https://uploads8.wikiart.org/images/edgar-degas/landscape-at-valery-sur-somme.jpg",51,35,NA,NA,NA,NA,NA,78,NA,NA,NA,NA,NA,NA,NA,NA,69,NA,NA,72,NA,NA,NA,NA,NA,NA,10,70,NA,41,NA,NA,NA,55,78,NA,NA,NA,NA,NA,52,NA,NA,NA,NA,NA,79,NA,NA,NA,NA,NA,85,NA,66,NA,65,42,NA,NA,NA,NA,NA,65,NA,NA,25,NA,NA,63,NA,NA,NA,NA,NA,51,NA,74,NA,34,NA,19,NA,NA,NA,NA,NA,NA,75,NA,NA,75,NA,72,87,NA,51,NA,45,NA
"https://uploads8.wikiart.org/images/pierre-auguste-renoir/in-st-cloud-park-1866.jpg",51,NA,NA,100,57,NA,57,NA,NA,NA,NA,97,NA,NA,NA,NA,NA,NA,92,NA,NA,NA,NA,NA,NA,NA,NA,NA,89,61,24,NA,NA,NA,NA,NA,NA,NA,NA,NA,NA,NA,NA,97,88,NA,NA,77,75,NA,60,NA,NA,NA,58,100,NA,NA,87,NA,NA,50,NA,NA,NA,NA,NA,61,NA,NA,NA,NA,NA,NA,NA,NA,NA,NA,76,51,60,44,54,71,64,NA,NA,86,NA,NA,24,NA,79,NA,NA,NA,NA,NA,NA,NA
"https://uploads8.wikiart.org/images/christian-rohlfs/two-dancers-1913.jpg",NA,NA,55,66,NA,12,31,NA,NA,0,NA,NA,NA,NA,NA,69,NA,NA,NA,NA,NA,32,NA,NA,12,NA,NA,NA,NA,40,80,39,NA,NA,NA,NA,NA,NA,NA,NA,13,NA,NA,42,9,NA,NA,0,NA,NA,NA,38,NA,NA,NA,NA,NA,NA,21,NA,57,NA,NA,NA,NA,7,NA,NA,NA,NA,NA,NA,32,NA,13,NA,NA,44,51,NA,NA,NA,NA,NA,NA,NA,NA,NA,NA,NA,NA,69,NA,NA,NA,0,NA,20,0,NA
"https://uploads8.wikiart.org/images/tivadar-kosztka-csontvary/sunset-over-the-bay-of-naples-1901.jpg",NA,NA,NA,NA,NA,NA,NA,73,NA,100,NA,NA,NA,NA,NA,NA,NA,71,60,NA,NA,NA,NA,NA,NA,100,NA,NA,90,75,NA,81,67,NA,74,NA,NA,NA,87,NA,NA,NA,61,NA,73,58,78,36,88,52,NA,NA,NA,NA,NA,98,NA,65,NA,NA,NA,62,NA,NA,NA,NA,82,NA,NA,NA,NA,56,NA,NA,NA,59,NA,100,81,44,NA,NA,NA,NA,NA,NA,99,NA,NA,NA,NA,NA,NA,NA,85,NA,51,73,51,NA
"https://uploads8.wikiart.org/images/lovis-corinth/cain-1917.jpg",NA,NA,NA,NA,NA,NA,NA,NA,NA,NA,41,NA,NA,NA,NA,80,86,NA,NA,NA,NA,NA,16,NA,NA,NA,NA,NA,NA,NA,NA,NA,NA,NA,NA,73,NA,NA,NA,74,76,NA,75,NA,3,NA,NA,NA,42,NA,NA,NA,NA,NA,NA,NA,NA,NA,NA,NA,NA,NA,63,NA,0,83,NA,NA,NA,NA,79,NA,NA,NA,NA,NA,NA,100,70,NA,NA,NA,NA,NA,54,NA,88,NA,NA,NA,NA,92,NA,NA,70,NA,NA,25,54,NA
"https://uploads8.wikiart.org/images/james-ensor/masks-mocking-death-1888.jpg",NA,NA,NA,NA,NA,9,NA,NA,NA,100,0,NA,60,NA,NA,NA,NA,64,NA,NA,NA,42,NA,NA,NA,NA,11,NA,NA,NA,NA,NA,NA,27,NA,NA,NA,NA,NA,NA,NA,NA,NA,NA,22,6,34,NA,NA,NA,NA,45,NA,NA,NA,36,51,14,0,NA,0,8,NA,6,26,NA,NA,29,NA,NA,NA,NA,NA,32,NA,NA,NA,NA,75,NA,NA,NA,22,37,NA,NA,NA,31,67,NA,65,NA,NA,NA,NA,NA,NA,NA,NA,NA
"https://uploads3.wikiart.org/00116/images/carl-holsoe/carl-vilhelm-hols-e-www-kaifineart-com-4-4.jpg!Blog.jpg",NA,NA,NA,NA,NA,66,NA,79,NA,100,NA,NA,NA,NA,NA,72,NA,NA,64,NA,NA,NA,NA,NA,NA,100,NA,60,66,81,NA,76,NA,72,81,NA,NA,62,NA,NA,NA,NA,30,NA,NA,NA,91,66,NA,NA,NA,NA,NA,NA,96,NA,73,NA,NA,NA,NA,72,NA,46,57,80,NA,87,NA,76,62,NA,NA,85,94,76,NA,NA,NA,NA,NA,NA,NA,NA,NA,NA,NA,NA,NA,NA,NA,NA,NA,NA,86,100,61,NA,52,NA
"https://uploads8.wikiart.org/images/edvard-munch/despair-1892.jpg",30,NA,NA,87,70,NA,NA,NA,NA,NA,28,NA,NA,NA,NA,86,NA,NA,NA,NA,54,NA,NA,NA,NA,NA,NA,75,NA,64,25,NA,NA,52,NA,NA,87,NA,NA,57,NA,NA,37,NA,NA,NA,NA,38,NA,NA,NA,62,NA,NA,NA,NA,58,NA,75,76,NA,NA,NA,NA,NA,NA,17,65,NA,69,NA,39,50,39,80,NA,32,NA,NA,NA,NA,83,NA,NA,69,NA,64,64,NA,55,NA,NA,NA,NA,72,NA,NA,20,NA,79
"https://uploads8.wikiart.org/images/wassily-kandinsky/the-golden-sail-1903.jpg",NA,12,58,57,NA,NA,NA,NA,NA,NA,NA,58,NA,57,NA,100,NA,NA,NA,NA,100,56,NA,NA,NA,NA,NA,39,NA,NA,11,NA,NA,NA,81,NA,NA,41,NA,NA,74,41,NA,NA,NA,NA,NA,73,NA,NA,NA,66,NA,NA,0,NA,51,NA,76,NA,16,NA,NA,NA,7,69,NA,NA,NA,61,NA,NA,NA,NA,NA,NA,NA,NA,NA,NA,NA,NA,58,29,60,NA,NA,NA,NA,NA,69,NA,NA,NA,NA,NA,NA,6,0,NA
"https://uploads8.wikiart.org/images/kathe-kollwitz/not_detected_235968.jpg",5,NA,NA,20,NA,57,NA,NA,NA,NA,NA,55,NA,NA,39,NA,87,64,89,NA,100,NA,NA,NA,NA,92,1,NA,93,NA,85,71,NA,NA,NA,NA,NA,75,NA,76,NA,29,72,NA,NA,NA,64,26,NA,21,NA,NA,11,0,100,NA,NA,NA,NA,NA,NA,NA,NA,NA,NA,93,NA,NA,NA,NA,NA,NA,NA,NA,NA,57,NA,NA,NA,NA,79,NA,NA,NA,61,NA,53,59,NA,NA,NA,82,42,23,NA,NA,NA,NA,NA,NA
"https://uploads2.wikiart.org/00192/images/emil-nolde/5b4816d6edc2c90a545a2384.jpg!Large.jpg",NA,NA,NA,NA,NA,NA,NA,NA,55,NA,19,98,NA,NA,NA,NA,NA,NA,NA,NA,NA,NA,NA,22,NA,NA,NA,NA,40,NA,20,NA,65,NA,83,NA,NA,27,NA,NA,78,NA,NA,87,52,NA,NA,65,NA,NA,NA,68,NA,NA,NA,NA,NA,NA,NA,NA,NA,NA,NA,NA,NA,52,NA,63,NA,NA,NA,NA,NA,29,NA,44,NA,NA,69,NA,NA,84,NA,NA,NA,NA,NA,74,NA,NA,NA,NA,NA,NA,NA,NA,NA,NA,NA,NA
"https://uploads8.wikiart.org/images/cuno-amiet/winter-auf-der-oschwand-1908.jpg",NA,NA,NA,53,NA,NA,NA,NA,5,NA,NA,NA,8,NA,64,NA,85,NA,NA,39,NA,NA,NA,NA,NA,NA,NA,NA,NA,NA,NA,NA,56,50,NA,NA,NA,NA,93,50,NA,89,NA,NA,NA,NA,NA,NA,59,NA,NA,70,NA,NA,NA,NA,57,NA,NA,NA,NA,NA,NA,21,NA,NA,NA,50,92,NA,NA,NA,40,NA,NA,35,NA,NA,NA,NA,NA,NA,NA,23,NA,71,70,39,NA,NA,70,54,NA,NA,NA,NA,NA,12,6,NA
"https://uploads8.wikiart.org/images/pablo-picasso/plaster-head-and-arm-1925.jpg",NA,NA,NA,NA,21,NA,28,80,NA,100,NA,NA,NA,20,NA,70,NA,31,NA,NA,NA,NA,NA,NA,NA,73,NA,NA,NA,NA,NA,63,NA,NA,NA,60,29,NA,NA,12,52,49,28,NA,NA,NA,NA,NA,NA,NA,NA,NA,NA,NA,68,NA,NA,45,65,NA,NA,9,NA,NA,NA,69,14,50,80,NA,NA,35,NA,NA,NA,NA,NA,NA,51,29,NA,100,NA,86,NA,NA,NA,NA,NA,NA,73,NA,NA,NA,71,NA,NA,17,NA,NA
"https://uploads8.wikiart.org/images/pierre-roy/fairy-pipe-1928.jpg",36,11,NA,NA,NA,NA,NA,NA,NA,NA,NA,NA,57,NA,57,44,NA,NA,NA,NA,NA,17,14,NA,NA,NA,NA,NA,NA,NA,NA,NA,NA,NA,NA,NA,NA,NA,NA,89,52,NA,NA,NA,42,NA,NA,27,NA,23,NA,NA,NA,NA,0,38,NA,NA,72,NA,NA,NA,63,NA,NA,NA,32,NA,NA,NA,47,0,NA,NA,67,41,38,NA,78,28,NA,52,NA,15,NA,NA,NA,NA,66,57,NA,NA,75,NA,NA,NA,NA,NA,13,35
"https://uploads7.wikiart.org/images/paul-klee/aroundfish-1926(1).jpg",39,31,NA,NA,NA,NA,52,NA,21,NA,NA,NA,NA,NA,NA,NA,76,NA,NA,NA,NA,NA,NA,22,NA,NA,NA,NA,36,NA,NA,NA,NA,42,NA,NA,NA,84,50,NA,NA,69,51,NA,NA,NA,NA,NA,23,NA,NA,NA,NA,NA,NA,NA,NA,NA,NA,NA,NA,6,NA,NA,NA,NA,NA,NA,65,NA,NA,50,NA,NA,NA,NA,NA,58,NA,NA,41,NA,NA,NA,NA,NA,60,40,NA,NA,NA,NA,73,51,NA,NA,NA,8,NA,77
"https://uploads4.wikiart.org/00280/images/grace-pailthorpe/november-14-1937-1937.jpg!Large.jpg",NA,NA,NA,66,73,67,64,NA,NA,0,NA,NA,NA,NA,45,NA,74,NA,NA,NA,NA,NA,NA,29,81,NA,NA,78,NA,NA,80,NA,NA,NA,21,NA,NA,38,NA,35,NA,63,NA,56,NA,NA,NA,19,37,NA,NA,NA,NA,NA,NA,NA,NA,NA,0,NA,4,2,NA,NA,NA,NA,NA,NA,NA,NA,NA,NA,NA,NA,NA,NA,NA,36,35,60,NA,100,NA,NA,NA,NA,NA,NA,NA,8,NA,96,71,19,37,100,NA,NA,NA,NA
"https://uploads0.wikiart.org/00281/images/valentine-hugo/portrait-de-paul-eluard-1932.jpg!Large.jpg",NA,NA,NA,NA,27,NA,NA,51,NA,NA,5,NA,87,NA,64,NA,NA,NA,69,73,NA,NA,79,NA,10,100,NA,NA,NA,NA,NA,NA,NA,NA,36,NA,NA,NA,NA,NA,NA,NA,75,NA,27,83,33,NA,NA,NA,NA,82,NA,75,NA,NA,69,NA,NA,NA,0,NA,100,NA,NA,NA,81,50,NA,68,NA,NA,67,NA,NA,92,72,68,70,66,67,100,NA,NA,NA,NA,84,NA,NA,54,NA,100,NA,NA,NA,NA,NA,NA,NA,NA
"https://uploads4.wikiart.org/00269/images/paul-nash/event-on-the-downs-1.jpg!HalfHD.jpg",NA,NA,NA,NA,NA,NA,NA,34,NA,NA,NA,NA,NA,57,NA,NA,77,NA,24,NA,50,NA,87,21,NA,NA,NA,NA,NA,NA,NA,NA,NA,NA,NA,NA,NA,NA,NA,11,52,NA,NA,76,NA,NA,NA,NA,NA,63,NA,NA,NA,NA,NA,70,NA,NA,NA,NA,NA,NA,NA,10,NA,NA,NA,55,NA,NA,NA,30,NA,NA,NA,NA,37,37,NA,NA,NA,NA,39,NA,NA,68,NA,NA,67,4,NA,NA,NA,NA,NA,NA,NA,NA,NA,83
"https://uploads8.wikiart.org/images/marcel-duchamp/king-and-queen-1968.jpg",61,18,NA,68,NA,NA,29,NA,47,0,0,NA,NA,NA,17,80,NA,78,NA,NA,NA,NA,21,NA,NA,NA,10,NA,NA,NA,NA,NA,NA,NA,28,NA,NA,NA,NA,NA,52,22,NA,NA,NA,NA,NA,24,NA,NA,NA,NA,74,NA,NA,NA,NA,NA,NA,NA,NA,NA,NA,NA,NA,16,NA,NA,NA,NA,NA,NA,46,NA,NA,NA,72,NA,NA,NA,NA,NA,NA,NA,NA,67,91,NA,NA,NA,NA,NA,NA,79,25,NA,NA,NA,NA,NA
"https://uploads8.wikiart.org/images/xul-solar/juzgue-1923.jpg",NA,NA,NA,64,66,43,NA,79,62,NA,NA,79,12,41,NA,NA,73,69,52,NA,NA,NA,NA,NA,NA,NA,20,NA,NA,NA,12,NA,32,60,NA,26,NA,64,NA,14,NA,15,NA,NA,NA,31,NA,NA,8,NA,NA,65,78,NA,NA,74,NA,NA,NA,NA,NA,NA,NA,NA,23,32,NA,NA,NA,NA,NA,49,NA,26,NA,70,NA,NA,NA,NA,78,NA,28,NA,NA,NA,NA,NA,NA,62,NA,NA,NA,NA,67,NA,NA,NA,NA,71
"https://uploads1.wikiart.org/images/edward-wadsworth/faithful-servants-marine-1928(1).jpg!Blog.jpg",NA,NA,NA,NA,NA,NA,NA,NA,NA,NA,35,84,NA,NA,NA,86,NA,NA,NA,NA,NA,NA,NA,39,NA,NA,NA,46,NA,NA,NA,NA,NA,NA,NA,NA,NA,35,NA,NA,NA,NA,NA,51,56,NA,NA,NA,62,NA,NA,NA,NA,61,NA,NA,NA,NA,NA,55,58,NA,57,NA,NA,NA,NA,76,NA,NA,NA,74,46,NA,NA,NA,NA,NA,NA,NA,75,NA,NA,NA,NA,NA,NA,NA,NA,11,NA,NA,NA,NA,NA,NA,NA,NA,NA,NA
"https://uploads8.wikiart.org/images/man-ray/jazz.jpg",NA,8,NA,89,73,NA,44,NA,NA,100,NA,NA,66,35,NA,100,NA,NA,NA,NA,NA,NA,NA,NA,NA,NA,54,81,NA,62,NA,NA,NA,82,87,NA,46,NA,NA,16,63,64,21,NA,35,NA,93,NA,62,NA,NA,NA,NA,NA,NA,NA,NA,NA,51,58,0,5,NA,NA,NA,NA,73,NA,20,NA,NA,NA,NA,NA,NA,NA,NA,96,NA,NA,NA,NA,28,75,54,90,NA,NA,NA,70,76,NA,NA,NA,NA,NA,NA,NA,4,NA
"https://uploads8.wikiart.org/images/paul-bril/fantastic-mountain-landscape-1598.jpg",NA,50,NA,NA,NA,NA,75,NA,51,100,87,NA,74,NA,NA,NA,NA,NA,NA,NA,NA,NA,NA,87,82,NA,NA,16,NA,87,84,NA,65,NA,NA,68,NA,40,95,NA,NA,87,80,NA,93,NA,NA,75,93,NA,NA,86,NA,NA,NA,100,54,NA,69,NA,67,NA,71,NA,66,NA,NA,69,NA,NA,78,NA,73,NA,100,70,NA,74,79,54,NA,NA,NA,71,NA,NA,74,NA,38,76,NA,NA,NA,NA,NA,NA,NA,NA,NA,NA
"https://uploads0.wikiart.org/00115/images/otto-van-veen/distribution-of-herring-and-white-bread-during-the-siege-of-leiden-1574.jpg!HalfHD.jpg",NA,NA,84,NA,100,3,NA,NA,NA,NA,NA,75,NA,95,67,NA,46,80,76,NA,NA,37,NA,NA,NA,NA,1,26,NA,NA,NA,100,26,49,15,NA,NA,78,NA,50,NA,NA,NA,NA,62,NA,98,47,41,NA,NA,61,30,NA,NA,NA,61,16,51,NA,NA,NA,NA,32,43,NA,NA,NA,NA,NA,NA,0,NA,NA,NA,NA,NA,NA,NA,NA,NA,100,NA,NA,NA,66,NA,67,NA,58,NA,NA,88,NA,NA,NA,49,81,NA,78
"https://uploads8.wikiart.org/images/annibale-carracci/the-butcher-s-shop.jpg",NA,NA,NA,NA,NA,NA,NA,NA,27,NA,NA,NA,NA,90,NA,NA,NA,NA,NA,NA,100,59,NA,NA,9,NA,2,NA,NA,NA,NA,NA,20,33,NA,43,51,NA,92,58,NA,10,NA,NA,NA,NA,30,65,31,NA,NA,NA,NA,70,NA,NA,NA,NA,17,NA,NA,NA,NA,7,67,92,NA,NA,NA,NA,NA,1,50,NA,NA,NA,NA,NA,62,55,NA,NA,NA,63,NA,74,NA,NA,NA,NA,NA,29,38,NA,NA,NA,NA,NA,54,NA
"https://uploads8.wikiart.org/images/hendrick-cornelisz-vroom/the-explosion-of-the-spanish-flagship-during-the-battle-of-gibraltar-25-april-1607-attributed.jpg",NA,NA,NA,NA,NA,NA,64,NA,NA,100,NA,99,79,NA,NA,NA,NA,NA,NA,100,NA,NA,89,NA,NA,100,NA,NA,NA,NA,NA,NA,NA,NA,NA,NA,NA,75,NA,NA,NA,NA,55,89,NA,NA,89,NA,NA,NA,NA,NA,NA,NA,98,NA,NA,NA,NA,37,68,NA,NA,NA,NA,NA,NA,NA,78,NA,NA,NA,NA,NA,100,83,NA,NA,48,NA,NA,NA,NA,NA,54,NA,NA,98,67,NA,NA,68,NA,NA,NA,24,100,NA,NA,100
"https://uploads6.wikiart.org/00366/images/adam-van-noort/screenshot-2021-11-08-145114.png",NA,NA,NA,77,NA,26,65,21,11,NA,NA,57,NA,NA,NA,84,NA,77,NA,NA,NA,NA,NA,NA,NA,NA,7,33,NA,75,NA,NA,57,NA,NA,NA,NA,NA,74,NA,NA,NA,NA,73,NA,NA,NA,NA,NA,NA,66,70,NA,26,NA,NA,NA,44,20,NA,NA,NA,37,NA,NA,NA,NA,61,NA,NA,NA,NA,46,NA,NA,77,66,NA,NA,74,75,NA,NA,NA,54,NA,34,NA,NA,61,NA,NA,NA,NA,NA,NA,NA,NA,NA,NA
"https://uploads8.wikiart.org/images/francisco-pacheco/de-droom-van-sint-jozef.jpg",NA,NA,84,72,NA,NA,NA,49,18,0,NA,NA,NA,61,NA,NA,NA,67,NA,NA,NA,NA,NA,87,NA,90,NA,31,NA,NA,NA,NA,NA,NA,76,NA,NA,30,NA,NA,NA,NA,NA,84,64,42,29,NA,NA,52,60,NA,15,NA,95,NA,70,NA,NA,NA,NA,NA,74,NA,NA,65,NA,64,NA,NA,NA,0,NA,27,84,NA,NA,NA,NA,NA,97,NA,45,NA,NA,NA,65,NA,NA,NA,NA,NA,NA,NA,71,NA,37,NA,NA,100
"https://uploads2.wikiart.org/00287/images/jan-brueghel-the-elder/allegory-of-sight-and-smell-1620.jpg!Blog.jpg",NA,16,NA,NA,NA,NA,69,45,8,NA,NA,NA,NA,NA,NA,NA,NA,NA,90,NA,NA,NA,58,78,NA,NA,NA,NA,NA,NA,NA,NA,NA,NA,NA,68,NA,79,NA,NA,NA,82,60,73,NA,NA,63,NA,NA,NA,80,NA,NA,60,NA,NA,51,24,85,NA,NA,NA,NA,NA,54,NA,NA,NA,NA,81,NA,0,NA,74,38,86,70,NA,NA,40,NA,NA,NA,NA,NA,NA,42,84,78,NA,NA,78,77,NA,NA,NA,NA,81,73,NA
"https://uploads8.wikiart.org/images/caravaggio/cardsharps-1594-1.jpg",51,NA,NA,NA,NA,NA,NA,NA,NA,100,NA,NA,97,NA,NA,NA,NA,NA,NA,NA,NA,NA,NA,NA,NA,NA,NA,NA,NA,NA,NA,NA,NA,NA,NA,68,NA,NA,NA,NA,NA,NA,NA,NA,77,NA,90,NA,NA,NA,NA,NA,NA,NA,NA,NA,NA,NA,NA,41,63,NA,NA,NA,NA,65,NA,NA,NA,NA,51,0,NA,NA,NA,NA,NA,61,NA,NA,NA,NA,NA,51,NA,NA,NA,NA,NA,78,NA,NA,NA,NA,NA,NA,51,NA,NA,91
"https://uploads3.wikiart.org/00316/images/giulio-cesare-procaccini/giulio-cesare-procaccini-la-pace-scaccia-la-guerra-1620-ca.JPG!HD.JPG",34,NA,NA,82,94,55,NA,NA,NA,NA,100,NA,NA,NA,66,NA,NA,NA,NA,NA,62,91,17,NA,NA,85,NA,NA,57,70,82,NA,44,NA,NA,NA,NA,NA,NA,78,NA,NA,NA,92,NA,NA,NA,100,NA,36,NA,58,NA,24,NA,87,NA,NA,NA,12,NA,96,NA,24,NA,67,NA,NA,NA,NA,45,0,60,NA,NA,NA,77,NA,59,44,NA,90,NA,65,NA,NA,27,NA,NA,NA,NA,77,83,NA,62,NA,67,NA,NA,NA
"https://uploads8.wikiart.org/images/peter-paul-rubens/equestrian-portrait-of-the-duke-of-lerma-1603.jpg",NA,50,NA,NA,NA,32,73,NA,52,NA,90,NA,NA,64,NA,NA,NA,NA,NA,NA,NA,NA,NA,NA,NA,NA,2,NA,NA,94,NA,NA,NA,NA,NA,77,37,NA,NA,NA,65,NA,54,NA,83,NA,NA,NA,37,NA,NA,67,NA,NA,82,66,64,NA,83,NA,NA,NA,64,53,NA,NA,NA,56,NA,77,NA,NA,NA,70,NA,NA,NA,NA,49,NA,NA,NA,NA,40,NA,NA,47,NA,70,NA,72,NA,NA,NA,NA,NA,NA,NA,74,NA
"https://uploads8.wikiart.org/images/alexey-venetsianov/sleeping-herd-boy.jpg",NA,NA,NA,NA,60,6,NA,51,NA,NA,NA,NA,NA,NA,58,76,NA,NA,62,NA,76,61,NA,NA,NA,NA,11,NA,NA,NA,NA,NA,NA,NA,NA,NA,31,32,NA,NA,NA,NA,NA,NA,NA,NA,83,NA,NA,15,42,NA,81,NA,NA,NA,NA,38,30,NA,NA,51,NA,12,NA,NA,NA,NA,NA,65,NA,NA,NA,NA,100,NA,NA,NA,NA,62,NA,NA,NA,NA,NA,67,NA,NA,NA,83,NA,NA,88,NA,NA,NA,NA,NA,54,99
"https://uploads8.wikiart.org/images/camille-corot/venice-gondola-on-grand-canal.jpg",NA,59,NA,NA,NA,NA,NA,NA,NA,50,NA,NA,NA,NA,NA,77,67,NA,69,NA,NA,NA,NA,92,NA,95,NA,NA,97,63,NA,81,NA,NA,NA,56,NA,NA,86,NA,75,NA,NA,NA,NA,NA,NA,NA,80,NA,75,NA,75,NA,100,NA,NA,NA,NA,NA,NA,NA,NA,NA,NA,96,NA,NA,NA,NA,NA,NA,NA,83,100,NA,69,NA,80,71,NA,NA,NA,NA,NA,NA,NA,NA,66,NA,NA,NA,86,77,NA,0,NA,93,NA,NA
"https://uploads8.wikiart.org/images/vasily-sadovnikov/the-arch-of-the-general-headquarters-building.jpg",NA,NA,93,NA,75,NA,NA,NA,60,NA,NA,73,NA,NA,NA,NA,NA,NA,NA,NA,NA,NA,NA,NA,91,NA,58,34,NA,NA,NA,85,NA,NA,NA,51,NA,83,NA,NA,NA,NA,NA,NA,NA,NA,NA,NA,NA,NA,NA,NA,NA,64,NA,NA,NA,NA,69,56,NA,NA,NA,NA,51,84,NA,NA,NA,NA,74,16,NA,NA,NA,80,NA,NA,75,NA,67,NA,NA,NA,56,77,NA,81,NA,NA,NA,NA,NA,84,NA,100,NA,NA,NA,NA
"https://uploads5.wikiart.org/00177/images/ippolito-kaffi/ippolito-caffi-1809-1866-the-partenon.jpg!HD.jpg",NA,NA,NA,NA,NA,NA,78,66,NA,NA,NA,NA,NA,66,NA,NA,NA,NA,NA,NA,NA,NA,NA,NA,NA,NA,NA,NA,NA,NA,NA,100,NA,NA,NA,NA,NA,NA,NA,NA,NA,NA,NA,NA,NA,NA,84,98,NA,56,NA,NA,NA,NA,NA,NA,60,NA,NA,51,NA,NA,82,59,41,NA,83,NA,NA,NA,NA,NA,71,NA,NA,NA,NA,NA,NA,81,NA,NA,66,NA,53,NA,NA,NA,NA,NA,NA,NA,NA,NA,NA,100,NA,86,NA,NA
"https://uploads8.wikiart.org/images/jules-dupre/the-windmill-1859.jpg",NA,NA,98,NA,NA,NA,NA,NA,NA,NA,64,NA,NA,NA,NA,NA,29,NA,NA,NA,NA,97,NA,NA,NA,86,NA,NA,NA,68,82,NA,NA,NA,91,NA,NA,NA,NA,64,61,86,NA,95,72,74,NA,NA,NA,NA,70,NA,NA,9,NA,NA,76,NA,100,NA,NA,58,NA,63,NA,NA,NA,NA,NA,NA,60,NA,NA,NA,NA,73,NA,NA,NA,NA,NA,72,NA,NA,NA,75,NA,NA,NA,NA,NA,NA,NA,NA,NA,NA,NA,NA,NA,NA
"https://uploads8.wikiart.org/images/theodore-rousseau/market-in-the-normandy.jpg",25,60,NA,11,47,NA,NA,NA,NA,NA,NA,64,NA,NA,100,98,NA,NA,NA,NA,NA,NA,NA,NA,NA,NA,18,39,NA,72,86,NA,60,NA,NA,NA,NA,NA,63,50,71,NA,NA,85,NA,51,NA,NA,NA,32,63,57,NA,NA,97,87,NA,NA,NA,NA,NA,NA,59,NA,32,NA,NA,56,NA,76,70,NA,51,NA,NA,NA,NA,76,NA,41,NA,60,NA,NA,57,75,NA,78,NA,NA,NA,NA,NA,51,84,NA,NA,NA,51,71
"https://uploads8.wikiart.org/images/charles-jacque/cows-1865.jpg",NA,NA,NA,77,69,NA,NA,NA,NA,NA,NA,89,NA,NA,NA,97,80,NA,NA,51,NA,76,NA,NA,61,64,NA,NA,70,NA,NA,NA,NA,NA,76,NA,73,NA,73,50,NA,NA,57,NA,NA,NA,NA,68,59,NA,NA,NA,NA,NA,NA,NA,NA,51,NA,85,88,NA,40,NA,45,NA,70,NA,NA,NA,NA,NA,NA,NA,NA,NA,NA,NA,NA,NA,NA,NA,NA,51,57,NA,60,NA,NA,58,NA,NA,67,NA,NA,NA,NA,NA,70,NA
"https://uploads8.wikiart.org/images/jean-francois-millet/the-wood-sawyers-1852.jpg",NA,NA,NA,NA,68,NA,NA,NA,NA,50,NA,85,NA,NA,NA,NA,75,41,NA,NA,NA,NA,NA,NA,NA,NA,NA,36,NA,NA,NA,NA,NA,NA,NA,NA,NA,NA,NA,NA,NA,NA,NA,NA,33,56,NA,NA,NA,NA,NA,NA,79,8,NA,88,NA,28,NA,NA,28,51,35,NA,37,NA,NA,NA,NA,NA,NA,NA,50,65,NA,51,NA,78,NA,NA,NA,85,NA,NA,56,NA,NA,NA,NA,NA,71,NA,NA,NA,74,NA,NA,NA,NA,NA
"https://uploads8.wikiart.org/images/ernest-meissonier/the-card-players-1872.jpg",51,31,NA,NA,NA,NA,NA,61,NA,100,NA,NA,NA,88,97,NA,NA,NA,97,51,NA,NA,NA,91,NA,NA,11,56,NA,83,NA,79,NA,NA,NA,NA,29,75,72,NA,NA,NA,72,NA,68,NA,NA,73,NA,NA,60,NA,NA,NA,NA,NA,NA,NA,NA,NA,83,NA,NA,49,NA,57,81,NA,14,NA,59,0,81,NA,NA,NA,NA,NA,NA,46,NA,NA,NA,NA,54,NA,NA,NA,NA,NA,NA,NA,NA,NA,NA,0,79,NA,77,NA
"https://uploads5.wikiart.org/images/charles-francois-daubigny/the-hamlet-of-optevoz-in-the-morning.jpg!Blog.jpg",NA,65,NA,NA,NA,NA,NA,NA,NA,NA,78,84,65,63,NA,NA,75,NA,NA,NA,87,78,NA,84,NA,77,44,NA,94,68,NA,NA,66,NA,NA,NA,NA,NA,91,32,NA,NA,NA,NA,NA,37,24,NA,67,NA,50,NA,73,NA,NA,NA,NA,51,NA,87,NA,NA,NA,NA,NA,NA,68,NA,NA,NA,NA,NA,56,NA,NA,NA,NA,NA,NA,NA,NA,NA,65,NA,58,NA,68,NA,NA,45,NA,NA,79,69,86,NA,51,NA,NA,NA
"https://uploads8.wikiart.org/images/hilma-af-klint/they-tens-mainstay-iv-1907.jpg",NA,NA,63,NA,33,62,NA,51,NA,NA,NA,NA,NA,NA,72,NA,NA,NA,NA,NA,NA,0,NA,NA,NA,100,NA,14,23,NA,NA,NA,NA,NA,NA,NA,NA,NA,51,6,52,NA,NA,NA,NA,NA,37,NA,NA,95,25,NA,30,6,100,62,NA,NA,NA,NA,2,NA,NA,NA,NA,NA,NA,56,71,37,NA,50,NA,NA,NA,72,NA,NA,NA,54,69,NA,NA,NA,NA,NA,NA,NA,NA,60,NA,NA,NA,NA,68,100,49,NA,NA,NA
"https://uploads8.wikiart.org/images/wassily-kandinsky/composition-vi-1913.jpg",NA,7,NA,NA,NA,NA,NA,NA,NA,NA,NA,100,20,43,NA,NA,NA,NA,NA,NA,0,NA,NA,NA,NA,NA,NA,63,NA,56,28,NA,NA,60,NA,NA,NA,NA,NA,NA,NA,NA,NA,NA,NA,NA,27,17,NA,35,NA,69,NA,6,NA,63,NA,75,NA,NA,NA,NA,20,NA,NA,NA,NA,NA,76,51,51,25,NA,NA,NA,89,NA,NA,NA,NA,NA,NA,57,NA,NA,86,89,NA,84,79,82,NA,57,11,83,NA,NA,NA,18,NA
"https://uploads8.wikiart.org/images/john-marin/autumn-coloring-no-4-1952.jpg",NA,0,62,NA,55,35,NA,10,NA,NA,NA,62,0,36,NA,NA,NA,18,NA,NA,NA,NA,NA,NA,6,NA,NA,13,46,NA,NA,59,NA,NA,NA,33,NA,NA,NA,12,NA,8,NA,NA,NA,0,31,NA,27,65,NA,32,24,0,NA,NA,NA,55,NA,77,0,NA,NA,NA,0,NA,NA,NA,NA,NA,NA,NA,NA,NA,NA,0,36,NA,NA,NA,39,NA,42,NA,43,NA,NA,NA,NA,8,NA,7,34,NA,NA,NA,0,NA,NA,NA
"https://uploads8.wikiart.org/images/constantin-brancusi/the-first-cry-1917.jpg",67,NA,73,19,NA,NA,56,88,NA,0,NA,NA,NA,NA,NA,NA,76,52,NA,NA,NA,76,NA,NA,NA,83,66,NA,NA,NA,23,NA,NA,NA,NA,NA,NA,74,NA,NA,NA,7,NA,68,NA,NA,NA,13,NA,NA,NA,62,NA,NA,56,53,NA,51,NA,NA,0,NA,NA,NA,24,NA,20,NA,NA,NA,NA,NA,NA,79,49,NA,NA,64,NA,39,NA,52,NA,NA,NA,NA,NA,NA,76,NA,NA,14,70,NA,NA,NA,51,26,NA,NA
"https://uploads8.wikiart.org/images/marsden-hartley/lighthouse-1915.jpg",NA,12,NA,NA,45,NA,NA,NA,NA,NA,NA,NA,NA,NA,39,73,NA,NA,NA,28,97,NA,NA,NA,NA,100,27,NA,NA,NA,NA,55,NA,53,NA,42,NA,NA,50,NA,52,NA,NA,NA,NA,NA,NA,NA,NA,NA,NA,NA,NA,14,NA,34,79,NA,NA,NA,2,NA,NA,NA,15,NA,19,NA,NA,33,NA,NA,40,NA,NA,NA,40,55,NA,NA,38,72,NA,NA,60,NA,NA,NA,NA,NA,NA,62,NA,NA,NA,67,NA,26,NA,51
"https://uploads6.wikiart.org/images/paul-klee/side-panels-for-anatomy-of-aphrodite-1915(1).jpg",NA,NA,64,70,NA,NA,NA,NA,NA,NA,NA,NA,NA,NA,NA,NA,72,NA,NA,NA,NA,NA,0,NA,NA,NA,NA,0,NA,NA,20,57,NA,50,NA,74,NA,NA,50,24,NA,NA,23,51,28,NA,NA,NA,NA,71,NA,NA,74,NA,11,NA,NA,NA,NA,NA,NA,NA,33,19,NA,NA,20,NA,NA,NA,47,NA,NA,NA,21,NA,NA,NA,NA,NA,NA,NA,NA,NA,NA,NA,57,NA,NA,NA,74,NA,61,28,NA,NA,NA,11,NA,NA
"https://uploads8.wikiart.org/images/arthur-dove/sails-1912.jpg",61,NA,83,75,NA,NA,NA,70,NA,NA,NA,NA,NA,NA,70,NA,NA,34,NA,NA,NA,65,NA,NA,NA,100,13,NA,NA,58,NA,81,NA,50,NA,NA,NA,NA,NA,NA,NA,NA,NA,NA,42,NA,37,NA,17,NA,16,67,91,NA,100,NA,NA,NA,NA,NA,NA,3,NA,NA,NA,NA,15,NA,NA,NA,NA,NA,NA,68,NA,NA,NA,NA,NA,9,NA,NA,NA,NA,46,NA,NA,NA,NA,NA,NA,56,NA,NA,NA,NA,NA,NA,2,77
"https://uploads8.wikiart.org/images/arthur-beecher-carles/abstraction-1941.jpg",70,NA,52,NA,11,78,43,NA,NA,50,NA,NA,12,NA,NA,NA,73,NA,45,NA,NA,3,NA,NA,NA,NA,18,23,NA,NA,NA,66,NA,NA,NA,NA,51,NA,50,NA,NA,NA,39,NA,42,NA,85,NA,NA,NA,NA,NA,NA,NA,NA,NA,NA,NA,81,NA,0,NA,NA,NA,0,66,NA,51,64,21,18,NA,NA,NA,50,72,NA,NA,NA,58,39,32,54,NA,56,NA,NA,29,NA,NA,NA,35,NA,73,66,NA,NA,NA,NA,80
"https://uploads8.wikiart.org/images/jean-arp/abstract-composition.jpg",NA,NA,NA,77,NA,NA,NA,NA,NA,NA,NA,NA,NA,NA,65,NA,NA,NA,NA,NA,NA,NA,81,NA,67,NA,NA,NA,20,NA,NA,NA,NA,NA,NA,68,NA,82,NA,NA,NA,NA,NA,71,30,NA,NA,NA,NA,77,6,NA,NA,12,NA,NA,NA,32,NA,NA,NA,NA,NA,14,0,NA,NA,NA,NA,NA,NA,NA,NA,NA,NA,NA,31,NA,NA,36,NA,NA,NA,NA,NA,NA,NA,NA,NA,15,77,NA,NA,NA,65,100,NA,NA,19,NA
"https://uploads8.wikiart.org/images/otto-freundlich/komposition-1940.jpg",NA,NA,NA,NA,NA,NA,24,NA,54,NA,NA,NA,NA,NA,80,75,NA,NA,NA,NA,NA,NA,NA,NA,NA,NA,NA,19,NA,56,NA,NA,29,NA,27,34,NA,NA,73,NA,64,NA,NA,NA,24,NA,71,NA,35,NA,NA,NA,NA,27,NA,NA,NA,NA,51,NA,NA,NA,20,NA,NA,NA,NA,NA,NA,NA,NA,NA,NA,21,NA,NA,65,64,NA,NA,NA,48,75,55,NA,85,NA,NA,77,NA,NA,NA,NA,NA,NA,100,NA,16,NA,NA
"https://uploads8.wikiart.org/images/owen-jones/egyptian-no-2.jpg",NA,NA,NA,NA,100,NA,62,70,38,0,NA,72,NA,NA,NA,NA,NA,NA,NA,NA,64,NA,NA,NA,NA,NA,NA,27,NA,NA,21,NA,NA,NA,NA,NA,NA,NA,NA,8,NA,NA,NA,NA,NA,NA,78,NA,NA,NA,NA,NA,NA,NA,50,NA,NA,NA,68,89,23,NA,69,NA,50,NA,NA,NA,19,NA,NA,50,NA,59,NA,NA,73,72,NA,NA,NA,NA,NA,50,NA,NA,NA,NA,81,NA,NA,NA,NA,NA,NA,100,21,NA,28,NA
"https://uploads8.wikiart.org/images/jules-cheret/bagn-res-de-luchon-f-tes-des-fleurs-1890.jpg",24,NA,66,NA,NA,NA,61,NA,NA,NA,NA,NA,NA,NA,60,NA,75,NA,NA,24,NA,NA,29,14,NA,NA,NA,0,NA,NA,33,51,NA,83,36,74,59,NA,NA,NA,NA,NA,76,NA,NA,56,NA,NA,NA,NA,NA,57,NA,NA,NA,NA,NA,NA,NA,64,NA,NA,70,NA,NA,NA,NA,65,83,NA,NA,NA,NA,NA,NA,NA,NA,NA,NA,31,NA,NA,NA,NA,NA,NA,NA,61,NA,NA,NA,NA,NA,NA,NA,NA,0,NA,31,NA
"https://uploads8.wikiart.org/00284/images/francesc-masriera/masriera-belles.jpg!Large.jpg",NA,NA,NA,NA,NA,NA,60,NA,NA,NA,NA,NA,NA,100,43,NA,NA,NA,NA,NA,NA,NA,NA,79,NA,NA,NA,NA,NA,NA,NA,NA,NA,NA,NA,60,NA,NA,NA,NA,52,69,36,NA,NA,NA,NA,NA,11,NA,NA,NA,NA,NA,47,NA,NA,NA,51,NA,62,NA,NA,NA,36,NA,NA,NA,NA,78,NA,0,NA,NA,NA,NA,40,60,NA,NA,NA,NA,NA,NA,43,63,NA,NA,NA,NA,NA,56,NA,NA,NA,0,NA,79,70,NA
"https://uploads8.wikiart.org/images/eug-ne-grasset/the-art-of-drawing-1894.jpg",NA,NA,56,77,NA,NA,47,NA,NA,NA,NA,100,NA,NA,NA,69,NA,65,73,51,90,NA,56,NA,NA,NA,NA,79,NA,NA,NA,62,NA,59,77,NA,61,76,NA,NA,NA,NA,NA,63,NA,NA,NA,NA,NA,NA,35,NA,84,NA,17,NA,63,NA,51,67,NA,2,68,NA,56,NA,NA,62,NA,NA,NA,NA,NA,NA,NA,NA,38,NA,69,87,NA,NA,NA,51,NA,NA,NA,NA,NA,NA,NA,NA,NA,NA,NA,NA,0,NA,8,NA
"https://uploads8.wikiart.org/images/louis-comfort-tiffany/transom-1881.jpg",NA,NA,NA,NA,NA,NA,NA,NA,18,NA,85,NA,NA,NA,NA,NA,NA,NA,NA,NA,NA,16,2,NA,NA,NA,NA,NA,31,62,NA,NA,NA,NA,NA,NA,NA,NA,NA,NA,NA,93,NA,NA,NA,NA,NA,NA,61,NA,NA,NA,29,NA,NA,NA,NA,NA,NA,75,NA,NA,78,14,NA,NA,13,NA,NA,NA,46,NA,20,NA,28,NA,NA,NA,NA,NA,NA,NA,NA,NA,NA,80,82,NA,NA,9,NA,NA,NA,NA,43,NA,NA,NA,NA,NA
"https://uploads8.wikiart.org/images/wilhelm-kotarbinski/afternoon-silence.jpg",NA,NA,65,NA,NA,22,NA,NA,NA,50,NA,NA,87,84,NA,NA,NA,NA,NA,NA,NA,NA,NA,NA,89,91,NA,29,NA,NA,NA,NA,NA,NA,NA,NA,NA,NA,NA,90,NA,NA,NA,79,87,51,NA,NA,NA,45,NA,61,NA,58,100,NA,NA,51,NA,NA,NA,NA,98,62,NA,72,NA,77,32,NA,NA,0,NA,NA,100,NA,NA,NA,NA,NA,NA,NA,NA,NA,NA,NA,NA,NA,NA,NA,NA,NA,NA,77,NA,100,71,NA,NA,87
"https://uploads3.wikiart.org/00214/images/maximilian-pirner/maxmilian-pirner-gulliver-mezi-sk-tky-1910-1.jpg!Large.jpg",NA,50,NA,NA,NA,NA,NA,61,NA,NA,57,88,61,61,70,NA,86,65,NA,NA,NA,NA,NA,86,56,NA,NA,38,NA,NA,86,82,60,NA,NA,NA,NA,NA,NA,NA,NA,NA,NA,NA,NA,96,NA,NA,40,NA,NA,NA,NA,NA,NA,NA,72,NA,75,54,63,NA,NA,NA,56,67,67,NA,NA,NA,NA,NA,NA,NA,NA,NA,97,NA,NA,NA,NA,NA,65,NA,NA,NA,66,NA,NA,NA,57,98,72,81,NA,NA,NA,NA,44,NA
"https://uploads8.wikiart.org/images/ferdinand-hodler/at-the-foot-of-the-petit-saleve-1893.jpg",NA,NA,NA,NA,NA,NA,NA,NA,NA,100,NA,NA,NA,NA,63,NA,NA,NA,30,NA,NA,NA,NA,NA,NA,NA,NA,NA,74,67,16,NA,NA,73,NA,79,NA,NA,87,NA,83,NA,NA,NA,NA,83,NA,NA,NA,NA,67,NA,NA,NA,NA,81,54,NA,68,NA,NA,NA,NA,79,33,79,NA,65,22,NA,NA,NA,NA,22,NA,52,NA,NA,NA,NA,NA,NA,NA,NA,59,NA,NA,NA,NA,NA,NA,70,NA,NA,NA,NA,NA,NA,NA,84
"https://uploads3.wikiart.org/images/carl-larsson/ulf-and-pontus-1894(1).jpg!HD.jpg",NA,NA,79,73,NA,13,NA,NA,NA,NA,NA,NA,NA,NA,NA,NA,NA,NA,NA,NA,NA,94,90,NA,NA,NA,NA,NA,NA,NA,NA,82,NA,NA,NA,NA,NA,NA,NA,18,52,76,NA,51,NA,NA,49,NA,NA,NA,49,NA,NA,10,NA,NA,NA,NA,NA,NA,38,NA,NA,NA,NA,NA,NA,NA,NA,NA,NA,NA,NA,NA,NA,62,37,NA,51,NA,NA,NA,NA,NA,NA,NA,NA,NA,76,NA,53,NA,NA,NA,70,NA,NA,NA,51,NA
"https://uploads8.wikiart.org/images/jacek-malczewski/angel-i-will-follow-you-1901.jpg",NA,NA,65,NA,NA,NA,NA,NA,9,NA,NA,NA,NA,NA,NA,80,NA,NA,NA,51,NA,NA,64,NA,70,NA,4,NA,14,NA,NA,NA,31,NA,94,NA,56,NA,NA,NA,76,NA,NA,NA,NA,NA,NA,NA,25,NA,57,NA,NA,NA,NA,NA,NA,38,NA,NA,NA,NA,NA,NA,NA,NA,NA,NA,69,NA,55,NA,NA,NA,NA,NA,NA,NA,NA,NA,74,NA,90,NA,41,68,56,91,68,NA,NA,83,NA,NA,NA,3,NA,69,NA,NA
"https://uploads8.wikiart.org/images/aleksandra-ekster/don-juan-and-death-sheet-of-from-the-album-theater-set-1930.jpg",NA,6,63,NA,NA,NA,NA,NA,NA,NA,NA,NA,25,70,59,35,NA,NA,NA,0,NA,98,NA,NA,35,NA,10,NA,NA,NA,79,NA,NA,NA,NA,NA,29,23,NA,47,NA,NA,NA,74,NA,NA,49,10,NA,NA,NA,NA,71,63,NA,NA,NA,NA,34,29,NA,NA,NA,NA,NA,NA,NA,41,NA,NA,44,NA,50,NA,33,NA,NA,NA,NA,NA,NA,NA,NA,NA,NA,NA,NA,40,51,7,NA,NA,NA,48,NA,NA,NA,NA,NA,63
"https://uploads8.wikiart.org/images/janos-mattis-teutsch/blue-figure-1927.jpg",28,15,NA,NA,NA,NA,64,NA,NA,NA,NA,NA,NA,43,29,NA,NA,61,NA,NA,NA,NA,NA,NA,85,88,13,NA,NA,NA,NA,73,38,NA,NA,NA,NA,NA,NA,NA,NA,27,23,NA,NA,NA,NA,NA,NA,51,NA,NA,NA,NA,NA,NA,NA,56,20,NA,NA,NA,NA,58,NA,NA,NA,NA,NA,35,NA,50,NA,NA,51,NA,NA,64,NA,59,65,66,24,35,NA,NA,NA,24,NA,NA,71,NA,NA,NA,NA,0,10,NA,0,76
"https://uploads8.wikiart.org/images/vladimir-tatlin/monument-to-the-third-international-1920.jpg",NA,NA,NA,NA,NA,85,NA,66,NA,0,20,NA,NA,NA,29,NA,92,NA,NA,13,NA,NA,NA,NA,NA,NA,NA,NA,NA,32,NA,NA,NA,58,NA,NA,78,NA,NA,NA,NA,26,68,NA,NA,NA,36,NA,NA,NA,14,NA,NA,NA,NA,NA,NA,NA,24,NA,29,NA,NA,NA,NA,NA,NA,NA,NA,13,NA,50,NA,NA,NA,NA,NA,NA,60,NA,55,NA,24,NA,53,NA,NA,57,NA,NA,NA,NA,41,NA,NA,NA,NA,NA,21,NA
"https://uploads8.wikiart.org/images/sophie-taeuber-arp/draft-for-the-tearoom-on-the-ground-floor-of-the-cafe-aubette-1926.jpg",NA,NA,73,NA,NA,NA,NA,19,3,NA,0,NA,58,NA,NA,34,NA,NA,NA,0,NA,NA,NA,NA,9,NA,6,17,NA,NA,15,64,NA,56,NA,NA,NA,NA,NA,9,44,NA,NA,NA,NA,0,72,11,NA,NA,NA,NA,NA,3,NA,39,51,NA,37,NA,NA,NA,NA,NA,NA,NA,24,NA,NA,NA,43,NA,NA,NA,NA,NA,NA,39,NA,NA,NA,68,NA,NA,NA,NA,NA,36,NA,NA,NA,NA,NA,NA,NA,NA,NA,NA,NA,NA
"https://uploads8.wikiart.org/images/lajos-kassak/pictorial-architecture-1923.jpg",NA,NA,NA,NA,NA,NA,33,33,7,0,NA,NA,NA,NA,54,NA,93,NA,NA,NA,NA,NA,NA,NA,83,100,20,NA,60,NA,NA,NA,25,NA,NA,NA,NA,81,50,NA,NA,NA,NA,79,12,8,NA,NA,NA,NA,NA,NA,77,NA,NA,NA,NA,NA,NA,NA,NA,15,NA,NA,NA,18,NA,NA,NA,NA,35,NA,NA,NA,50,NA,NA,38,NA,NA,NA,NA,53,NA,56,89,NA,NA,NA,NA,23,NA,NA,NA,NA,NA,NA,11,NA,NA
"https://uploads8.wikiart.org/images/lyubov-popova/production-clothing-for-actor-no-5-in-fernand-crommelynck-s-play-the-magnanimous-cuckold.jpg",NA,NA,NA,NA,64,NA,NA,NA,NA,NA,NA,NA,41,NA,NA,70,NA,NA,57,NA,NA,43,NA,NA,66,72,NA,NA,NA,42,NA,NA,NA,NA,NA,35,NA,NA,NA,NA,41,NA,NA,NA,NA,NA,NA,NA,20,NA,NA,24,77,NA,NA,NA,51,45,51,25,NA,17,NA,NA,0,NA,NA,NA,23,NA,51,NA,NA,15,NA,50,37,NA,NA,NA,NA,NA,62,21,NA,NA,NA,NA,75,NA,NA,39,NA,78,NA,0,NA,NA,0,NA
"https://uploads8.wikiart.org/images/peter-laszlo-peri/room-space-construction-1921.jpg",NA,NA,NA,NA,74,NA,NA,28,NA,NA,NA,30,0,15,NA,NA,NA,66,NA,14,NA,NA,NA,17,70,NA,NA,0,57,40,24,NA,34,NA,NA,75,NA,NA,NA,33,59,16,NA,NA,NA,NA,NA,0,NA,NA,30,NA,NA,NA,NA,NA,NA,NA,NA,44,NA,64,NA,NA,NA,NA,NA,NA,72,NA,NA,36,NA,33,NA,NA,NA,NA,NA,NA,61,49,NA,8,NA,NA,NA,NA,NA,NA,NA,13,NA,NA,58,NA,NA,11,NA,NA
"https://uploads8.wikiart.org/images/naum-gabo/model-for-column-1921.jpg",NA,NA,NA,8,78,NA,NA,NA,54,0,NA,NA,NA,20,16,NA,NA,46,NA,NA,NA,NA,NA,9,65,NA,NA,NA,NA,0,NA,NA,NA,NA,NA,60,NA,NA,49,NA,NA,NA,NA,NA,28,0,NA,NA,NA,52,NA,29,NA,4,0,NA,NA,16,51,NA,NA,NA,52,18,0,NA,20,NA,16,18,NA,NA,40,13,NA,NA,NA,NA,NA,6,NA,NA,NA,NA,NA,NA,NA,NA,76,NA,62,NA,NA,NA,NA,NA,NA,15,NA,NA
"https://uploads8.wikiart.org/images/carl-buchheister/dreiformvariation-1928.jpg",NA,0,51,NA,NA,NA,NA,NA,53,NA,NA,18,NA,NA,30,65,94,NA,10,NA,NA,22,NA,NA,NA,NA,NA,NA,NA,NA,NA,56,16,NA,NA,32,NA,38,68,NA,52,NA,35,NA,15,0,NA,NA,53,NA,NA,NA,NA,NA,NA,13,NA,NA,NA,NA,NA,NA,23,NA,NA,7,NA,NA,NA,8,NA,NA,NA,NA,NA,NA,37,NA,NA,NA,NA,NA,NA,0,NA,82,57,11,82,NA,NA,11,NA,NA,NA,NA,NA,NA,12,NA
"https://uploads8.wikiart.org/images/erich-buchholz/composition-1920-1.jpg",NA,NA,NA,NA,NA,NA,NA,NA,NA,NA,NA,NA,NA,63,42,NA,NA,40,NA,NA,NA,NA,NA,NA,NA,NA,NA,NA,NA,NA,NA,56,NA,53,NA,NA,NA,NA,NA,NA,NA,11,NA,NA,NA,NA,NA,NA,15,NA,NA,16,73,15,0,0,51,NA,NA,NA,NA,NA,NA,NA,NA,NA,NA,51,NA,40,NA,NA,44,24,NA,NA,24,39,NA,NA,NA,NA,NA,10,NA,NA,57,NA,NA,NA,NA,NA,NA,NA,NA,NA,NA,26,NA,NA
"https://uploads8.wikiart.org/images/john-mclaughlin/number-6-1963.jpg",57,NA,66,2,NA,0,NA,NA,NA,0,32,NA,NA,NA,NA,NA,NA,NA,NA,NA,NA,6,16,NA,NA,65,NA,0,37,NA,NA,NA,NA,52,NA,NA,NA,70,NA,NA,NA,NA,NA,NA,2,NA,26,NA,NA,NA,8,NA,NA,0,NA,NA,NA,NA,NA,36,71,1,NA,NA,NA,NA,NA,NA,39,NA,NA,NA,NA,4,NA,44,32,NA,NA,1,NA,0,NA,0,56,50,NA,NA,58,1,19,NA,NA,50,37,NA,NA,1,8,NA
"https://uploads8.wikiart.org/images/antonio-calderara/spazio-luce-1961.jpg",NA,NA,48,NA,NA,NA,NA,18,8,NA,NA,NA,NA,40,NA,NA,75,NA,15,50,NA,11,NA,NA,0,NA,NA,NA,52,NA,NA,NA,NA,50,73,NA,83,NA,NA,32,NA,NA,50,NA,NA,39,NA,NA,31,34,NA,NA,24,1,0,0,NA,51,NA,NA,0,15,NA,18,NA,NA,NA,22,NA,NA,NA,NA,21,NA,NA,NA,10,NA,NA,NA,NA,NA,61,NA,NA,NA,NA,NA,NA,NA,39,1,NA,NA,NA,NA,NA,NA,NA,60
"https://uploads7.wikiart.org/images/myron-stout/untitled-1979(1).jpg",NA,NA,NA,55,NA,35,NA,NA,NA,NA,NA,50,NA,NA,NA,NA,86,56,17,NA,NA,NA,0,NA,10,90,NA,0,NA,NA,NA,NA,0,NA,71,NA,51,43,NA,16,21,NA,21,NA,NA,NA,NA,0,53,29,NA,0,NA,NA,NA,NA,NA,NA,NA,NA,10,NA,4,2,NA,NA,NA,NA,NA,21,NA,51,NA,10,NA,NA,NA,NA,21,NA,21,20,NA,NA,NA,60,NA,16,72,NA,NA,NA,NA,NA,17,NA,NA,NA,0,NA
"https://uploads8.wikiart.org/images/agnes-martin/desert-rain-1957.jpg",NA,NA,NA,NA,NA,NA,23,NA,NA,NA,NA,0,NA,NA,NA,NA,NA,NA,27,3,0,NA,NA,NA,NA,51,NA,NA,22,3,18,NA,NA,52,NA,NA,71,NA,NA,NA,22,NA,35,NA,NA,22,NA,0,NA,NA,NA,10,15,0,NA,0,NA,NA,NA,NA,67,6,NA,NA,18,8,0,NA,21,NA,31,NA,NA,NA,20,NA,NA,25,NA,4,NA,NA,NA,NA,NA,NA,41,NA,NA,2,NA,NA,NA,NA,49,NA,NA,NA,NA,NA
"https://uploads8.wikiart.org/images/gego/untitled-1966.jpg",NA,0,NA,NA,NA,12,24,NA,NA,NA,0,62,NA,NA,NA,NA,NA,32,NA,NA,NA,NA,NA,NA,NA,77,NA,NA,NA,4,NA,NA,12,NA,NA,NA,NA,NA,50,NA,NA,12,24,NA,4,26,79,NA,NA,NA,NA,NA,15,NA,0,NA,NA,NA,NA,43,3,NA,28,NA,NA,NA,NA,NA,24,NA,5,NA,NA,NA,17,25,NA,NA,24,NA,39,NA,NA,NA,NA,NA,64,NA,NA,NA,NA,NA,31,NA,NA,0,0,NA,NA,NA
"https://uploads8.wikiart.org/images/tony-smith/die-1968.jpg",NA,NA,NA,NA,NA,2,NA,NA,54,NA,NA,66,NA,0,7,NA,NA,NA,19,51,NA,NA,69,NA,NA,NA,NA,NA,NA,NA,NA,56,20,NA,NA,NA,38,36,NA,NA,63,9,NA,NA,6,0,NA,23,NA,51,NA,NA,NA,4,7,19,51,NA,51,12,NA,NA,NA,NA,NA,NA,NA,NA,NA,21,NA,50,NA,NA,24,0,NA,NA,NA,NA,NA,NA,NA,NA,NA,NA,NA,NA,NA,NA,82,NA,NA,0,NA,NA,21,22,NA,NA
"https://uploads8.wikiart.org/images/johannes-jan-schoonhoven/r60-27-1960.jpg",64,0,NA,NA,NA,NA,NA,NA,NA,NA,NA,37,NA,70,0,31,NA,NA,NA,NA,0,25,NA,NA,NA,NA,NA,NA,43,NA,NA,NA,NA,NA,NA,32,51,76,50,NA,NA,NA,NA,56,7,NA,NA,NA,58,NA,NA,19,73,NA,NA,0,32,NA,NA,NA,NA,NA,32,NA,NA,NA,NA,50,NA,13,NA,NA,32,NA,NA,NA,NA,NA,NA,NA,76,NA,NA,9,NA,NA,NA,NA,29,NA,NA,0,45,27,72,NA,NA,NA,NA,NA
"https://uploads8.wikiart.org/images/mathias-goeritz/untitled-1983.jpg",NA,NA,NA,NA,59,15,NA,NA,NA,NA,NA,NA,0,NA,NA,37,NA,NA,NA,NA,NA,8,16,16,73,NA,NA,NA,63,23,NA,NA,NA,87,77,NA,NA,NA,NA,NA,52,NA,NA,51,NA,NA,NA,NA,NA,NA,NA,NA,NA,NA,NA,NA,NA,NA,NA,NA,NA,NA,8,NA,NA,NA,NA,NA,NA,NA,NA,NA,NA,58,NA,12,NA,NA,NA,NA,NA,66,NA,3,NA,61,NA,NA,75,NA,NA,NA,NA,NA,34,NA,NA,NA,0,NA
"https://uploads4.wikiart.org/images/mira-schendel/untitled-from-splints-1987(1).jpg!PinterestSmall.jpg",NA,0,69,NA,NA,7,12,NA,NA,0,22,NA,NA,NA,0,NA,NA,76,17,47,NA,3,63,NA,62,NA,NA,NA,NA,NA,16,NA,18,NA,NA,45,NA,NA,NA,NA,NA,NA,NA,NA,0,NA,78,NA,NA,51,NA,NA,NA,NA,NA,NA,NA,55,NA,51,NA,41,NA,7,0,NA,4,NA,NA,NA,NA,7,NA,NA,NA,0,NA,6,NA,NA,60,NA,NA,NA,NA,NA,29,NA,NA,16,NA,0,87,50,NA,NA,NA,NA,NA,4
"https://uploads8.wikiart.org/images/anne-truitt/primrose-1962.jpg",NA,NA,49,8,NA,NA,NA,NA,NA,NA,NA,NA,NA,0,NA,NA,73,NA,NA,NA,NA,36,11,NA,96,NA,15,NA,NA,NA,NA,56,NA,NA,NA,60,NA,NA,50,NA,NA,8,NA,NA,NA,NA,NA,NA,NA,NA,NA,NA,NA,NA,NA,NA,NA,32,51,NA,NA,3,NA,NA,NA,NA,NA,NA,NA,11,NA,NA,NA,NA,NA,NA,NA,13,NA,NA,NA,NA,NA,32,NA,NA,NA,NA,NA,NA,71,NA,70,NA,NA,NA,NA,NA,NA,45
"https://uploads8.wikiart.org/images/may-wilson/ridiculous-portrait-statue-of-liberty-1972.jpg",0,0,NA,NA,NA,NA,NA,NA,0,NA,NA,51,NA,NA,NA,NA,NA,NA,NA,0,NA,0,NA,NA,NA,100,NA,NA,9,NA,NA,78,NA,NA,NA,62,NA,66,NA,NA,NA,NA,NA,NA,NA,0,30,0,NA,NA,NA,NA,NA,NA,NA,NA,0,9,NA,NA,0,1,NA,4,NA,26,NA,NA,NA,NA,NA,NA,NA,NA,69,NA,NA,NA,NA,NA,NA,NA,NA,NA,NA,38,16,4,94,NA,NA,NA,NA,80,NA,0,73,NA,NA,NA
"https://uploads0.wikiart.org/00333/images/corita-kent/enriched-bread-1965.jpg",25,NA,51,NA,23,NA,NA,NA,NA,NA,NA,49,NA,64,NA,43,77,NA,21,15,NA,NA,100,12,NA,NA,NA,NA,35,NA,NA,NA,NA,NA,NA,22,45,NA,NA,NA,45,20,30,NA,4,NA,NA,NA,NA,NA,NA,NA,NA,17,NA,NA,18,48,NA,54,NA,71,NA,14,8,NA,NA,NA,80,NA,NA,NA,NA,23,NA,22,NA,NA,31,NA,NA,NA,53,NA,NA,NA,56,25,NA,NA,NA,41,65,NA,NA,NA,NA,9,NA,NA
"https://uploads8.wikiart.org/images/wayne-thiebaud/pies-pies-pies-1961.jpg",NA,56,83,NA,NA,2,36,NA,52,0,NA,NA,NA,NA,NA,NA,NA,28,NA,NA,57,57,NA,NA,NA,NA,68,NA,NA,NA,NA,NA,NA,NA,NA,NA,NA,NA,NA,NA,52,NA,NA,70,NA,NA,NA,NA,NA,NA,NA,NA,NA,52,NA,NA,NA,NA,11,NA,NA,NA,62,NA,NA,NA,NA,75,100,NA,NA,49,NA,NA,84,NA,NA,20,NA,NA,NA,82,NA,27,NA,NA,NA,27,NA,53,NA,NA,34,78,NA,64,NA,NA,NA,NA
"https://uploads8.wikiart.org/images/richard-hamilton/self-portrait-1967.jpg",23,5,NA,NA,44,8,NA,NA,NA,NA,0,NA,NA,NA,NA,NA,83,NA,NA,NA,53,NA,85,6,0,22,NA,NA,28,38,NA,74,NA,NA,NA,NA,32,NA,NA,NA,52,NA,NA,NA,37,NA,NA,25,0,NA,NA,NA,NA,18,NA,NA,NA,NA,NA,NA,NA,NA,NA,NA,NA,NA,NA,NA,NA,NA,NA,NA,NA,NA,NA,41,NA,37,25,NA,NA,NA,NA,NA,45,NA,NA,18,NA,NA,77,NA,NA,16,NA,NA,13,NA,NA,NA
"https://uploads5.wikiart.org/images/roy-lichtenstein/in-the-car-1963(1).jpg",NA,NA,NA,NA,54,NA,NA,51,NA,100,71,82,NA,NA,94,NA,NA,NA,NA,54,NA,NA,NA,NA,NA,NA,58,NA,NA,78,NA,NA,41,55,72,NA,NA,NA,NA,NA,NA,NA,NA,NA,NA,66,NA,NA,NA,51,81,NA,NA,NA,74,NA,56,NA,NA,50,NA,51,NA,33,NA,23,NA,85,NA,60,56,NA,NA,NA,50,NA,NA,NA,NA,NA,NA,NA,45,NA,NA,50,79,NA,70,80,NA,NA,77,73,NA,NA,60,NA,NA,NA
"https://uploads6.wikiart.org/images/richard-artschwager/exclamation-point-chartreuse-2008.jpg!Large.jpg",NA,NA,NA,61,NA,NA,17,NA,51,0,NA,NA,NA,NA,60,NA,NA,NA,NA,0,NA,NA,0,13,NA,NA,38,NA,20,NA,NA,NA,14,55,NA,NA,76,NA,NA,NA,NA,51,NA,51,NA,NA,NA,NA,NA,NA,11,NA,85,NA,NA,6,NA,NA,26,34,NA,NA,24,2,NA,23,NA,NA,NA,30,21,NA,33,69,NA,NA,NA,NA,NA,61,73,NA,69,14,NA,NA,NA,NA,88,NA,34,NA,NA,51,65,NA,NA,NA,NA,NA
"https://uploads8.wikiart.org/images/stanley-pinker/god-dog.jpg",NA,15,NA,NA,NA,27,NA,64,NA,NA,2,NA,NA,NA,NA,NA,NA,74,NA,NA,NA,94,16,30,NA,NA,NA,NA,7,NA,83,NA,NA,50,0,NA,NA,NA,NA,NA,NA,51,35,NA,NA,15,NA,19,0,NA,60,NA,NA,8,NA,NA,NA,NA,NA,NA,NA,NA,NA,NA,NA,NA,NA,NA,80,29,NA,NA,46,67,NA,NA,NA,NA,NA,56,30,NA,12,NA,42,64,NA,NA,NA,36,NA,NA,NA,NA,NA,NA,NA,NA,NA,NA
"https://uploads8.wikiart.org/images/gianfranco-baruchello/micron-salon-doloricida-1962.jpg",NA,NA,NA,NA,NA,NA,NA,75,NA,NA,NA,NA,0,NA,24,NA,NA,69,NA,NA,NA,19,NA,NA,81,NA,NA,NA,13,22,NA,NA,19,NA,36,NA,62,NA,50,NA,NA,NA,65,51,NA,NA,NA,NA,NA,NA,NA,27,NA,NA,NA,NA,52,NA,NA,NA,68,NA,NA,12,NA,NA,NA,NA,NA,NA,NA,NA,NA,NA,NA,NA,NA,18,32,NA,NA,NA,NA,NA,NA,50,22,NA,64,1,23,NA,NA,NA,11,100,50,18,NA,61
"https://uploads6.wikiart.org/images/sergei-parajanov/loose-woman-2-1988.jpg!Large.jpg",5,0,NA,NA,NA,NA,NA,NA,3,NA,NA,100,NA,0,0,NA,NA,81,34,NA,NA,NA,NA,83,NA,80,9,NA,NA,NA,NA,62,37,NA,3,NA,NA,79,NA,NA,NA,NA,NA,51,26,NA,NA,NA,NA,NA,NA,NA,23,NA,NA,NA,NA,NA,NA,NA,NA,NA,NA,7,15,67,NA,NA,NA,NA,45,0,NA,NA,NA,NA,NA,NA,NA,NA,74,NA,13,NA,NA,NA,NA,NA,NA,NA,NA,NA,66,NA,40,NA,93,NA,39,NA
"https://uploads7.wikiart.org/images/andy-warhol/benz-racing-car.jpg!Large.jpg",27,11,67,68,NA,NA,NA,NA,NA,0,47,NA,25,NA,NA,35,70,NA,50,51,NA,70,NA,NA,NA,NA,65,NA,NA,NA,20,70,35,NA,NA,NA,NA,20,NA,15,NA,NA,NA,NA,NA,NA,NA,NA,NA,75,NA,NA,NA,5,NA,15,51,NA,NA,22,NA,NA,NA,57,NA,32,NA,NA,18,60,20,NA,30,NA,91,NA,NA,NA,17,NA,NA,NA,12,NA,NA,NA,62,NA,NA,NA,NA,NA,NA,NA,NA,NA,96,NA,NA,NA
"https://uploads8.wikiart.org/images/william-blake/the-ancient-of-days-1794.jpg",26,NA,79,NA,NA,NA,NA,NA,NA,NA,NA,100,90,NA,NA,NA,69,NA,72,NA,100,NA,NA,NA,NA,NA,NA,NA,NA,NA,79,NA,NA,69,NA,NA,30,NA,NA,NA,NA,NA,NA,NA,NA,96,NA,43,23,NA,77,65,NA,NA,NA,NA,NA,46,NA,44,NA,NA,NA,19,NA,NA,76,NA,NA,NA,NA,NA,NA,71,NA,NA,NA,NA,73,29,NA,NA,NA,67,45,NA,NA,NA,NA,NA,NA,NA,NA,NA,59,100,NA,NA,NA,NA
"https://uploads8.wikiart.org/images/victor-hugo/marine-terrace-with-initials-1855.jpg",41,NA,NA,NA,NA,17,NA,NA,64,NA,9,NA,NA,NA,NA,NA,31,NA,NA,NA,100,25,0,NA,0,NA,12,NA,NA,79,NA,NA,NA,47,17,NA,NA,NA,96,NA,66,NA,NA,NA,30,NA,NA,66,38,34,NA,84,NA,2,NA,73,NA,NA,NA,NA,NA,57,NA,NA,NA,NA,21,NA,NA,NA,NA,NA,NA,NA,100,NA,NA,NA,NA,85,NA,NA,NA,NA,NA,NA,NA,91,65,NA,31,100,72,NA,NA,NA,62,NA,NA,NA
"https://uploads8.wikiart.org/images/pierre-puvis-de-chavannes/the-poor-fisherman.jpg",NA,NA,NA,NA,NA,NA,NA,NA,NA,NA,28,86,NA,NA,100,97,NA,66,NA,NA,NA,NA,NA,NA,NA,NA,9,NA,NA,NA,NA,74,NA,NA,NA,68,65,NA,NA,NA,38,NA,NA,NA,77,0,26,NA,NA,70,77,65,37,NA,NA,95,NA,43,NA,NA,NA,NA,37,NA,42,NA,NA,NA,100,NA,57,NA,29,NA,NA,NA,NA,NA,65,NA,NA,44,NA,41,NA,NA,NA,NA,NA,NA,30,NA,66,NA,NA,NA,NA,NA,42,65
"https://uploads8.wikiart.org/images/gustave-moreau/the-sphinx-1864.jpg",NA,NA,NA,NA,NA,8,70,NA,NA,NA,12,NA,90,NA,NA,83,NA,NA,NA,NA,NA,76,NA,74,35,NA,NA,NA,NA,NA,NA,71,NA,38,NA,NA,NA,NA,NA,NA,63,51,NA,NA,37,NA,NA,NA,NA,NA,NA,59,30,NA,100,NA,NA,NA,NA,NA,NA,94,NA,13,NA,55,83,43,NA,NA,NA,NA,NA,NA,NA,62,66,21,NA,NA,NA,NA,NA,63,NA,NA,NA,92,73,NA,NA,56,83,NA,76,100,NA,NA,NA,NA
"https://uploads8.wikiart.org/images/william-holman-hunt/christ-and-the-two-marys.jpg",23,15,NA,80,NA,NA,NA,NA,NA,100,100,94,92,NA,NA,NA,40,76,NA,NA,100,NA,NA,NA,97,NA,NA,NA,3,NA,93,NA,45,50,23,NA,18,NA,NA,NA,NA,NA,NA,51,NA,NA,NA,NA,NA,NA,NA,68,NA,NA,NA,88,NA,NA,NA,10,NA,NA,NA,NA,23,NA,NA,NA,NA,NA,NA,0,NA,NA,100,NA,67,NA,94,NA,NA,NA,NA,6,57,NA,NA,NA,NA,89,NA,NA,NA,78,NA,NA,62,NA,53,NA
"https://uploads8.wikiart.org/images/arnold-b-cklin/the-isle-of-the-dead-1883.jpg!HD.jpg",NA,NA,NA,83,NA,NA,NA,NA,NA,NA,NA,61,72,100,NA,NA,NA,73,81,22,100,NA,NA,NA,NA,99,NA,NA,NA,88,NA,NA,47,NA,NA,NA,64,62,92,NA,NA,NA,NA,NA,69,68,93,NA,NA,NA,72,NA,NA,NA,88,NA,NA,NA,NA,66,NA,NA,NA,72,NA,NA,68,NA,NA,56,NA,51,NA,NA,NA,NA,NA,50,NA,NA,71,NA,65,NA,NA,NA,NA,NA,NA,NA,NA,88,NA,NA,NA,0,NA,NA,NA,100
"https://uploads8.wikiart.org/images/odilon-redon/fallen-angel-looking-at-at-cloud.jpg",31,NA,51,65,NA,NA,NA,NA,3,100,NA,NA,NA,88,NA,NA,NA,NA,NA,NA,NA,NA,NA,87,NA,NA,NA,76,41,NA,24,73,NA,NA,11,NA,NA,65,87,47,NA,NA,NA,NA,13,NA,32,NA,NA,NA,45,NA,NA,27,NA,75,NA,30,NA,NA,0,NA,21,NA,NA,26,NA,27,NA,NA,NA,NA,NA,31,NA,NA,31,NA,NA,NA,NA,NA,65,41,NA,62,NA,55,NA,3,NA,NA,NA,29,77,NA,NA,65,51,NA
"https://uploads8.wikiart.org/images/albert-pinkham-ryder/pegasus-departing-1901.jpg",NA,NA,NA,71,NA,NA,NA,43,NA,NA,21,NA,63,NA,NA,NA,NA,NA,NA,NA,NA,NA,NA,81,NA,NA,NA,NA,NA,NA,NA,NA,NA,NA,76,NA,NA,34,NA,NA,52,33,62,97,NA,NA,NA,NA,NA,NA,NA,NA,NA,1,83,NA,52,NA,NA,NA,32,NA,NA,NA,51,NA,NA,58,NA,NA,NA,12,NA,NA,76,NA,NA,NA,NA,NA,NA,NA,39,NA,NA,64,100,NA,NA,16,NA,NA,NA,21,71,NA,NA,67,NA,NA
"https://uploads8.wikiart.org/images/luc-olivier-merson/fame-la-renomme-e-27-x-33-cm-1889.jpg",NA,NA,87,NA,NA,NA,NA,51,NA,100,NA,100,NA,NA,NA,NA,NA,NA,NA,38,NA,55,NA,NA,NA,NA,NA,NA,62,90,89,77,NA,61,NA,77,NA,59,NA,NA,60,80,NA,79,NA,NA,NA,79,NA,31,NA,NA,29,36,75,65,NA,NA,NA,NA,NA,77,NA,NA,60,NA,NA,53,100,NA,47,NA,NA,NA,NA,NA,NA,NA,NA,42,NA,NA,NA,NA,44,NA,NA,NA,NA,NA,60,NA,71,76,NA,100,NA,74,NA,NA
"https://uploads8.wikiart.org/images/ferdinand-hodler/overall-study-of-the-life-of-weary.jpg",NA,NA,NA,NA,NA,NA,51,58,NA,NA,0,84,NA,NA,NA,NA,NA,59,35,NA,NA,NA,NA,21,NA,NA,NA,NA,41,NA,NA,70,NA,NA,NA,NA,67,36,50,55,NA,NA,NA,62,22,68,82,NA,42,NA,24,22,NA,NA,0,NA,NA,NA,18,51,NA,42,NA,NA,53,NA,NA,55,NA,NA,54,NA,NA,21,NA,NA,33,65,NA,47,NA,NA,NA,NA,NA,NA,NA,NA,NA,NA,NA,NA,NA,NA,NA,NA,0,NA,NA,60
"https://uploads8.wikiart.org/images/georgy-yakulov/spring-walk-1915.jpg",NA,NA,NA,NA,NA,NA,43,NA,12,NA,NA,NA,NA,NA,NA,83,NA,39,62,51,NA,NA,NA,NA,NA,NA,NA,59,NA,NA,NA,NA,58,50,NA,48,NA,NA,NA,NA,56,13,NA,51,NA,NA,63,NA,42,NA,NA,NA,NA,NA,NA,69,NA,NA,20,NA,NA,NA,NA,NA,20,NA,NA,50,NA,NA,NA,NA,NA,57,37,NA,NA,NA,NA,NA,NA,99,NA,NA,NA,NA,73,NA,89,NA,NA,NA,NA,NA,NA,NA,NA,NA,NA,NA
"https://uploads8.wikiart.org/images/jacques-villon/portrait-of-an-actor-f-lix-barr-1913.jpg",NA,NA,NA,NA,NA,NA,NA,NA,NA,NA,21,NA,NA,58,72,NA,NA,NA,NA,2,NA,13,NA,14,NA,100,7,NA,NA,66,NA,51,NA,NA,NA,71,NA,NA,75,50,NA,NA,NA,72,25,NA,12,0,NA,52,NA,NA,NA,NA,25,NA,NA,NA,64,78,NA,NA,60,NA,NA,50,NA,NA,NA,20,NA,60,NA,NA,NA,NA,NA,NA,NA,NA,NA,71,48,NA,NA,NA,NA,31,65,NA,NA,NA,NA,NA,NA,NA,NA,9,NA,NA
"https://uploads8.wikiart.org/images/julio-gonzalez/visage-criant-a-la-grande-main-1941.jpg",NA,NA,51,NA,NA,NA,59,NA,NA,0,0,64,5,NA,70,30,NA,NA,NA,23,NA,NA,NA,NA,NA,NA,NA,NA,NA,NA,NA,42,NA,NA,NA,51,NA,NA,51,19,NA,NA,31,NA,NA,38,25,NA,19,NA,NA,69,25,NA,2,59,67,NA,NA,NA,NA,NA,NA,6,NA,NA,NA,35,NA,NA,NA,NA,22,13,NA,NA,NA,27,29,NA,NA,NA,NA,NA,17,58,NA,18,NA,21,NA,32,NA,NA,NA,100,NA,11,NA,35
"https://uploads8.wikiart.org/images/raoul-dufy/bather-1908.jpg",NA,6,NA,60,61,NA,58,47,NA,NA,NA,69,NA,NA,43,NA,NA,39,NA,NA,NA,NA,NA,NA,22,NA,2,59,NA,NA,NA,63,NA,NA,NA,NA,51,NA,NA,NA,NA,9,NA,NA,NA,NA,NA,NA,NA,NA,NA,58,NA,NA,58,NA,64,NA,NA,NA,NA,NA,NA,58,0,NA,11,NA,NA,NA,NA,NA,NA,NA,50,NA,NA,NA,NA,84,NA,41,NA,62,41,61,61,NA,77,NA,NA,NA,NA,NA,82,NA,NA,NA,NA,NA
"https://uploads8.wikiart.org/images/bela-kadar/still-life-with-chessboard-and-pipe-1920.jpg",NA,17,NA,NA,NA,NA,NA,NA,NA,NA,NA,NA,35,NA,NA,NA,NA,74,NA,17,NA,NA,20,NA,NA,NA,13,37,NA,39,NA,61,NA,NA,NA,NA,NA,NA,NA,NA,NA,61,29,NA,NA,NA,NA,NA,30,70,45,NA,79,NA,NA,NA,NA,NA,NA,NA,5,NA,NA,11,NA,NA,NA,58,NA,NA,NA,50,NA,NA,NA,NA,35,NA,NA,32,NA,68,NA,NA,44,86,NA,NA,84,NA,NA,NA,NA,NA,69,NA,NA,NA,NA,NA
"https://uploads8.wikiart.org/images/louis-marcoussis/violin-bottle-flowers-in-a-glass-and-eight-of-spades-1919.jpg",30,NA,86,NA,NA,14,NA,NA,NA,NA,11,NA,9,53,NA,NA,NA,NA,NA,NA,NA,NA,NA,19,12,NA,10,NA,NA,29,NA,NA,NA,50,NA,36,26,72,NA,NA,NA,NA,NA,NA,NA,NA,NA,0,13,NA,71,62,NA,NA,NA,NA,NA,62,NA,NA,NA,5,58,NA,NA,77,21,50,NA,31,NA,50,49,NA,100,NA,NA,53,NA,NA,NA,NA,NA,21,45,NA,NA,NA,82,56,NA,NA,NA,NA,NA,NA,0,NA,NA,NA
"https://uploads8.wikiart.org/images/l-opold-survage/l-oiseau-1915.jpg",51,13,NA,NA,NA,NA,NA,NA,27,100,NA,NA,NA,NA,61,NA,76,NA,46,81,NA,NA,19,NA,NA,NA,7,NA,NA,NA,14,NA,NA,NA,NA,NA,NA,NA,NA,NA,NA,39,19,NA,NA,NA,NA,26,37,NA,71,NA,NA,69,NA,53,NA,NA,NA,59,NA,9,NA,NA,28,NA,NA,NA,NA,NA,NA,NA,44,25,51,51,NA,NA,NA,NA,NA,NA,NA,NA,NA,81,NA,NA,NA,NA,NA,45,64,NA,NA,100,NA,8,0,51
"https://uploads1.wikiart.org/00334/images/maria-blanchard/le-monogramme-1916.jpg!HD.jpg",NA,NA,NA,NA,67,NA,NA,50,8,NA,25,44,NA,35,NA,NA,NA,NA,NA,79,NA,NA,8,NA,19,NA,NA,NA,NA,NA,NA,54,NA,59,84,61,NA,NA,NA,NA,NA,NA,44,NA,NA,NA,34,NA,NA,NA,NA,NA,NA,16,NA,NA,NA,56,51,NA,NA,NA,37,16,NA,26,NA,NA,NA,NA,NA,NA,NA,NA,49,NA,36,NA,NA,NA,NA,62,NA,26,NA,NA,NA,NA,NA,NA,NA,NA,NA,NA,NA,1,NA,NA,NA,NA
"https://uploads8.wikiart.org/images/patrick-henry-bruce/painting-1930.jpg",72,NA,NA,63,NA,NA,NA,22,NA,NA,NA,52,15,67,NA,NA,NA,71,NA,NA,72,NA,NA,NA,NA,NA,NA,NA,NA,NA,NA,NA,NA,NA,NA,NA,28,NA,79,NA,57,NA,NA,NA,NA,NA,31,NA,NA,38,NA,NA,NA,24,NA,27,NA,55,NA,51,NA,4,44,NA,NA,NA,12,NA,74,NA,NA,NA,NA,NA,NA,NA,42,46,61,NA,63,86,NA,19,39,83,NA,NA,69,NA,87,NA,NA,NA,NA,100,NA,7,19,52
"https://uploads8.wikiart.org/images/pablo-picasso/composition-with-skull-1908.jpg",59,NA,61,NA,NA,NA,NA,NA,51,NA,NA,NA,NA,NA,79,NA,NA,79,NA,51,NA,17,13,NA,NA,NA,14,NA,NA,NA,NA,NA,NA,NA,NA,NA,NA,NA,NA,31,NA,NA,NA,65,NA,NA,NA,NA,NA,NA,88,NA,NA,NA,NA,NA,67,54,51,NA,NA,1,NA,NA,NA,NA,NA,NA,NA,NA,51,50,NA,NA,NA,NA,31,61,24,56,37,NA,NA,NA,NA,69,NA,28,51,66,90,NA,NA,76,NA,NA,NA,3,3,57
"https://uploads6.wikiart.org/00257/images/cassius-marcellus-coolidge/a-friend-in-need-1903-c-m-coolidge.jpg!Large.jpg",NA,100,NA,NA,NA,22,NA,84,NA,100,NA,NA,59,100,100,NA,NA,57,NA,NA,NA,NA,NA,NA,NA,NA,35,NA,NA,NA,NA,NA,NA,63,NA,74,NA,NA,79,NA,NA,NA,NA,NA,NA,37,NA,NA,NA,NA,57,74,NA,32,100,100,NA,NA,NA,NA,23,NA,NA,53,49,NA,NA,NA,NA,NA,47,NA,NA,84,100,50,67,47,NA,NA,NA,NA,42,97,NA,NA,37,NA,NA,76,78,NA,NA,84,NA,NA,100,NA,NA,NA
"https://uploads8.wikiart.org/images/harrison-fisher/untitled-32.jpg",NA,NA,NA,87,NA,NA,NA,60,54,NA,NA,NA,NA,97,NA,NA,NA,NA,85,NA,NA,59,100,NA,85,NA,NA,NA,NA,NA,82,NA,58,NA,74,NA,NA,NA,NA,29,NA,NA,65,NA,NA,NA,NA,67,NA,NA,NA,NA,81,2,77,NA,58,25,NA,NA,60,11,NA,NA,NA,69,99,57,NA,83,NA,NA,NA,NA,NA,55,NA,88,NA,NA,84,NA,54,NA,NA,NA,NA,NA,NA,NA,NA,NA,NA,69,NA,NA,NA,NA,NA,NA
"https://uploads1.wikiart.org/00137/images/frank-xavier-leyendecker/mending-the-pirate-flag.jpg!HalfHD.jpg",NA,NA,52,NA,89,96,91,70,NA,NA,NA,NA,NA,NA,NA,80,NA,NA,NA,NA,NA,NA,60,NA,NA,16,NA,NA,40,NA,NA,NA,40,NA,73,63,NA,82,NA,28,NA,51,86,NA,NA,67,79,31,32,NA,72,NA,NA,NA,NA,NA,NA,NA,NA,61,NA,19,64,NA,NA,NA,70,NA,20,NA,NA,39,NA,65,100,NA,NA,NA,NA,NA,NA,66,NA,NA,NA,NA,NA,NA,NA,NA,NA,86,NA,51,79,NA,NA,NA,NA,NA
"https://uploads4.wikiart.org/00307/images/jessie-arms-botke/ducks-1920.jpg!Large.jpg",43,50,NA,NA,NA,30,NA,NA,NA,100,NA,100,NA,NA,NA,30,NA,NA,75,74,NA,NA,85,19,NA,NA,NA,NA,NA,76,82,NA,66,NA,83,69,NA,57,NA,NA,NA,NA,NA,NA,NA,NA,NA,NA,NA,NA,NA,64,NA,NA,58,NA,NA,NA,NA,52,28,47,61,NA,NA,NA,NA,NA,100,NA,NA,NA,NA,86,NA,NA,NA,NA,NA,NA,NA,NA,58,NA,NA,NA,NA,NA,NA,83,NA,NA,NA,NA,NA,NA,NA,63,NA,NA
"https://uploads1.wikiart.org/00220/images/haddon-sundbloom/h1097-l86448450.jpg!Large.jpg",NA,NA,53,NA,NA,NA,NA,NA,NA,NA,97,NA,51,NA,NA,97,NA,NA,63,NA,100,95,NA,NA,NA,93,65,NA,100,NA,NA,76,NA,60,NA,67,NA,NA,50,53,NA,38,58,NA,NA,NA,NA,NA,NA,NA,NA,NA,72,NA,NA,80,51,25,NA,NA,NA,NA,66,67,43,NA,74,NA,NA,NA,NA,0,37,NA,NA,NA,NA,78,51,NA,NA,NA,NA,NA,63,50,57,NA,NA,8,NA,NA,NA,NA,NA,100,19,68,NA,75
"https://uploads1.wikiart.org/00243/images/konrad-zuse/6332-80x55.jpg!PinterestSmall.jpg",NA,NA,NA,NA,NA,NA,NA,NA,57,NA,2,95,NA,27,NA,NA,79,NA,NA,85,NA,88,NA,NA,NA,NA,NA,NA,NA,NA,NA,NA,NA,NA,NA,NA,NA,79,NA,54,69,NA,NA,73,NA,NA,NA,NA,NA,99,NA,NA,NA,NA,47,NA,NA,NA,NA,NA,NA,NA,NA,NA,25,NA,73,66,NA,61,NA,50,46,NA,73,53,NA,NA,28,NA,NA,NA,72,70,NA,62,79,NA,72,57,NA,NA,NA,NA,NA,NA,NA,NA,22,NA
"https://uploads5.wikiart.org/00231/images/vladimir-tretchikoff/at244945002.jpg!Portrait.jpg",26,NA,64,79,85,38,35,NA,NA,NA,NA,NA,NA,NA,NA,96,NA,55,NA,0,NA,31,NA,NA,NA,NA,NA,30,NA,98,26,70,38,NA,NA,NA,NA,36,NA,NA,NA,NA,NA,68,NA,57,NA,NA,NA,NA,NA,59,NA,NA,NA,NA,NA,44,NA,NA,NA,NA,NA,13,NA,NA,NA,NA,NA,70,NA,NA,NA,62,NA,NA,74,NA,51,NA,NA,87,NA,NA,45,67,NA,41,NA,NA,61,92,76,NA,74,NA,NA,NA,40,NA
"https://uploads8.wikiart.org/00307/images/frank-frazetta/a-princess-of-mars.jpg",NA,67,NA,NA,NA,NA,NA,81,NA,NA,NA,NA,NA,NA,NA,NA,NA,65,60,73,NA,100,1,76,NA,51,NA,0,65,NA,NA,NA,NA,NA,NA,60,NA,NA,NA,NA,NA,30,76,53,NA,38,NA,NA,66,NA,72,NA,23,NA,NA,NA,68,0,NA,NA,87,NA,NA,NA,NA,77,NA,50,82,NA,51,12,25,NA,81,NA,69,NA,NA,NA,73,NA,NA,69,NA,NA,NA,97,NA,NA,NA,100,76,NA,NA,NA,86,NA,NA,NA
"https://uploads1.wikiart.org/00311/images/mahmoud-farshchian/c9150b9cd75fd48238dbdaff6e0f74e8.jpg!Large.jpg",29,35,NA,NA,77,NA,74,NA,NA,NA,58,NA,66,NA,39,NA,NA,NA,NA,NA,NA,29,NA,NA,16,100,NA,NA,NA,NA,NA,NA,NA,54,NA,75,NA,NA,NA,NA,NA,70,67,NA,NA,NA,84,76,30,NA,61,NA,NA,NA,NA,74,NA,NA,NA,NA,NA,NA,84,NA,NA,NA,19,59,NA,NA,55,NA,57,NA,66,NA,NA,68,NA,NA,NA,NA,NA,40,NA,NA,NA,NA,NA,67,NA,87,88,NA,NA,100,NA,NA,NA,89
"https://uploads8.wikiart.org/images/thomas-kinkade/san-francisco-market-street-1994.jpg",NA,NA,72,NA,NA,14,NA,72,NA,100,NA,NA,58,100,NA,NA,68,59,83,NA,NA,NA,100,91,NA,NA,NA,NA,NA,NA,NA,NA,77,NA,83,NA,NA,NA,NA,NA,NA,NA,NA,78,NA,73,NA,NA,NA,NA,57,NA,78,NA,93,NA,NA,NA,NA,NA,NA,79,NA,NA,NA,NA,NA,NA,NA,100,NA,NA,82,62,NA,NA,NA,NA,NA,NA,NA,100,76,NA,NA,NA,84,82,64,NA,NA,NA,NA,NA,NA,NA,NA,NA,69,NA
"https://uploads0.wikiart.org/00276/images/giovanni-battista-gaulli/the-apotheosis-of-st-ignatius.jpg!Blog.jpg",51,33,88,NA,NA,NA,NA,NA,NA,NA,NA,NA,NA,100,NA,NA,70,NA,NA,NA,NA,NA,14,76,NA,NA,NA,37,NA,NA,85,100,45,69,88,NA,NA,NA,NA,NA,NA,NA,NA,NA,NA,NA,82,NA,NA,47,NA,NA,27,22,NA,NA,NA,NA,NA,NA,NA,63,NA,25,30,81,NA,NA,NA,NA,NA,NA,NA,23,81,NA,NA,NA,NA,46,NA,NA,NA,NA,NA,NA,66,NA,NA,NA,NA,NA,NA,15,NA,NA,NA,NA,NA,NA
"https://uploads8.wikiart.org/images/rosalba-carriera/a-gentleman-in-a-gold-patterned-coat-and-violet-brown-cape-1727.jpg",NA,28,NA,NA,NA,NA,NA,NA,NA,NA,NA,NA,NA,NA,NA,100,90,NA,NA,26,0,NA,NA,NA,NA,100,NA,NA,NA,NA,83,NA,NA,NA,NA,NA,NA,NA,NA,NA,NA,16,NA,NA,NA,NA,NA,NA,NA,NA,NA,39,NA,12,NA,42,56,NA,NA,NA,NA,NA,69,NA,56,NA,68,51,39,70,NA,0,NA,77,NA,NA,NA,NA,NA,NA,82,NA,NA,NA,NA,NA,NA,94,NA,97,NA,NA,NA,28,58,0,52,76,NA,NA
"https://uploads8.wikiart.org/images/antoine-pesne/reception-of-august-the-strong-in-the-berlin-city-palaces-1729.jpg",29,NA,NA,84,93,NA,NA,NA,16,50,74,NA,56,NA,NA,NA,88,78,NA,NA,NA,NA,15,NA,67,NA,NA,NA,58,NA,NA,NA,NA,NA,96,NA,43,NA,NA,NA,NA,NA,NA,NA,NA,NA,NA,NA,NA,NA,34,40,NA,NA,NA,67,51,NA,NA,NA,NA,73,NA,NA,NA,64,86,NA,NA,74,48,0,NA,NA,83,54,NA,95,60,48,NA,NA,NA,NA,NA,NA,NA,NA,NA,58,71,NA,NA,NA,NA,NA,NA,83,NA,100
"https://uploads6.wikiart.org/00308/images/jean-baptiste-van-loo/jean-baptiste-van-loo-le-bain-de-diane.jpg!HD.jpg",NA,12,NA,NA,NA,NA,NA,NA,NA,100,NA,96,NA,NA,NA,NA,75,77,NA,NA,NA,NA,NA,NA,7,8,0,0,NA,NA,NA,NA,NA,48,NA,NA,51,NA,87,26,NA,79,38,NA,NA,86,NA,NA,NA,NA,NA,NA,NA,NA,NA,NA,NA,NA,NA,NA,NA,NA,NA,NA,NA,NA,85,NA,NA,78,53,NA,NA,NA,NA,NA,88,NA,NA,NA,73,NA,NA,NA,42,NA,NA,NA,79,NA,NA,NA,NA,NA,NA,NA,NA,NA,NA,NA
"https://uploads8.wikiart.org/images/antoine-watteau/faun-1708.jpg",NA,12,NA,NA,NA,NA,NA,66,NA,NA,NA,NA,87,NA,NA,13,NA,NA,NA,NA,NA,36,NA,NA,NA,100,NA,NA,86,77,87,NA,NA,NA,80,NA,NA,NA,65,31,65,NA,NA,NA,NA,NA,NA,87,NA,NA,34,NA,NA,NA,NA,NA,56,NA,NA,NA,NA,NA,NA,NA,NA,NA,NA,NA,NA,NA,NA,NA,NA,NA,NA,NA,72,NA,NA,NA,NA,NA,32,NA,NA,NA,NA,95,99,NA,71,NA,NA,NA,NA,0,NA,NA,40,100
"https://uploads8.wikiart.org/images/jean-marc-nattier/die-liebenden-1744.jpg",NA,NA,60,NA,73,12,NA,NA,NA,NA,NA,81,NA,NA,58,NA,NA,78,NA,NA,100,NA,NA,NA,NA,89,NA,0,NA,NA,NA,NA,NA,49,NA,64,NA,NA,NA,60,NA,NA,NA,NA,NA,NA,89,79,NA,NA,NA,60,NA,NA,NA,NA,NA,NA,NA,NA,NA,60,NA,NA,NA,50,NA,NA,NA,NA,NA,0,56,NA,NA,63,NA,90,64,63,69,NA,NA,NA,NA,NA,NA,72,73,78,80,NA,NA,76,69,0,36,NA,NA,83
"https://uploads3.wikiart.org/00366/images/jean-baptiste-oudry/jean-baptiste-oudry-abundance-1719-meisterdrucke-51603.jpg!HalfHD.jpg",NA,NA,NA,NA,99,13,NA,NA,NA,NA,94,NA,78,NA,NA,79,NA,NA,NA,28,NA,NA,NA,NA,NA,NA,30,NA,NA,NA,NA,NA,58,NA,77,NA,NA,NA,NA,27,NA,90,NA,NA,NA,NA,NA,61,NA,NA,NA,58,NA,40,NA,85,NA,NA,NA,NA,NA,NA,NA,NA,NA,NA,NA,NA,NA,NA,75,0,NA,68,NA,NA,NA,90,66,59,NA,NA,57,43,NA,NA,40,74,NA,NA,NA,NA,73,80,NA,0,NA,NA,NA,NA
"https://uploads6.wikiart.org/00250/images/giambattista-pittoni/giovanni-battista-pittoni-the-apotheosis-of-saint-jerome-with-saint-peter-of-alcantara-and-an.jpg!HalfHD.jpg",NA,35,65,NA,NA,NA,NA,NA,11,100,NA,NA,82,NA,NA,80,NA,93,NA,83,NA,NA,NA,87,57,NA,NA,NA,NA,NA,NA,81,NA,NA,NA,NA,NA,74,87,NA,52,NA,NA,78,NA,NA,76,100,NA,1,NA,56,NA,23,NA,NA,NA,NA,25,NA,NA,100,NA,NA,71,NA,NA,NA,NA,NA,54,NA,NA,64,76,74,NA,NA,NA,NA,78,95,40,NA,NA,NA,NA,NA,NA,NA,33,NA,NA,NA,70,NA,24,NA,NA,95
"https://uploads2.wikiart.org/00308/images/francois-lemoyne/fran-ois-lemoyne-l-apoth-ose-d-hercule-google-art-project.jpg!HD.jpg",NA,37,NA,NA,NA,NA,NA,51,NA,NA,NA,NA,100,NA,43,NA,83,NA,NA,NA,NA,NA,NA,NA,NA,85,65,NA,NA,NA,87,NA,NA,76,NA,NA,NA,40,NA,NA,NA,72,NA,NA,NA,NA,NA,NA,NA,NA,NA,NA,NA,36,NA,NA,66,NA,NA,NA,NA,NA,NA,74,NA,81,65,64,NA,NA,NA,0,NA,NA,NA,100,NA,NA,88,63,93,NA,NA,NA,56,NA,NA,NA,NA,NA,NA,83,77,71,NA,100,NA,NA,60,NA
"https://uploads8.wikiart.org/images/giovanni-battista-tiepolo/the-force-of-eloquence-bellerophon-and-pegasus.jpg",NA,NA,97,73,NA,NA,75,69,NA,100,84,NA,NA,NA,NA,NA,81,NA,NA,71,NA,NA,NA,NA,NA,NA,NA,NA,NA,81,81,NA,NA,NA,NA,NA,20,NA,NA,18,NA,NA,NA,NA,NA,NA,86,69,41,90,NA,NA,NA,NA,NA,NA,NA,37,NA,NA,NA,57,NA,22,NA,NA,NA,64,NA,NA,NA,NA,NA,68,NA,NA,NA,NA,NA,NA,NA,89,NA,NA,NA,63,NA,NA,NA,NA,NA,NA,75,NA,NA,NA,33,77,56,81
"https://uploads8.wikiart.org/images/henryk-berlewi/circle-composition.jpg",NA,NA,70,NA,NA,61,14,NA,18,0,NA,NA,41,NA,NA,NA,NA,73,NA,NA,NA,81,65,17,NA,NA,NA,NA,NA,NA,NA,NA,NA,NA,NA,NA,45,NA,73,5,68,2,41,NA,19,51,NA,10,NA,32,NA,NA,74,0,NA,NA,NA,NA,NA,57,NA,0,NA,NA,NA,7,19,NA,NA,15,NA,50,50,NA,NA,NA,NA,NA,NA,NA,NA,NA,NA,NA,NA,NA,NA,NA,NA,NA,20,57,NA,19,NA,100,29,67,NA,NA
"https://uploads8.wikiart.org/images/m-c-escher/not_detected_204652.jpg",NA,NA,51,NA,46,NA,NA,51,NA,0,NA,NA,NA,NA,NA,NA,NA,NA,37,43,NA,13,NA,4,26,100,NA,NA,32,44,NA,NA,NA,NA,87,NA,NA,NA,NA,NA,NA,8,NA,NA,NA,NA,NA,NA,20,51,NA,NA,82,NA,38,63,67,43,51,NA,NA,NA,NA,12,NA,NA,NA,NA,28,NA,51,NA,49,NA,NA,39,NA,NA,NA,NA,NA,78,NA,NA,61,69,NA,NA,NA,NA,NA,NA,NA,75,NA,NA,NA,NA,NA,50
"https://uploads8.wikiart.org/images/hans-hinterreiter/studie-406-1937.jpg",NA,NA,NA,NA,46,NA,24,NA,5,NA,15,50,NA,NA,NA,NA,NA,NA,46,NA,NA,NA,NA,27,NA,NA,NA,NA,NA,NA,NA,NA,NA,NA,NA,NA,NA,40,NA,45,NA,NA,11,90,NA,40,NA,NA,NA,NA,27,NA,NA,NA,NA,NA,NA,NA,NA,NA,0,NA,53,12,NA,NA,13,NA,20,50,NA,50,51,NA,NA,NA,36,NA,NA,29,NA,NA,NA,58,NA,NA,NA,NA,NA,36,85,NA,NA,52,NA,100,5,5,NA,NA
"https://uploads8.wikiart.org/images/victor-vasarely/the-chess-board-1935.jpg",NA,11,61,66,NA,NA,33,NA,NA,NA,40,NA,NA,NA,25,NA,NA,NA,57,NA,NA,46,NA,27,23,100,53,NA,62,NA,NA,NA,NA,58,25,NA,NA,78,NA,5,NA,NA,NA,NA,NA,NA,NA,NA,NA,NA,31,76,NA,NA,79,NA,58,45,NA,42,6,NA,NA,NA,0,NA,NA,NA,NA,51,NA,NA,NA,NA,NA,NA,NA,54,NA,NA,NA,NA,NA,NA,65,NA,NA,NA,NA,56,NA,39,NA,NA,NA,NA,73,NA,50,NA
"https://uploads2.wikiart.org/images/lothar-charoux/untitled-1980(1).jpg!Large.jpg",51,NA,NA,NA,NA,NA,35,NA,NA,NA,NA,NA,NA,23,NA,NA,NA,37,NA,20,NA,NA,NA,NA,NA,72,34,NA,NA,NA,NA,55,NA,NA,NA,NA,NA,NA,NA,NA,NA,NA,NA,NA,NA,NA,NA,NA,NA,NA,NA,NA,86,51,NA,NA,NA,54,NA,NA,NA,1,NA,NA,NA,56,NA,NA,NA,NA,32,NA,46,NA,NA,NA,71,53,NA,NA,15,100,NA,NA,50,NA,70,NA,76,NA,NA,NA,NA,25,NA,NA,NA,NA,NA,NA
"https://uploads8.wikiart.org/images/gego/untitled-1966-3.jpg",NA,NA,NA,NA,NA,NA,NA,NA,0,NA,NA,NA,NA,NA,NA,73,73,NA,NA,NA,NA,NA,NA,NA,0,NA,NA,NA,59,9,21,53,33,55,NA,67,28,NA,50,NA,52,NA,NA,NA,5,NA,NA,0,NA,NA,9,NA,33,4,NA,54,NA,NA,NA,NA,0,NA,17,NA,NA,NA,NA,50,NA,NA,56,NA,NA,NA,NA,NA,NA,NA,29,NA,NA,NA,NA,NA,NA,70,NA,37,NA,NA,14,2,43,NA,NA,NA,0,9,NA,NA
"https://uploads8.wikiart.org/images/mario-ballocco/tensioni-formali-da-instabilit-luminosa-1967.jpg",NA,NA,NA,NA,NA,NA,28,59,NA,NA,NA,73,NA,NA,37,NA,NA,61,45,51,NA,NA,NA,27,NA,100,NA,0,NA,NA,NA,59,NA,NA,NA,NA,NA,NA,NA,NA,NA,9,NA,86,NA,NA,NA,NA,NA,NA,NA,NA,NA,NA,NA,NA,51,NA,21,NA,NA,1,75,NA,NA,NA,NA,NA,82,25,8,NA,32,NA,NA,NA,74,49,NA,NA,NA,NA,66,NA,82,NA,NA,NA,NA,NA,NA,NA,NA,NA,NA,NA,NA,8,NA,NA
"https://uploads8.wikiart.org/images/luis-tomasello/atmosph-re-chromoplastique-n-120-1964.jpg",62,NA,NA,NA,NA,2,NA,31,36,NA,NA,NA,NA,NA,NA,NA,NA,NA,NA,18,NA,NA,NA,NA,71,NA,57,NA,NA,35,NA,55,NA,NA,84,NA,NA,NA,NA,NA,NA,1,39,NA,34,56,41,NA,48,22,18,35,NA,5,18,9,52,NA,NA,41,NA,NA,NA,NA,0,23,NA,70,NA,NA,NA,NA,NA,NA,NA,23,NA,NA,NA,NA,NA,NA,NA,NA,NA,NA,NA,NA,87,11,77,NA,NA,NA,45,100,NA,NA,18,NA
"https://uploads8.wikiart.org/images/mario-nigro/spazio-totale-1953.jpg",63,NA,NA,NA,NA,10,NA,NA,NA,NA,NA,NA,66,NA,NA,NA,NA,NA,NA,79,NA,94,NA,78,0,NA,NA,NA,NA,67,NA,NA,40,NA,NA,NA,NA,NA,63,NA,NA,NA,NA,75,NA,63,0,76,NA,NA,5,NA,NA,NA,NA,41,NA,41,28,NA,NA,1,NA,NA,NA,NA,18,55,NA,NA,NA,NA,NA,NA,NA,36,NA,NA,29,NA,NA,NA,NA,57,NA,NA,NA,12,78,13,NA,31,NA,25,NA,NA,65,12,NA,51
"https://uploads8.wikiart.org/images/edna-andrade/atom-cloud-1958.jpg",NA,8,NA,NA,59,NA,32,NA,26,50,52,76,57,NA,NA,NA,NA,NA,NA,NA,NA,19,16,NA,NA,NA,NA,84,49,NA,NA,NA,37,63,NA,NA,NA,NA,NA,NA,72,NA,NA,NA,NA,NA,NA,NA,NA,83,NA,NA,NA,NA,6,NA,53,59,NA,NA,NA,NA,NA,66,21,NA,14,NA,73,40,77,NA,50,NA,NA,NA,NA,NA,66,87,60,95,62,51,54,NA,NA,59,NA,NA,NA,60,NA,NA,38,100,NA,NA,35,85
"https://uploads8.wikiart.org/images/bill-traylor/untitled-blue-man-on-red-object-1939.jpg",NA,NA,NA,NA,NA,NA,NA,51,0,NA,NA,NA,NA,NA,NA,90,34,NA,NA,NA,NA,64,NA,NA,NA,NA,NA,NA,30,32,NA,NA,NA,NA,NA,NA,56,NA,NA,NA,NA,NA,NA,51,19,11,NA,NA,NA,NA,NA,NA,NA,NA,NA,NA,NA,55,NA,49,5,NA,NA,1,NA,NA,NA,50,NA,30,NA,NA,40,28,75,NA,NA,NA,NA,NA,NA,85,NA,16,NA,NA,62,31,NA,3,NA,NA,NA,79,62,NA,0,NA,NA,98
"https://uploads8.wikiart.org/images/louis-wain/untitled-5.jpg",NA,NA,NA,97,NA,45,NA,NA,NA,100,67,NA,NA,12,NA,76,NA,NA,NA,84,NA,NA,NA,25,96,NA,59,NA,NA,90,NA,NA,NA,NA,NA,84,78,NA,64,68,NA,NA,NA,NA,NA,NA,NA,NA,NA,NA,59,NA,NA,NA,NA,NA,NA,NA,NA,NA,NA,NA,73,NA,48,NA,NA,NA,NA,NA,NA,NA,NA,NA,78,NA,69,NA,NA,NA,NA,64,NA,63,75,NA,NA,58,NA,57,NA,NA,NA,50,NA,NA,NA,NA,NA,64
"https://uploads4.wikiart.org/00152/images/adolf-wolfli/irren-anstalt-band-hain-1910.jpg!Large.jpg",50,NA,NA,NA,NA,NA,42,NA,NA,NA,4,70,71,NA,NA,NA,NA,NA,68,NA,73,NA,NA,NA,9,NA,NA,NA,NA,NA,NA,65,46,58,83,70,NA,NA,NA,NA,55,NA,NA,NA,NA,NA,NA,NA,62,NA,73,NA,NA,NA,NA,NA,NA,NA,NA,71,NA,NA,NA,NA,31,NA,NA,NA,73,NA,48,NA,NA,58,NA,NA,59,NA,NA,NA,NA,NA,NA,32,NA,66,NA,30,NA,55,NA,NA,91,NA,91,NA,NA,11,NA,NA
"https://uploads8.wikiart.org/images/august-natterer/wappen.jpg",NA,22,NA,NA,NA,68,NA,31,5,NA,NA,NA,NA,NA,NA,NA,NA,32,NA,23,NA,82,NA,NA,NA,NA,NA,NA,41,NA,NA,NA,36,NA,NA,49,27,NA,NA,NA,58,NA,NA,NA,33,NA,NA,68,NA,NA,NA,NA,NA,NA,NA,NA,NA,36,NA,NA,14,3,NA,NA,NA,79,21,51,NA,NA,51,50,NA,61,50,NA,NA,51,NA,NA,NA,49,NA,24,NA,NA,76,NA,NA,NA,NA,NA,70,NA,NA,NA,NA,18,30,NA
"https://uploads8.wikiart.org/images/louis-soutter/for-t-1942.jpg",NA,NA,93,15,NA,NA,19,NA,2,NA,NA,NA,NA,NA,NA,NA,NA,NA,NA,NA,NA,NA,0,NA,NA,75,NA,30,66,NA,NA,NA,NA,28,NA,NA,NA,NA,NA,60,NA,59,NA,NA,19,5,NA,NA,14,NA,NA,68,NA,NA,NA,NA,NA,51,36,NA,0,NA,NA,11,0,NA,NA,NA,NA,16,NA,27,NA,NA,NA,NA,NA,NA,46,NA,58,NA,12,35,NA,79,65,NA,76,NA,82,NA,NA,NA,NA,NA,NA,6,NA,NA
"https://uploads7.wikiart.org/00243/images/clementine-hunter/2016-28-9.jpg!Large.jpg",NA,10,NA,55,NA,0,61,84,2,NA,NA,NA,NA,NA,NA,NA,NA,68,55,NA,NA,0,78,NA,61,100,NA,NA,NA,NA,NA,NA,NA,NA,NA,33,NA,33,NA,26,NA,4,NA,63,NA,NA,81,9,NA,NA,NA,NA,NA,NA,NA,NA,53,55,NA,NA,NA,NA,NA,NA,25,27,NA,65,74,19,NA,NA,NA,30,83,NA,NA,NA,NA,NA,NA,NA,NA,30,NA,NA,NA,NA,77,NA,NA,NA,NA,NA,63,NA,NA,NA,NA,44
"https://uploads8.wikiart.org/images/henry-darger/human-headed-blengins-of-calverine-island-catherine-isles.jpg",NA,NA,NA,63,NA,NA,32,NA,NA,NA,NA,NA,NA,NA,NA,NA,63,NA,NA,NA,NA,NA,18,23,NA,NA,NA,NA,61,17,NA,NA,NA,NA,38,68,51,NA,53,76,NA,NA,61,NA,NA,NA,78,NA,NA,NA,63,NA,34,NA,0,NA,NA,32,NA,NA,0,3,NA,NA,13,58,17,NA,NA,44,NA,24,NA,24,NA,NA,NA,NA,65,NA,NA,NA,46,NA,NA,NA,77,NA,83,NA,NA,NA,NA,NA,47,NA,35,NA,NA,NA
"https://uploads8.wikiart.org/images/friedrich-schroder-sonnenstern/the-mass-demon-1954.jpg",41,NA,73,NA,NA,NA,NA,NA,NA,NA,NA,NA,NA,6,NA,NA,32,7,NA,NA,91,NA,NA,NA,NA,NA,NA,74,74,NA,NA,NA,NA,NA,12,NA,22,NA,74,NA,NA,NA,NA,NA,NA,NA,NA,NA,NA,NA,NA,NA,NA,NA,NA,NA,NA,NA,NA,NA,NA,1,NA,NA,NA,NA,NA,NA,NA,20,NA,NA,NA,34,NA,NA,NA,NA,75,NA,NA,NA,11,NA,NA,NA,NA,31,NA,NA,NA,NA,NA,11,24,NA,NA,NA,9,16
"https://uploads5.wikiart.org/00237/images/william-hawkins/screen-shot-2019-05-22-at-10-18-35-am.png!Large.png",32,NA,NA,NA,61,NA,NA,NA,NA,NA,NA,NA,37,NA,NA,NA,37,33,NA,NA,92,NA,NA,72,0,100,NA,15,NA,NA,NA,NA,21,NA,NA,NA,NA,NA,51,15,NA,40,NA,NA,NA,NA,NA,NA,NA,29,34,34,NA,NA,NA,NA,NA,NA,NA,NA,14,NA,28,NA,NA,NA,NA,NA,NA,24,NA,NA,NA,NA,50,50,NA,NA,NA,NA,NA,NA,NA,NA,NA,NA,44,NA,NA,NA,NA,NA,NA,NA,NA,NA,NA,NA,0,NA
"https://uploads8.wikiart.org/images/jean-dubuffet/subway.jpg",25,NA,NA,NA,NA,NA,NA,NA,NA,NA,NA,74,NA,NA,68,NA,NA,NA,44,NA,NA,NA,NA,NA,NA,NA,NA,NA,NA,37,69,NA,NA,NA,NA,30,NA,NA,NA,NA,NA,NA,66,28,NA,14,NA,NA,NA,53,NA,61,77,NA,NA,NA,52,73,NA,NA,NA,NA,NA,NA,42,NA,NA,NA,NA,33,NA,NA,34,NA,NA,NA,37,NA,NA,30,NA,52,NA,NA,NA,NA,NA,NA,NA,NA,NA,NA,NA,NA,NA,NA,29,NA,2,40
"https://uploads0.wikiart.org/images/shozo-shimamoto/unknown-title.jpg!Large.jpg",NA,NA,NA,NA,NA,21,NA,NA,NA,NA,NA,NA,NA,84,18,96,74,NA,62,NA,NA,NA,53,NA,0,NA,NA,NA,NA,NA,15,44,NA,NA,NA,NA,59,NA,NA,NA,NA,NA,NA,NA,NA,NA,73,NA,NA,NA,NA,NA,NA,NA,NA,NA,NA,NA,NA,NA,2,NA,NA,NA,NA,77,NA,45,NA,NA,NA,51,40,NA,NA,53,NA,NA,NA,54,NA,NA,NA,NA,NA,NA,NA,29,NA,NA,NA,59,NA,NA,71,NA,NA,3,NA,NA
"https://uploads8.wikiart.org/images/se-ok-suh/people.jpg",NA,NA,NA,17,55,5,39,35,NA,NA,0,NA,6,NA,NA,36,NA,NA,NA,NA,NA,23,0,23,NA,NA,23,NA,NA,NA,15,NA,NA,NA,NA,NA,58,NA,NA,NA,NA,7,NA,NA,12,NA,NA,8,NA,NA,NA,36,NA,NA,NA,NA,NA,NA,70,NA,NA,NA,NA,NA,26,10,NA,12,NA,NA,NA,NA,43,10,20,NA,NA,48,NA,NA,NA,58,3,NA,55,NA,NA,NA,NA,NA,85,NA,NA,NA,NA,NA,1,NA,NA,41
"https://uploads8.wikiart.org/images/luis-feito/painting-488.jpg",NA,NA,60,8,NA,NA,NA,NA,0,NA,NA,NA,NA,NA,NA,NA,NA,NA,43,28,0,NA,NA,11,NA,NA,NA,0,33,0,NA,NA,NA,NA,31,NA,NA,NA,NA,15,15,NA,NA,51,NA,NA,25,NA,NA,NA,22,NA,NA,NA,0,0,NA,76,NA,NA,0,NA,NA,23,NA,NA,NA,NA,NA,23,NA,NA,NA,NA,NA,NA,NA,NA,25,NA,NA,NA,NA,14,44,65,38,30,NA,NA,NA,NA,NA,51,51,0,NA,NA,NA,36
"https://uploads0.wikiart.org/images/samuel-buri/untitled.jpg!Large.jpg",NA,NA,NA,NA,NA,78,16,NA,NA,NA,NA,21,NA,NA,58,NA,NA,NA,10,NA,NA,NA,NA,NA,NA,100,NA,NA,NA,NA,25,NA,27,15,NA,NA,55,NA,51,33,NA,NA,NA,NA,15,NA,NA,NA,NA,43,11,NA,NA,NA,NA,NA,NA,NA,NA,42,NA,NA,NA,19,2,12,NA,NA,NA,15,31,NA,NA,NA,NA,14,NA,NA,NA,NA,NA,10,10,NA,NA,NA,52,NA,NA,57,33,4,NA,NA,NA,0,0,14,NA,NA
"https://uploads8.wikiart.org/images/gil-teixeira-lopes/dizeres-intimos-i.jpg",20,NA,79,29,NA,NA,NA,NA,NA,NA,NA,NA,7,NA,NA,NA,NA,62,18,NA,0,28,NA,26,0,NA,4,NA,NA,NA,NA,NA,61,NA,73,NA,NA,NA,96,NA,NA,NA,NA,NA,39,39,NA,NA,NA,NA,NA,NA,NA,NA,55,NA,NA,NA,34,58,0,3,27,NA,NA,NA,60,NA,20,NA,NA,NA,45,7,NA,38,24,NA,31,NA,60,27,53,65,38,59,NA,NA,NA,NA,NA,NA,NA,23,NA,100,NA,NA,NA,79
"https://uploads6.wikiart.org/images/matsutani/bird(1).jpg!Large.jpg",44,NA,NA,NA,NA,60,NA,NA,61,0,NA,NA,15,NA,NA,NA,NA,NA,NA,NA,NA,NA,0,18,NA,65,NA,NA,46,NA,NA,NA,NA,NA,NA,79,69,NA,NA,NA,61,NA,62,NA,29,NA,NA,NA,NA,NA,NA,NA,NA,NA,0,NA,NA,NA,NA,42,NA,NA,25,NA,NA,NA,NA,NA,NA,NA,NA,NA,NA,NA,NA,51,NA,NA,NA,NA,40,NA,NA,NA,NA,NA,NA,57,NA,NA,18,15,NA,51,NA,0,NA,NA,NA,NA
"https://uploads8.wikiart.org/images/andre-pierre-arnal/ardoise.jpg",11,0,NA,NA,1,NA,22,82,NA,NA,NA,NA,NA,61,NA,NA,NA,NA,40,NA,NA,8,NA,NA,NA,NA,NA,NA,NA,NA,18,NA,NA,NA,NA,67,NA,NA,NA,77,44,17,NA,NA,NA,NA,NA,NA,NA,NA,NA,NA,86,NA,NA,11,NA,54,51,NA,0,NA,30,NA,NA,NA,NA,NA,NA,NA,44,NA,25,NA,NA,NA,NA,NA,NA,18,38,19,37,NA,NA,NA,NA,NA,NA,NA,86,NA,76,NA,NA,100,NA,19,NA,65
"https://uploads8.wikiart.org/images/asger-jorn/sm-ting-1940.jpg",NA,NA,NA,73,25,NA,NA,NA,NA,0,4,NA,NA,NA,59,NA,81,NA,41,NA,NA,NA,NA,NA,NA,79,NA,29,NA,NA,NA,NA,NA,NA,NA,NA,45,NA,NA,NA,NA,NA,17,93,NA,NA,NA,NA,21,75,NA,NA,NA,NA,51,35,NA,NA,NA,35,NA,NA,NA,NA,NA,NA,17,NA,NA,NA,NA,NA,NA,NA,34,NA,32,66,NA,NA,67,NA,NA,NA,26,70,NA,NA,NA,NA,NA,NA,74,NA,88,NA,60,16,NA,NA
"https://uploads8.wikiart.org/images/jean-fautrier/untitled-1943.jpg",NA,NA,82,7,73,NA,NA,NA,NA,NA,NA,NA,7,NA,NA,NA,NA,NA,NA,NA,NA,NA,NA,12,NA,85,NA,NA,NA,6,13,NA,NA,56,NA,39,NA,NA,NA,NA,NA,12,20,NA,NA,NA,NA,NA,NA,NA,NA,NA,NA,NA,NA,NA,13,NA,NA,NA,NA,NA,NA,NA,NA,65,NA,NA,NA,14,NA,NA,NA,NA,NA,NA,40,NA,NA,NA,73,NA,45,NA,NA,51,NA,NA,NA,NA,18,NA,NA,NA,NA,NA,NA,NA,NA,NA
"https://uploads8.wikiart.org/images/willi-baumeister/sun-figures-1944.jpg",39,0,82,NA,64,NA,29,41,60,0,NA,NA,NA,NA,NA,79,NA,NA,NA,100,59,61,NA,NA,23,NA,NA,NA,NA,31,NA,55,NA,NA,NA,NA,NA,86,74,NA,57,62,NA,NA,NA,NA,NA,NA,NA,NA,NA,NA,NA,NA,NA,44,NA,52,51,NA,1,3,7,NA,NA,46,NA,NA,NA,NA,65,NA,NA,NA,NA,NA,NA,47,67,58,NA,NA,NA,24,NA,75,75,NA,NA,NA,NA,NA,NA,NA,NA,0,NA,17,NA,61
"https://uploads8.wikiart.org/images/eugeniusz-ak/landscape-with-a-palace-1916.jpg",51,NA,76,NA,67,NA,NA,56,NA,NA,NA,99,NA,NA,NA,NA,NA,NA,NA,NA,NA,69,76,81,NA,100,56,62,NA,NA,NA,NA,NA,56,NA,59,NA,74,NA,NA,NA,NA,NA,NA,NA,59,NA,NA,NA,NA,68,55,NA,33,60,NA,76,NA,NA,65,NA,44,NA,59,NA,NA,61,NA,NA,NA,NA,NA,NA,NA,NA,NA,32,NA,NA,NA,59,74,NA,NA,NA,NA,NA,62,60,NA,38,59,81,NA,NA,NA,NA,NA,13,NA
"https://uploads7.wikiart.org/00333/images/gerda-wegener/an-elegant-young-lady-with-a-fur-hat-by-gerda-wegener-1918.jpg!HalfHD.jpg",NA,NA,NA,NA,NA,NA,NA,NA,NA,NA,NA,79,NA,NA,73,NA,84,63,NA,NA,100,NA,NA,NA,NA,NA,NA,23,NA,NA,77,NA,58,NA,NA,NA,NA,NA,NA,NA,70,NA,NA,80,NA,51,NA,NA,NA,30,NA,NA,81,7,NA,64,NA,NA,100,NA,NA,NA,NA,NA,NA,NA,NA,NA,NA,NA,NA,NA,NA,NA,NA,69,69,NA,NA,80,76,NA,68,NA,NA,NA,66,NA,NA,NA,72,NA,NA,76,NA,NA,68,NA,NA,80
"https://uploads8.wikiart.org/images/jean-dupas/la-danseuse-et-les-deux-pigeons-1919.jpg",34,NA,NA,NA,NA,NA,NA,48,NA,NA,60,NA,NA,NA,NA,67,NA,NA,NA,NA,NA,NA,NA,NA,NA,NA,NA,NA,82,NA,84,NA,NA,NA,79,NA,NA,NA,NA,NA,NA,NA,64,NA,NA,NA,93,NA,74,NA,62,NA,30,NA,NA,NA,64,NA,28,64,NA,NA,NA,NA,NA,NA,NA,NA,NA,NA,NA,0,NA,NA,NA,NA,NA,56,55,NA,NA,NA,48,66,NA,68,NA,NA,77,NA,86,88,NA,90,NA,NA,51,NA,NA,NA
"https://uploads0.wikiart.org/00230/images/archibald-motley/self-portrait.jpg!Large.jpg",NA,10,NA,72,NA,NA,NA,NA,NA,0,63,NA,NA,26,NA,95,NA,53,NA,0,NA,NA,NA,NA,NA,NA,NA,NA,NA,NA,24,NA,NA,NA,NA,76,NA,NA,NA,NA,NA,NA,NA,NA,NA,NA,82,34,NA,51,45,30,NA,NA,NA,NA,51,NA,NA,40,NA,NA,NA,NA,NA,NA,NA,50,NA,NA,48,NA,26,NA,100,NA,NA,NA,NA,80,NA,52,45,NA,54,NA,NA,34,NA,NA,70,NA,NA,NA,34,5,NA,NA,NA,NA
"https://uploads5.wikiart.org/00333/images/gerda-wegener/three-women-under-an-umbrella-c-1920.jpg!Portrait.jpg",NA,NA,NA,NA,NA,NA,NA,NA,NA,NA,26,NA,68,NA,NA,41,80,NA,84,33,NA,NA,NA,33,88,NA,5,NA,88,NA,NA,NA,58,NA,NA,29,NA,82,NA,NA,NA,NA,53,NA,NA,22,NA,30,13,NA,NA,NA,NA,NA,NA,27,52,NA,51,65,NA,NA,NA,NA,NA,NA,8,75,21,NA,NA,NA,NA,NA,50,NA,NA,NA,NA,NA,59,91,NA,51,NA,64,NA,67,95,NA,NA,NA,NA,NA,NA,NA,0,NA,NA,NA
"https://uploads8.wikiart.org/images/cassandre/au-bucheron-1923.jpg",NA,55,NA,NA,NA,NA,NA,NA,NA,NA,NA,NA,NA,NA,NA,NA,80,NA,NA,NA,55,76,43,NA,NA,NA,NA,0,NA,NA,18,NA,NA,NA,NA,NA,NA,70,75,NA,NA,NA,NA,NA,NA,91,NA,NA,31,NA,66,NA,23,69,52,45,NA,53,23,NA,46,NA,53,NA,NA,55,NA,NA,81,17,51,NA,NA,NA,NA,55,NA,NA,NA,NA,NA,NA,NA,NA,28,NA,64,NA,77,NA,NA,NA,NA,NA,NA,NA,NA,NA,NA,NA
"https://uploads1.wikiart.org/00452/images/jean-dupas/42-medium.jpg!Large.jpg",51,6,NA,75,NA,NA,NA,NA,7,NA,37,73,23,NA,86,82,NA,NA,NA,NA,NA,47,NA,NA,41,NA,NA,61,NA,NA,85,56,NA,45,NA,NA,28,NA,NA,NA,NA,NA,62,NA,55,NA,NA,NA,NA,36,NA,NA,23,NA,NA,21,80,NA,NA,54,NA,5,NA,NA,NA,68,68,NA,NA,NA,51,0,52,NA,32,NA,NA,87,63,65,NA,NA,NA,64,NA,73,NA,NA,NA,NA,NA,NA,78,NA,NA,NA,35,33,NA,94
"https://uploads8.wikiart.org/images/rene-magritte/bather-1925(1).jpg!Large.jpg",NA,0,51,68,16,NA,57,NA,NA,0,0,NA,NA,NA,71,24,92,NA,NA,14,91,NA,NA,NA,20,100,12,NA,NA,NA,15,57,15,NA,NA,NA,20,NA,72,NA,NA,NA,NA,NA,NA,NA,NA,NA,19,51,NA,NA,27,39,NA,NA,NA,NA,NA,NA,NA,NA,NA,NA,NA,83,NA,NA,NA,40,NA,NA,NA,NA,49,NA,32,NA,68,NA,31,NA,NA,NA,NA,NA,NA,29,72,NA,NA,38,62,NA,41,NA,0,NA,NA,38
"https://uploads8.wikiart.org/images/cassandre/le-nouvelliste-1924.jpg",NA,20,NA,NA,88,NA,NA,NA,NA,NA,57,37,NA,NA,NA,NA,NA,NA,NA,NA,NA,NA,NA,26,NA,NA,NA,14,29,NA,NA,NA,46,NA,74,NA,NA,79,50,NA,52,NA,NA,51,NA,NA,NA,NA,NA,NA,NA,43,NA,NA,NA,47,NA,NA,NA,NA,NA,NA,NA,NA,NA,NA,NA,NA,NA,65,58,NA,67,NA,NA,58,NA,NA,55,25,NA,NA,NA,15,NA,63,43,NA,89,35,NA,NA,80,NA,NA,NA,NA,17,NA,NA
"https://uploads8.wikiart.org/images/tamara-de-lempicka/portrait-of-marquis-sommi-1925.jpg",51,NA,44,74,NA,59,NA,NA,27,NA,NA,NA,NA,NA,NA,NA,NA,41,NA,NA,NA,NA,NA,NA,96,NA,10,NA,6,NA,80,NA,35,57,NA,NA,NA,NA,NA,24,NA,NA,NA,NA,36,NA,NA,NA,14,NA,NA,NA,87,NA,NA,56,NA,NA,0,21,NA,NA,60,12,49,60,78,NA,NA,65,NA,NA,NA,NA,NA,NA,NA,NA,NA,NA,NA,82,NA,36,31,69,NA,25,NA,NA,NA,NA,NA,NA,NA,NA,NA,NA,30,63
"https://uploads8.wikiart.org/images/enrico-castellani/untitled.jpg",67,0,NA,50,NA,0,NA,NA,NA,NA,0,NA,NA,NA,NA,NA,NA,NA,18,NA,NA,NA,NA,3,NA,100,NA,NA,NA,NA,22,52,26,NA,NA,NA,26,37,NA,NA,NA,NA,12,NA,2,0,2,NA,0,NA,NA,NA,76,4,NA,NA,NA,NA,NA,NA,NA,NA,NA,NA,NA,6,1,50,NA,NA,NA,NA,27,NA,NA,NA,NA,NA,56,NA,NA,0,NA,NA,NA,NA,62,NA,NA,0,28,7,41,NA,NA,100,NA,NA,13,NA
"https://uploads8.wikiart.org/images/agostino-bonalumi/verde-3000.jpg",NA,NA,60,NA,23,NA,32,67,NA,0,0,NA,NA,NA,NA,37,79,NA,NA,NA,0,NA,18,NA,NA,NA,NA,NA,26,NA,NA,NA,NA,70,NA,NA,26,NA,50,65,NA,NA,NA,NA,NA,11,NA,NA,NA,NA,NA,56,89,17,65,44,NA,55,0,NA,NA,NA,NA,NA,33,NA,NA,NA,26,NA,NA,NA,NA,NA,51,51,NA,NA,NA,NA,58,NA,NA,NA,NA,NA,NA,NA,NA,NA,NA,NA,76,11,NA,NA,NA,29,39,NA
"https://uploads8.wikiart.org/images/lucio-fontana/deposition.jpg",NA,NA,NA,NA,47,1,NA,NA,NA,NA,NA,51,0,61,NA,73,NA,NA,NA,NA,NA,NA,20,NA,NA,NA,17,NA,NA,NA,NA,NA,NA,NA,29,NA,NA,100,NA,NA,36,NA,NA,NA,NA,0,NA,NA,NA,NA,13,24,NA,NA,NA,NA,NA,7,NA,1,0,1,NA,NA,NA,NA,69,NA,NA,NA,NA,NA,NA,25,NA,24,77,NA,43,NA,34,NA,41,NA,NA,NA,60,NA,NA,8,NA,NA,NA,NA,NA,100,3,NA,7,60
"https://uploads8.wikiart.org/images/piero-manzoni/achrome-1958-1.jpg",NA,NA,NA,4,41,NA,NA,18,NA,NA,NA,NA,3,NA,NA,NA,76,73,16,NA,NA,NA,NA,NA,NA,NA,NA,NA,NA,NA,78,54,NA,NA,81,NA,NA,NA,NA,NA,NA,NA,NA,NA,6,NA,NA,NA,NA,51,NA,17,35,NA,NA,NA,NA,NA,51,NA,2,NA,2,54,15,11,NA,8,NA,NA,NA,NA,NA,46,NA,45,NA,NA,NA,NA,33,NA,NA,NA,NA,NA,63,NA,NA,NA,28,0,34,30,NA,0,NA,NA,NA,51
"https://uploads8.wikiart.org/images/dadamaino/volume-1958.jpg",NA,19,NA,NA,NA,15,NA,NA,NA,NA,NA,64,0,NA,NA,34,91,63,NA,NA,NA,76,69,NA,NA,NA,NA,NA,NA,NA,NA,57,30,43,20,42,38,NA,NA,NA,NA,28,NA,NA,NA,NA,NA,NA,NA,77,NA,NA,NA,NA,57,NA,NA,61,NA,NA,NA,6,8,4,NA,NA,23,NA,17,NA,3,49,NA,16,25,0,77,NA,NA,NA,81,NA,NA,NA,NA,NA,44,NA,NA,NA,NA,NA,35,NA,NA,NA,2,NA,NA,NA
"https://uploads8.wikiart.org/images/alberto-burri/iron-1960.jpg",NA,0,NA,NA,61,29,20,26,71,0,NA,NA,NA,NA,NA,NA,43,NA,55,NA,NA,NA,55,NA,14,NA,NA,0,NA,NA,NA,58,NA,NA,NA,NA,51,76,NA,80,NA,NA,NA,76,4,NA,NA,10,10,NA,50,NA,NA,NA,NA,NA,NA,NA,NA,42,NA,NA,NA,NA,NA,29,18,NA,NA,7,NA,NA,27,31,NA,1,41,NA,NA,NA,NA,NA,NA,NA,NA,NA,NA,NA,NA,NA,39,35,NA,NA,NA,NA,NA,13,NA,51
"https://uploads8.wikiart.org/images/paolo-scheggi/volumi-blu-1964.jpg",51,NA,NA,62,NA,NA,NA,NA,NA,0,NA,NA,NA,NA,35,NA,51,75,22,NA,NA,NA,51,NA,21,NA,69,NA,13,NA,NA,NA,NA,NA,NA,NA,NA,79,50,NA,NA,NA,39,NA,NA,0,99,9,NA,NA,NA,9,NA,15,NA,NA,51,NA,NA,33,58,13,0,NA,NA,18,NA,NA,74,NA,NA,NA,NA,29,NA,49,NA,45,NA,14,NA,5,NA,NA,51,67,NA,NA,35,NA,NA,17,NA,NA,35,NA,NA,NA,NA,NA
"https://uploads8.wikiart.org/images/enrico-castellani/dittico-rosso-1966.jpg",NA,NA,51,NA,36,NA,NA,17,55,NA,NA,NA,30,0,NA,NA,NA,NA,NA,NA,NA,NA,NA,NA,75,NA,NA,NA,NA,37,14,NA,NA,NA,70,NA,NA,NA,NA,NA,NA,NA,NA,77,NA,NA,NA,0,NA,48,15,NA,74,NA,NA,NA,NA,44,NA,NA,NA,NA,NA,NA,NA,NA,14,73,NA,NA,NA,NA,NA,NA,NA,NA,66,NA,25,NA,64,NA,NA,NA,NA,59,NA,NA,NA,NA,37,NA,65,NA,NA,NA,NA,NA,NA,NA
"https://uploads8.wikiart.org/images/agostino-bonalumi/bianco-1966.jpg",57,NA,NA,4,33,NA,NA,NA,55,0,NA,NA,NA,NA,NA,NA,77,NA,NA,NA,NA,NA,10,17,NA,100,88,NA,NA,11,20,NA,NA,58,NA,61,NA,NA,NA,NA,NA,NA,NA,NA,5,NA,NA,NA,NA,NA,NA,NA,NA,NA,0,5,NA,NA,81,NA,NA,NA,19,NA,NA,NA,NA,NA,100,14,NA,NA,50,NA,NA,NA,67,45,NA,NA,NA,0,55,NA,NA,NA,66,NA,NA,3,34,NA,NA,NA,25,NA,NA,NA,NA,NA
"https://uploads8.wikiart.org/images/turi-simeti/forme-ovali-al-negativo-1966.jpg",NA,NA,NA,NA,26,NA,15,NA,0,NA,11,NA,63,NA,NA,NA,NA,NA,NA,13,0,NA,NA,NA,NA,NA,NA,0,NA,NA,NA,NA,NA,NA,NA,NA,NA,NA,51,NA,32,NA,29,NA,NA,NA,NA,NA,54,NA,NA,19,19,0,NA,NA,19,NA,NA,NA,35,NA,21,11,NA,NA,NA,50,0,NA,5,NA,NA,19,12,51,35,32,NA,NA,26,NA,NA,NA,NA,NA,NA,NA,NA,NA,NA,NA,NA,NA,NA,NA,0,NA,NA,45
